Date,Close,High,Low,Open,Volume,Adj Close
2023-10-26,469.4480895996094,479.9155650408342,446.47922021540126,473.51601743955615,5429213,
2023-10-27,478.3776550292969,492.0697020734333,474.2105339731926,474.2601306619475,1272674,
2023-10-30,468.90240478515625,481.99911040802687,466.3227410131513,481.7014697061382,687495,
2023-10-31,459.03021240234375,473.0694965036819,456.648996099304,468.3566605852208,552939,
2023-11-01,440.6253662109375,461.0145708325573,439.5339665587545,459.8735744920603,449088,
2023-11-02,449.5549621582031,456.15292665658217,442.5105063378698,442.5105063378698,446624,
2023-11-03,445.8342895507813,452.9283418615254,444.2963985907571,452.9283418615254,173842,
2023-11-06,462.60205078125,468.9023743114586,451.4400710036863,451.4400710036863,541066,
2023-11-07,468.0094299316406,474.5577672892866,458.0380429937552,464.2391429754718,417476,
2023-11-08,466.5707702636719,471.23400963779886,464.33837423370215,468.30707828698166,205060,
2023-11-09,457.0955200195313,470.093002099055,451.48970109346544,467.3149212604111,224601,
2023-11-10,445.8342895507813,456.3513611568872,444.941337210759,456.3513611568872,136837,
2023-11-13,449.9518127441406,455.3591840165362,448.1162811016608,455.3591840165362,117007,
2023-11-15,442.8081359863281,454.664651279051,441.5679159882947,450.5471269413418,445709,
2023-11-16,446.6776428222656,452.7298921383917,437.59920829046,444.7924842181652,549277,
2023-11-17,443.6018981933594,447.9674665625706,440.5757432087633,444.842118200454,202678,
2023-11-20,437.5992126464844,445.09015961305073,434.8707286467462,443.50267195744135,176933,
2023-11-21,433.5809326171875,441.4687443037839,432.58875657000857,437.5496368059032,136098,
2023-11-22,452.48187255859375,454.4166279550793,431.6461756436229,431.6461756436229,439152,
2023-11-23,461.7586975097656,464.5368084359321,447.4713693769936,447.66981668557975,280227,
2023-11-24,464.9832763671875,468.80316002313776,460.4688876784881,465.3305440229664,203530,
2023-11-28,461.064208984375,467.4637261513479,455.2103462385176,464.3383777415417,94064,
2023-11-29,462.10595703125,465.3305289267982,456.4505419029194,459.52629345905,193380,
2023-11-30,455.3591918945313,466.4219483501117,452.43226055354944,462.4036173423837,276239,
2023-12-01,483.3385314941406,487.1584151431839,452.7795228594114,456.50018285286745,900544,
2023-12-04,474.3097229003906,493.1114701410339,471.6804625660643,493.1114701410339,231147,
2023-12-05,460.9153442382813,478.1792306946432,459.2782599098492,476.5917430542089,170868,
2023-12-06,454.4165954589844,465.33053115778097,453.4244194863665,461.3618272673095,130060,
2023-12-07,456.2521362304688,461.1633892263126,447.4713726406282,454.4166045884872,125963,
2023-12-08,454.6150817871094,459.6255587673829,452.43228234846544,455.9048985507015,113647,
2023-12-11,466.5211791992188,472.2757880343318,455.4087956045343,456.3513749400761,184189,
2023-12-12,459.0798645019531,471.2836176474041,456.7978414492167,467.36451018912817,87039,
2023-12-13,458.3357238769531,465.3305526961498,454.41661649218895,465.3305526961498,105712,
2023-12-14,453.3748474121094,463.29660767692144,451.6881360555676,456.4505688711536,186893,
2023-12-15,475.3515319824219,485.5709327639156,454.5158357927749,459.2286718356712,588267,
2023-12-18,469.29925537109375,481.2053675580983,463.7926905961278,475.2027147753405,291382,
2023-12-19,483.189697265625,500.850417415556,469.2992336892005,469.2992336892005,763506,
2023-12-20,463.8918762207031,486.76155116492725,458.3853115377792,486.76155116492725,372007,
2023-12-21,481.1557922363281,482.1975649874311,458.4845632176797,464.3383959138226,186451,
2023-12-22,518.6104125976562,524.6626620362993,479.2706095736235,484.8764282538098,2020801,
2023-12-26,542.3234252929688,549.6655525647162,508.53984161960415,526.8455025484915,1783205,
2023-12-27,546.9866333007812,559.8849216925098,539.2972690672508,553.4853741866284,1134634,
2023-12-28,540.2398071289062,550.2111633583302,537.3128759521303,549.6654786949754,353725,
2023-12-29,533.9395751953125,545.3495999768437,530.0204676153493,545.3495999768437,209249,
2024-01-01,521.8845825195312,535.775046693055,516.9237024575585,535.427809311764,227444,
2024-01-02,516.5267944335938,522.6782976624262,505.2656212080178,521.6861216757635,300810,
2024-01-03,530.0700073242188,538.7515469855887,508.98626814660594,515.9314998757019,341824,
2024-01-04,527.9368286132812,541.8769499448299,520.8924031931448,530.8141632539666,231954,
2024-01-05,526.2501831054688,537.9082512933807,523.7200858185934,533.7906966039645,133377,
2024-01-08,537.8089599609375,545.3991301785488,524.1665406896593,525.8532519110856,273567,
2024-01-09,531.2110595703125,550.0127464993222,527.9368302937253,545.696805082174,221191,
2024-01-10,533.6914672851562,539.8925669675102,523.868901165262,535.5765652540234,151704,
2024-01-11,533.145751953125,540.6863259241316,529.9708371838775,535.7750425888767,102470,
2024-01-12,540.7359008789062,543.6132354002069,529.8219652648365,535.775021054329,286576,
2024-01-15,540.7359008789062,540.7359008789062,540.7359008789062,540.7359008789062,0,
2024-01-16,536.5191650390625,557.454054144401,531.3598377944775,547.6811448942441,234602,
2024-01-17,531.60791015625,535.278973616021,518.3623842444065,529.2267239946615,206040,
2024-01-18,531.5582885742188,538.1562831547429,518.4119566589441,536.7672125406483,121606,
2024-01-19,523.521728515625,538.4539662848991,521.5869730640637,537.4617902130852,148408,
2024-01-23,499.8086853027344,530.814186872383,496.5841131394909,523.8689545207816,162316,
2024-01-24,508.1925659179688,518.9080547457454,496.0880064490874,505.01759056517096,162625,
2024-01-25,504.2238464355469,529.7227812982063,501.2969151755469,525.8532707432754,186465,
2024-01-29,503.92620849609375,510.8714711077705,501.5945887285836,510.8714711077705,104203,
2024-01-30,521.7357177734375,530.4669148922871,501.2473200065955,503.1324483233609,286609,
2024-01-31,534.9317016601562,536.7176063053554,520.3962993893429,521.6861160465635,192706,
2024-02-01,595.5040283203125,610.1882205404958,533.04653900062,534.9316975635473,1487404,
2024-02-02,584.590087890625,603.2429838317958,573.4777050243058,600.1672625780677,694523,
2024-02-05,584.6397094726562,602.2508335170171,578.4386094570363,587.2193428561072,356809,
2024-02-06,578.289794921875,590.0471176197784,575.4621173613376,588.2612128153537,169830,
2024-02-07,560.9763793945312,582.5562091168159,554.7752788996219,582.4073584818893,145032,
2024-02-08,584.1932373046875,589.2533714178302,558.9423451020587,561.5716358178934,318252,
2024-02-09,575.809326171875,595.3056090927084,563.555976607764,585.3838489411633,212908,
2024-02-12,519.4537353515625,579.9764716618447,508.4902026068791,559.6864602463004,271864,
2024-02-13,530.0700073242188,543.365189428677,509.53195281379766,525.8532594886962,165384,
2024-02-14,545.69677734375,565.3418492166021,515.4850072865595,520.9419750599969,183101,
2024-02-15,572.6343994140625,583.9947661043064,544.2581296385099,545.6967969419712,270268,
2024-02-16,559.8848876953125,583.7963649041413,555.6185431363245,576.4542385039367,105645,
2024-02-19,564.448974609375,574.8668230520827,555.8666276216202,560.3314198113521,111186,
2024-02-20,559.0415649414062,573.5273099460045,558.1485823413134,569.509009360818,57768,
2024-02-21,539.4461059570312,566.4829020896229,537.759394637236,563.5559707637454,112433,
2024-02-22,541.7280883789062,547.681144295158,528.780203872582,539.5452890980906,92515,
2024-02-23,541.9761962890625,554.6264416029032,534.7829195419765,545.6968566754863,176287,
2024-02-26,569.4594116210938,583.1018312452014,544.7046089916444,545.6967849643067,346999,
2024-02-27,557.4044799804688,592.3290882501237,542.3233922552065,573.2792964159829,224886,
2024-02-28,548.8222045898438,565.9372413996191,540.7359455842062,561.2740018674607,112330,
2024-02-29,555.3209228515625,560.2322061943943,538.7515714344134,541.8272928309735,103392,
2024-03-01,560.0833129882812,565.2426399404399,550.6576416448115,565.2426399404399,46380,
2024-03-04,560.728271484375,566.2844326716863,550.7072578918401,550.7072578918401,90098,
2024-03-05,542.5714111328125,559.1407621314946,538.5531105202043,553.0389161812722,61818,
2024-03-06,505.5632934570313,542.6211052071377,501.04890454738575,542.5714479586112,294194,
2024-03-07,514.3936157226562,517.9158281126663,483.388118350011,510.5241054275053,417366,
2024-03-11,491.6231994628906,513.3022204633844,489.1427595059639,502.6859556150225,93700,
2024-03-12,468.0590515136719,504.3230740239278,461.80835451118185,504.3230740239278,231844,
2024-03-13,442.014404296875,479.96513597892994,436.5574363425926,472.2757720433502,330785,
2024-03-14,469.79534912109375,478.3776657050309,436.25981149599033,450.3983198908701,155060,
2024-03-15,481.6022338867188,485.0748499555253,458.3357243930007,476.244489436322,111521,
2024-03-18,482.49517822265625,486.0670178897753,469.9441578385098,485.8686008564296,65382,
2024-03-19,475.6987915039063,482.6440234483148,466.918027918428,482.49517282645934,47783,
2024-03-20,479.2706298828125,488.5474820262405,464.6360331134999,477.2366810874152,78966,
2024-03-21,493.706787109375,500.0567074980327,480.2131873592219,488.1505954147462,119730,
2024-03-22,489.1923828125,500.0567225265349,485.3229023249018,500.0567225265349,28547,
2024-03-26,458.9309997558594,486.1662432494165,453.0771673724955,486.1662432494165,166946,
2024-03-27,476.59173583984375,484.4299199897536,459.3774766108672,459.3774766108672,131983,
2024-03-28,465.628173828125,490.13493256805066,463.3461811928738,478.2784175330696,168770,
2024-04-01,476.145263671875,481.2053674055092,469.3984788795688,472.6230509291933,35915,
2024-04-02,479.5682678222656,483.983432782861,475.351519891144,476.14524856665537,38834,
2024-04-03,490.0357055664063,495.0958090695722,479.5682611935927,483.983426093161,83818,
2024-04-04,482.8424377441406,497.12976589308175,481.2053534222801,497.12976589308175,30401,
2024-04-05,496.3360595703125,504.819152524908,472.4246111644366,482.84245949124977,145986,
2024-04-08,491.5736083984375,501.34651771747593,488.4978567609028,496.3856377468744,58561,
2024-04-09,477.4847106933594,496.08801110998377,474.30973531073175,491.6232190099939,65030,
2024-04-10,482.2967529296875,486.1662332199623,476.2940700461153,479.1714046290351,51738,
2024-04-12,474.3593444824219,484.1322839903957,471.8789045199315,484.1322839903957,51919,
2024-04-15,460.27044677734375,472.2757826009016,454.61506166558473,470.48987788746376,94831,
2024-04-16,461.36181640625,472.0773045467433,459.1790172063536,465.330520203293,67473,
2024-04-18,462.2052001953125,471.4820519421869,460.3696685215231,466.3227245799911,54145,
2024-04-19,554.6263427734375,554.6263427734375,461.3618057059901,464.3383334847384,2125625,
2024-04-22,599.7208251953125,635.9848476908072,576.8511793672529,588.3603973177046,2771883,
2024-04-23,572.783203125,607.4597670683554,568.8640957420675,600.2168942479085,392170,
2024-04-24,585.9295043945312,595.1071320766598,556.8587607129336,581.3159224888951,272640,
2024-04-25,571.3941650390625,586.326401268017,565.5403025961614,585.9295066571841,93482,
2024-04-26,563.4071655273438,583.399537858996,555.6186074847582,572.5847943116902,103601,
2024-04-29,549.0205688476562,570.5012036064957,545.6968034496915,570.4020102289155,87761,
2024-04-30,531.9055786132812,560.5794918905552,526.0021793129214,551.1538190180592,174793,
2024-05-02,527.341552734375,539.694156250495,525.6052447056165,539.694156250495,78568,
2024-05-03,565.6395263671875,582.8042200074782,529.87159285728,533.7907002588079,595047,
2024-05-06,556.0650634765625,570.8981071125886,543.7124598948011,570.8981071125886,129621,
2024-05-07,557.6525268554688,570.798859283745,547.9292138502298,559.5872822300219,161349,
2024-05-08,562.0181274414062,567.4254989466062,544.3574061203731,560.5794600783538,129864,
2024-05-09,546.0440063476562,570.5011675809094,528.2344966057866,557.6524769995209,109836,
2024-05-10,551.7987060546875,559.7857107349373,533.9395380730826,547.5819580590307,122593,
2024-05-13,556.1642456054688,559.587264922636,535.1301022592646,550.6080842193547,86634,
2024-05-14,551.5506591796875,567.97115976565,548.7229212627709,564.4985437873297,48059,
2024-05-15,552.2451782226562,563.4568162979963,550.65772072829,555.6186010952116,40299,
2024-05-16,571.6422119140625,585.4830183118295,546.9866026139082,555.6185457033222,207743,
2024-05-17,559.736083984375,578.4385763375965,550.7072465440226,575.4620485005248,73861,
2024-05-21,561.5220336914062,573.3288920591949,546.688990000027,573.2792953694483,86810,
2024-05-22,529.7227783203125,554.2791337499947,522.6782925493493,541.7280834184442,285178,
2024-05-23,512.7069702148438,533.7907111283714,511.0698555208631,533.7907111283714,118801,
2024-05-24,483.63623046875,514.9393729149662,465.4297937906573,514.9393729149662,460661,
2024-05-27,476.2444763183594,491.9208448856487,472.970307655194,486.1662362416585,181278,
2024-05-28,465.628173828125,480.16357611214687,462.3540052160154,478.6753121468593,142425,
2024-05-29,463.6934814453125,473.01993022781255,460.3696856333613,465.6282065689425,150275,
2024-05-30,452.035400390625,469.993792393404,449.9518246946015,464.33837697259867,121281,
2024-05-31,471.630859375,473.7640316817846,453.5236476929213,456.3017283326211,116325,
2024-06-03,478.2784423828125,498.0723662610866,472.5734302194634,496.0880142042696,95622,
2024-06-04,439.236328125,481.2549575797727,429.8106561075434,481.2549575797727,289670,
2024-06-05,440.3773193359375,446.4295989323302,428.2231634551621,446.4295989323302,149487,
2024-06-06,451.4400939941406,459.32790555017743,446.975301855737,446.975301855737,306983,
2024-06-07,471.630859375,475.3018923432599,452.680292051967,460.3696559169593,365004,
2024-06-10,467.16607666015625,496.0880010665759,462.602060994582,480.8580933780703,305530,
2024-06-11,463.9415283203125,470.6387166763555,462.3540405801551,468.40632055767446,131817,
2024-06-12,461.312255859375,469.9937960955159,457.1451044345036,464.6856482953707,116341,
2024-06-13,464.9336853027344,468.0590336849324,462.4036183047196,465.72741400085135,102201,
2024-06-14,475.6987915039063,477.6335165211351,464.3383642833146,466.86840095154014,153705,
2024-06-18,467.41412353515625,480.61005233315495,465.38014455098966,476.2444839526838,219678,
2024-06-19,466.372314453125,477.236653712575,464.73523011673336,470.6882860882,218100,
2024-06-20,463.4949951171875,470.19218286826833,461.3618228522344,470.19218286826833,105203,
2024-06-21,465.2313232421875,470.539470931014,461.51066321901135,464.4871912375523,82542,
2024-06-24,458.2861022949219,466.3227341953266,457.39314992350126,466.12428687776224,106981,
2024-06-25,460.1216125488281,462.5524558209867,456.4009526090802,459.9727922069998,86513,
2024-06-26,458.0876770019531,463.34619775575175,457.3931416818021,461.2626220741076,57432,
2024-06-27,447.6202087402344,461.36185277654494,446.08234800916966,458.1372806872465,133772,
2024-06-28,445.18939208984375,449.6045572096176,442.06401340517016,449.3565132047266,116096,
2024-07-01,469.1007995605469,473.1687272065274,447.4713749240772,447.4713749240772,348014,
2024-07-02,464.6856384277344,473.26795482316845,458.9309994261213,472.2757788172498,162058,
2024-07-03,462.4532470703125,468.703943859007,459.8735833731908,468.3070795084057,96679,
2024-07-04,465.4793701171875,467.7613931127746,460.5681170235625,463.34619774649326,92787,
2024-07-05,461.85791015625,470.29140583042425,459.6751109290584,470.29140583042425,118327,
2024-07-08,455.0119018554688,466.1738814188065,447.9674464752897,461.8579099318878,116018,
2024-07-09,457.1947021484375,464.2391580115903,454.26780102955377,464.2391580115903,96904,
2024-07-10,451.8369445800781,464.7848595541215,449.30690789028097,464.7848595541215,109107,
2024-07-11,451.6881103515625,457.4427188661549,450.2990700492962,451.7377070385404,98277,
2024-07-12,448.6022033691406,456.565850713109,446.9099465358896,454.873593879858,126507,
2024-07-15,465.3258972167969,467.16746642607154,450.6926825613117,451.9370025021215,332323,
2024-07-16,464.7286071777344,469.8551991434552,457.9594886237489,469.8551991434552,156749,
2024-07-18,460.7467651367188,467.4660923996794,456.5160776007805,464.6787976780725,103697,
2024-07-19,450.34423828125,462.83722792035286,449.7469586718394,462.83722792035286,64115,
2024-07-22,446.1633605957031,450.74243357692393,443.2267534465729,448.4528970863136,80189,
2024-07-23,444.5706176757813,453.9278972001797,434.0685395461104,452.832889617995,94686,
2024-07-24,448.95062255859375,453.4301742249212,444.9687988551916,444.9687988551916,60914,
2024-07-25,451.6383666992188,456.8645103213814,443.4258552929631,450.8917747531955,69921,
2024-07-26,458.3078918457031,462.886995077085,450.4437962846903,451.68811616392975,122617,
2024-07-29,453.8283386230469,464.5792805677552,449.249235408388,460.89608158709615,92691,
2024-07-30,454.9233703613281,458.6065695376973,451.5885868441677,455.2219949955614,54002,
2024-07-31,459.900634765625,464.3801864029525,456.2672267355734,457.9097229268127,140896,
2024-08-01,452.6338195800781,462.6879000823829,451.936988283586,462.6879000823829,82819,
2024-08-02,448.7017517089844,454.6744871726647,446.1135602656089,449.2492403082604,65730,
2024-08-05,446.8601684570313,453.92791175531823,437.2042640001052,443.226760326876,154390,
2024-08-06,447.2085571289063,452.4347005344193,446.5117258566101,450.9415167042728,57791,
2024-08-07,450.8419799804688,462.887002685264,446.6610833448474,452.7333401522192,83052,
2024-08-08,443.6747131347656,453.8781362558736,443.0276424873773,453.8781362558736,105417,
2024-08-09,444.6203918457031,452.9324550638648,442.9778956119118,450.9415431734742,38008,
2024-08-12,437.50286865234375,447.9551556167342,436.4078610850555,447.9551556167342,98737,
2024-08-13,435.4124145507813,444.620381836551,434.0685429792395,441.7833263808304,63543,
2024-08-14,430.1365051269531,442.977880300328,426.4035454615009,440.7878651450346,71199,
2024-08-16,406.6437377929688,427.9464881156447,402.16418621385407,427.9464881156447,311999,
2024-08-19,410.376708984375,419.0869484109688,407.738756833816,412.765797151317,113459,
2024-08-20,411.1730651855469,419.1367127311149,409.1323926535569,414.0101206994364,132173,
2024-08-21,411.0735473632813,418.3901243043907,408.33604349639126,414.05991521807033,294809,
2024-08-22,420.6298828125,430.2360566515433,408.6844118870031,415.60284261624815,901236,
2024-08-23,416.20013427734375,426.2542453395772,414.159431374533,422.9194618672996,197309,
2024-08-26,417.9421691894531,427.84693725002586,415.5032900624755,422.5212724435663,303004,
2024-08-27,411.1730651855469,424.7112720887934,409.1821532991549,420.9285516562104,278374,
2024-08-28,410.6255798339844,415.9014842233197,409.8789878706498,414.1096756628788,119155,
2024-08-29,412.4671630859375,414.2589715754242,408.1369237942905,409.1821403500072,88108,
2024-08-30,421.4760437011719,425.0099305556007,412.7160434813658,414.8562677008623,171307,
2024-09-02,429.09124755859375,449.9460605242779,422.8696482703709,423.0687515991551,355401,
2024-09-03,427.4487609863281,436.00968787425165,425.6071614800284,430.0369524239194,109080,
2024-09-04,421.37646484375,428.0460314386576,418.6389611543167,426.05511966452434,72726,
2024-09-05,423.6162414550781,428.0460323131357,420.2814885297144,427.69761667617,95903,
2024-09-06,428.34466552734375,444.7199273833392,416.8969225728761,424.9601215122384,312802,
2024-09-09,418.2905883789063,429.6885403985966,417.0960291272191,429.6885403985966,147599,
2024-09-10,443.5253601074219,450.64289403157824,417.09601835150687,422.72033806017976,1208904,
2024-09-11,457.1133728027344,469.3574685257578,443.9235817996245,443.97334244430107,853132,
2024-09-12,450.6429138183594,462.23996938255686,447.95517064294,459.20381055418994,206998,
2024-09-13,456.0183715820313,466.1720039291565,445.1181169019966,448.502661017705,248319,
2024-09-16,444.27197265625,461.6426909133378,438.7969650012131,460.5476833065496,192737,
2024-09-17,446.2131042480469,450.74241641177537,438.9960490203874,447.9551520616199,383291,
2024-09-18,463.733154296875,475.8279378548524,449.39859488079423,452.5840356516431,619770,
2024-09-19,449.0501708984375,468.7104252882568,444.0231002828123,465.7738181772033,255060,
2024-09-20,443.5751647949219,457.6110993669771,439.8422050884659,456.71516473430455,191408,
2024-09-23,453.6790466308594,458.9051903386202,443.9733511735892,444.8692554477102,326951,
2024-09-24,448.8013000488281,455.570388039258,446.511733244048,455.570388039258,138954,
2024-09-25,444.4212951660156,453.8781261406765,442.9778719709536,451.4392470535448,119315,
2024-09-26,438.6476440429688,448.1044752607791,438.00060377226777,442.0321880872465,76578,
2024-09-27,437.2042541503906,443.9733422847854,435.3626546144599,441.9824304359747,69946,
2024-09-30,431.4803771972656,438.0006012691426,428.0460421493893,438.0006012691426,81751,
2024-10-01,443.3760681152344,447.9551714996786,431.0324205763574,431.0324205763574,123353,
2024-10-03,430.982666015625,441.33540182732816,429.0415147601598,431.82877927061287,101838,
2024-10-04,424.0144653320313,434.16809758582696,420.87875485090944,430.9826568386947,89913,
2024-10-07,408.7341918945313,431.4305738897493,406.2455521854546,427.0505740775549,129468,
2024-10-08,420.6298828125,428.0460414969741,406.1460114668964,408.1369232878125,104306,
2024-10-09,415.6028442382813,424.661499134585,413.9105570323364,424.661499134585,77236,
2024-10-10,420.58013916015625,426.00538624289646,418.0914992834689,418.19105095431735,58289,
2024-10-11,420.8787536621094,425.0099200610858,418.1412498636524,421.0778569990133,40769,
2024-10-14,421.7248840332031,424.06421146330007,415.20466006954223,422.0732996723925,63207,
2024-10-15,418.5892028808594,422.9194420898903,417.1955707068583,422.0235378622398,41692,
2024-10-16,421.3267211914063,424.1139856360312,417.9421771146749,418.5892173915802,56302,
2024-10-17,417.2951354980469,423.765599004135,413.6616970722743,423.01900706112485,76706,
2024-10-18,408.8337707519531,416.9964913133204,407.2410351564239,416.9964913133204,165535,
2024-10-21,399.9244079589844,413.0644379949479,396.1914483327337,409.13237503706927,103261,
2024-10-22,381.7573547363281,398.23213846712935,378.4225712462924,396.7389545502989,256580,
2024-10-23,382.4043884277344,393.205091315602,377.5764211041544,384.54461259582325,89709,
2024-10-24,378.2234802246094,385.8884724043276,377.2777849708784,385.8884724043276,47151,
2024-10-25,369.0155334472656,379.9157578910529,361.74868677250265,379.9157578910529,162831,
2024-10-28,382.8523559570313,387.8296355966731,366.6264061044564,370.30960518935296,81533,
2024-10-29,383.2505187988281,386.2368864777801,376.33208819102833,380.3637027849553,50061,
2024-10-30,392.6078186035156,400.1732898607434,380.46327430274624,383.2505387969807,68284,
2024-10-31,395.5444030761719,402.1641786539778,390.7661965875948,392.6077960557265,40605,
2024-11-01,402.6619262695313,409.0328381866428,399.6755584603629,409.0328381866428,22489,
2024-11-04,399.2773742675781,403.1596462669607,387.5309762230751,403.1596462669607,56653,
2024-11-05,403.508056640625,407.29077692312416,396.9878022440472,401.16872919114905,47990,
2024-11-06,407.6391906738281,413.5621654249237,403.458263746125,403.65736707750256,55197,
2024-11-07,408.7341918945313,411.9196324948077,406.9921440981776,410.8246553259362,21031,
2024-11-08,405.8971557617188,411.7205790323642,401.5171557422168,408.73421124012594,40839,
2024-11-11,402.711669921875,418.0417149985258,398.1823577539847,405.8971409354681,18774,
2024-11-12,387.5807800292969,402.6619315890515,386.2369084216365,398.2819314868551,60824,
2024-11-13,376.5809631347656,391.2141773394834,370.3096029778316,389.6712328119706,55624,
2024-11-14,374.7393798828125,382.0559563309845,363.14229452491793,371.20549326539,89964,
2024-11-18,373.4950866699219,378.2732631049488,359.907088573686,372.4000790430477,93256,
2024-11-19,371.10595703125,382.703042871336,369.4137001845292,373.7937001827944,69216,
2024-11-21,366.7259521484375,372.4000630021652,360.3550403831894,372.4000630021652,39953,
2024-11-22,365.03369140625,370.3095955351628,363.341404221329,367.7214041142439,27722,
2024-11-25,362.5450439453125,374.2914111873985,358.9613966985888,372.1511871194213,57118,
2024-11-26,365.4816284179688,369.71231600233057,362.6445730209102,363.59026827956416,67739,
2024-11-27,369.3141479492188,372.7982436845887,365.7802915691908,366.5268835124844,52186,
2024-11-28,369.2643737792969,378.0741340843575,366.3775274011768,370.2598296672272,69525,
2024-11-29,369.5132446289063,371.7032293957726,366.3277735766781,370.7575645119792,29518,
2024-12-02,378.1239318847656,381.9564431977836,369.5132443755846,374.7891485246356,95319,
2024-12-03,382.8025512695313,387.2323421422571,372.1014004262684,381.9066470421549,82312,
2024-12-04,379.3184814453125,390.417839703574,376.2823529185633,382.25508867917546,57195,
2024-12-05,375.78460693359375,382.4541736982812,374.2914230649834,379.3184632710767,59564,
2024-12-06,388.6259765625,392.2096238716255,375.187321937457,382.653241173592,93160,
2024-12-09,385.4405517578125,396.19146374816063,382.65325690108585,393.155335285572,37390,
2024-12-10,383.5491638183594,389.4223782025174,382.7528112131708,384.2459951320778,25250,
2024-12-11,383.9473571777344,390.2187172679797,379.2687022426028,384.1464301326718,30265,
2024-12-12,376.9293823242188,383.9971255124781,375.43619842721625,383.947364867473,50874,
2024-12-13,374.9384765625,380.0153079706989,372.30052437731865,375.6850685231497,23720,
2024-12-16,375.0877685546875,381.259607246532,372.9475444592408,373.3457207408978,38983,
2024-12-17,370.8570861816406,377.0289249596034,369.3141416766016,370.5087009171439,21909,
2024-12-18,368.8661804199219,375.68505957386935,366.82550792765255,370.85709226756177,36354,
2024-12-19,367.1241455078125,372.2507679995096,356.32347265636974,367.2734882047784,55543,
2024-12-20,360.2554931640625,370.8073320443261,358.364132982436,370.8073320443261,35596,
2024-12-23,354.6809387207031,365.63095404373126,350.45025098226046,365.63095404373126,59023,
2024-12-24,350.151611328125,359.95685797698883,346.9661403101814,359.95685797698883,59258,
2024-12-26,346.71728515625,353.1877486431888,343.5816050806681,346.6675245117582,41825,
2024-12-27,347.21502685546875,352.39141000140165,345.4729789246709,349.4548027664946,20913,
2024-12-30,340.0975036621094,352.3913901572167,333.27862464119613,352.3913901572167,96988,
2024-12-31,343.9300231933594,346.8168393093607,336.51386437670214,338.4550155882552,53318,
2025-01-01,365.1332092285156,368.3186802361735,344.5272904804823,346.8168268817405,81220,
2025-01-02,363.4409484863281,369.3638927551321,361.3504850589668,361.7486613358683,42718,
2025-01-03,365.3323364257813,369.5132635991097,362.5948325424818,363.4409761821917,27717,
2025-01-06,344.6268615722656,367.3730056956673,341.93911835936376,366.32778910115246,93010,
2025-01-07,352.2420959472656,354.5814235185899,343.4323046648642,343.4323046648642,43839,
2025-01-08,355.12890625,357.3686821128241,348.4095786615277,352.2420901025854,25411,
2025-01-09,339.8984375,358.0157170947152,338.45501425821953,351.395941273975,46707,
2025-01-10,336.1156921386719,353.3868587772271,334.47319591309383,344.3282036454666,76380,
2025-01-13,324.7177429199219,337.8577432276568,323.5231836288075,333.47774312507846,57714,
2025-01-14,338.4550170898437,342.98432943169024,325.56385061088946,325.56385061088946,72444,
2025-01-15,344.427734375,350.3507090107554,334.57272724178483,334.57272724178483,36141,
2025-01-16,339.8984375,348.1607095200361,338.4052536135667,344.4277498039528,26309,
2025-01-17,340.0477600097656,344.4277601321976,338.7536490420416,344.4277601321976,22774,
2025-01-20,356.7216491699219,357.86641744758936,340.4459381559821,340.4459381559821,61799,
2025-01-21,347.0657043457031,363.3414148970074,345.42320813496326,357.41843995465894,44214,
2025-01-22,329.595458984375,347.0656981120218,324.07066043796704,346.4186578441281,84352,
2025-01-23,329.2470397949219,336.86227137426187,327.5049919653191,336.86227137426187,43467,
2025-01-24,326.85797119140625,331.88501164783537,325.71320291091206,329.2470594243735,21273,
2025-01-27,311.8763427734375,325.514101693185,308.69090190164246,324.4190940520752,43116,
2025-01-28,300.4285888671875,318.0979317037773,289.9265409102409,318.0979317037773,77892,
2025-01-29,306.1026916503906,313.56861095893674,298.58701169801554,298.6367723418445,44069,
2025-01-30,309.08905029296875,314.8129215946904,305.85381868764784,306.1026826572879,43434,
2025-01-31,313.4193115234375,317.5504476347545,306.25201654124794,310.58225599386645,59046,
2025-02-01,314.8129272460937,327.5049899255805,310.33337571215725,315.0120305769411,39533,
2025-02-03,306.8990478515625,314.8129345636976,305.6547279521012,314.8129345636976,21903,
2025-02-04,304.7588195800781,312.374051186046,301.7226912180012,309.5867868004968,52619,
2025-02-05,308.7904357910156,320.7856673688398,305.6049647237667,308.59133245722376,78341,
2025-02-06,310.63201904296875,313.61838691216786,306.6999862425328,312.57317030951015,36168,
2025-02-07,311.42840576171875,315.1613656428831,306.89906287856286,312.8220380415724,39007,
2025-02-10,304.36065673828125,314.46452855585613,301.6231528755493,311.4284000596609,29513,
2025-02-11,283.0578918457031,301.6231383445982,281.017189019,299.83132987233023,174700,
2025-02-12,285.9944763183594,289.6279147631993,270.31604543286943,286.89041095779635,45942,
2025-02-13,303.663818359375,308.7904406862036,284.7003951028614,286.3428913065202,89546,
2025-02-14,286.2931213378906,304.5597430779957,282.75923468502555,297.641312459565,131587,
2025-02-17,271.3114929199219,286.8904020308548,268.9224048398722,286.691298699641,116020,
2025-02-18,273.7503662109375,275.6417263017053,264.59215998977425,270.2662706409801,52518,
2025-02-19,271.3612976074219,281.1665447748633,268.62379374934403,273.60107349130374,55216,
2025-02-20,277.3340148925781,283.107646858524,271.01286396400985,271.36127959860545,32762,
2025-02-21,274.4969787597656,286.1438255495479,272.3567545387796,277.7322106037157,72425,
2025-02-24,272.7549133300781,278.77740930131614,266.8817296662694,277.234464826375,57350,
2025-02-25,269.2210693359375,273.1531020454716,265.7369735690848,269.9676612859774,67640,
2025-02-27,269.5196838378906,273.3521951132128,265.0898929491969,269.2210592206564,40984,
2025-02-28,260.7098999023437,268.67354727853694,256.08103594071224,266.7821871024718,48202,
2025-03-03,245.97715759277344,263.24832343714905,241.0994145963293,257.8230766608707,108874,
2025-03-04,241.2985076904297,255.03581754307595,237.51578736545807,244.83237922613367,157453,
2025-03-05,260.0130920410156,265.5876207523685,243.3889664355728,244.88215027873576,192127,
2025-03-06,265.3885498046875,273.7006126701769,261.9044541443305,261.9044541443305,120220,
2025-03-07,262.3523864746094,267.8771848665317,260.8592026463444,267.8771848665317,62100,
2025-03-10,253.29376220703125,268.7731051920961,250.85489817928973,263.6962737960201,183993,
2025-03-11,244.68307495117188,253.89104246621605,241.4478431215618,250.85489878823,125935,
2025-03-12,240.452377319336,258.8185357614401,239.00896929240287,246.37533692675547,120710,
2025-03-13,244.38442993164065,248.3164778030373,238.36191853901937,240.99988585765533,105211,
2025-03-17,238.1130523681641,247.7689717275928,235.92305238810576,247.7689717275928,118188,
2025-03-18,238.1130523681641,238.1130523681641,238.1130523681641,238.1130523681641,0,
2025-03-19,261.0583190917969,267.4292310033849,239.95465629652776,239.95465629652776,230419,
2025-03-20,259.465576171875,266.48355854595013,258.818535907886,262.004006962929,88760,
2025-03-21,284.2026672363281,287.13927437334394,261.40673257756634,261.40673257756634,224274,
2025-03-24,285.3474426269531,297.34270507849953,282.01265911124835,283.70494638157754,188022,
2025-03-25,276.7367553710937,292.4649473017738,273.7503875073769,289.6279221343667,92508,
2025-03-26,264.3930969238281,280.91767117761185,262.8003613851073,278.72765601450783,177992,
2025-03-27,275.0444641113281,301.67291051028684,266.78219195966153,267.77764789980955,1848625,
2025-03-28,277.6326599121094,285.6958592274096,275.0444683520383,275.0444683520383,255788,
2025-04-01,294.1572265625,315.75863233980186,281.8135791378578,281.8135791378578,935015,
2025-04-02,309.6365661621094,312.47362174180927,289.8767895344302,294.65496602104724,463783,
2025-04-03,310.7315673828125,322.9756937425938,301.9715672119793,307.247471572769,233979,
2025-04-04,296.3970031738281,319.7404568851757,293.65949936617733,312.37405869964664,143467,
2025-04-07,287.4876708984375,296.3970139478441,251.6014954670616,277.7322145808514,192531,
2025-04-08,285.0487976074219,294.60518014104684,283.1076464878612,288.6822054973843,102920,
2025-04-09,284.9492492675781,287.3383373341283,278.82720160363607,284.5510729863036,49721,
2025-04-11,290.7726745605469,293.85859392733323,285.3474277522174,288.68221109408495,84779,
2025-04-15,293.11199951171875,298.6367675600179,291.1708483710174,293.4106241277176,71179,
2025-04-16,297.0440368652344,303.2656362901048,290.7726767965263,290.7726767965263,68040,
2025-04-17,298.1888122558594,300.82679477857766,295.00337150104946,296.64586771294097,45460,
2025-04-21,296.9942932128906,301.57339672735344,295.15269360198755,298.5372378069713,59180,
2025-04-22,298.6865234375,302.1706190034447,294.9535639025592,296.14812310530124,72246,
2025-04-23,296.844970703125,310.4826987271454,292.26586734586465,298.68653987190106,104144,
2025-04-24,293.31109619140625,301.6231596367139,291.8677032587718,296.8449831207638,55409,
2025-04-25,283.1574401855469,295.3019838215014,280.76832174538265,293.4106237054572,54277,
2025-04-28,293.2115173339844,296.14812433186137,278.5783341237516,280.7185581902013,76631,
2025-04-29,291.9672241210937,305.6049830743449,289.1799595540625,295.8992873578144,111210,
2025-04-30,286.3926696777344,294.30652571988554,284.60083086107363,292.01698934065,40623,
2025-05-02,277.1349182128906,290.57357294671624,276.7367419261876,290.57357294671624,89236,
2025-05-05,278.6778869628906,283.7049270270724,275.74127995262825,277.7321917212393,69829,
2025-05-06,272.9540405273437,282.6597362846883,271.2617532180907,281.36562528969904,35125,
2025-05-07,268.4744873046875,275.293336397184,264.5424240709791,268.87266361697186,57946,
2025-05-08,268.52423095703125,273.6508228031364,265.83648785613167,269.7685508409841,85741,
2025-05-09,260.6601257324219,264.9903648443161,256.8276145557131,256.8276145557131,68393,
2025-05-12,268.72332763671875,274.6462719103465,266.7821765142517,267.8771840607997,101214,
2025-05-13,268.7731018066406,280.71857299804685,267.1306055936031,270.764013671875,239316,
2025-05-14,274.5965270996094,276.08971100947247,269.1215194301112,269.76855971527107,126458,
2025-05-15,289.7772216796875,293.6594936556252,274.79559199635503,275.791047907052,196197,
2025-05-16,278.9765319824219,283.7049477787341,272.7549322504321,282.6597311753218,374666,
2025-05-19,284.8995056152344,290.97176261933765,276.736754657236,279.2751551832854,106749,
2025-05-20,282.0126647949219,288.1347433275586,281.1167604956524,284.94927206470544,48147,
2025-05-21,281.3158569335937,286.1935850021981,279.225393367362,280.7185772891126,53942,
2025-05-22,278.4787902832031,284.2026617546184,276.63719077748885,283.65517315674003,38365,
2025-05-23,276.93585205078125,282.65972365186144,275.74129278247244,282.65972365186144,70449,
2025-05-26,281.0171813964844,282.8587808412478,276.9855972537854,276.9855972537854,41661,
2025-05-27,282.5103759765625,286.691302963001,278.7276556584732,283.30675893435745,50676,
2025-05-28,281.11676025390625,284.650647179799,279.32495165690807,283.7547125023945,33910,
2025-05-29,280.818115234375,283.25696396002337,279.27514036330456,281.11673985256766,28636,
2025-05-30,281.5149230957031,286.6913060509626,278.22993069876406,283.60538661143886,49682,
2025-06-02,290.22515869140625,291.4694785801173,280.71856689321515,284.3519748924708,101196,
2025-06-03,292.265869140625,296.1979018639164,287.6867657552451,292.4649421006563,76816,
2025-06-04,300.4285888671875,307.5958837468307,286.64154847809857,290.2251655390159,166346,
2025-06-05,300.4285888671875,307.5958837468307,298.6367803367288,303.61406000900763,80354,
2025-06-06,298.23858642578125,303.5642814363832,296.64585094893266,300.72722611495016,54488,
2025-06-09,304.6592712402344,310.53248545354063,298.6367750940656,298.6367750940656,77481,
2025-06-10,310.3831481933594,313.56861933499084,302.5190523874055,304.6592765705778,115370,
2025-06-11,306.25201416015625,314.46452567306534,304.8086212731088,308.88996632791583,62503,
2025-06-12,297.193359375,308.59134206409027,296.39700677284804,304.6095182955214,66618,
2025-06-13,293.7092590332031,295.65041024190856,285.0488106979038,288.6822187547256,62404,
2025-06-16,297.1435852050781,300.27926520432595,285.99446700897124,291.66857777248873,65574,
2025-06-17,290.8722229003906,304.609502016228,289.8767670114487,294.3563185116874,40981,
2025-06-18,288.0849304199219,294.85404874460573,285.79539400914683,290.0260815699856,54493,
2025-06-19,283.5058288574219,288.6822117015629,280.81811614823204,287.7863074651663,58333,
2025-06-20,285.1981201171875,289.6279110977943,280.8678808040254,284.7003921588678,32531,
2025-06-23,302.1208801269531,314.0663514993533,280.41995261865475,280.9176805925048,684770,
2025-06-24,299.8313293457031,313.269984000819,296.4467549812921,306.948832957632,107138,
2025-06-25,299.0349426269531,305.1072296184683,297.6413104597782,302.0711013121621,74307,
2025-06-26,299.38336181640625,304.6592659329313,296.7454097581437,299.2340495072411,53720,
2025-06-27,297.8404235839844,304.1117837319692,295.84951174285857,298.1390482085917,44592,
2025-06-30,303.81317138671875,306.1027079449892,296.6956369638982,296.6956369638982,92351,
2025-07-01,306.3515625,320.4372578356733,303.2656430407911,303.71361036091486,435563,
2025-07-02,318.2970275878906,333.4777302328174,304.06202021011086,306.3515566541778,1223328,
2025-07-03,310.2836303710937,320.3377111177528,308.5415824664284,318.2970385809924,131371,
2025-07-04,312.2745361328125,317.45088872058807,309.9352086309688,312.2745361328125,103298,
2025-07-07,312.6726989746094,317.002938142112,311.8763160407442,314.4147467701298,30261,
2025-07-08,305.30633544921875,314.9124787696637,303.61404827448825,312.7722546690832,56631,
2025-07-09,307.8447570800781,311.478165275412,304.6095251948388,304.6095251948388,37467,
2025-07-10,306.99859619140625,311.7270117581025,305.704515661556,308.4917800545735,35757,
2025-07-11,303.4647521972656,308.840208247304,302.6186085646427,307.09816033615886,35322,
2025-07-14,303.663818359375,309.5867932761885,300.03041030185005,303.5642970698049,35874,
2025-07-15,303.96246337890625,306.6999670880387,301.2747203129241,306.6999670880387,29805,
2025-07-16,305.85382080078125,307.59586860029754,303.16607775853794,305.6049568294218,34813,
2025-07-17,305.4058532714844,308.9895005321507,304.60950071529305,306.2022362065784,22976,
2025-07-18,303.16607666015625,307.247451851445,302.2204117997581,305.4058523942766,31647,
2025-07-21,301.2249755859375,304.5099680589081,299.63223999523177,304.5099680589081,26727,
2025-07-22,297.7906188964844,306.0529208853829,296.19788342088566,304.2610820832459,46323,
2025-07-23,296.2476806640625,301.02585681231227,293.9083532331661,300.7769928383638,19916,
2025-07-24,293.1617736816406,299.8811012617801,291.668589774943,296.8449728030566,29664,
2025-07-25,289.9762878417969,294.4558393350001,288.7817590042844,292.7137915320877,25590,
2025-07-28,285.1981201171875,293.8585987435117,283.2072082839087,289.7772234095095,21517,
2025-07-29,288.9310913085937,293.6595071008963,280.51947632651456,282.2117636037427,25158,
2025-07-30,293.8088073730469,295.8495102270877,288.9310794630602,288.9310794630602,17253,
2025-07-31,291.469482421875,294.6549535305233,287.13927345520835,289.4288099290529,15866,
2025-08-01,299.0349426269531,305.604957562381,287.78630324608787,287.78630324608787,108563,
2025-08-04,287.2388000488281,302.0711178947894,284.00356823579307,302.0711178947894,56285,
2025-08-05,275.0444641113281,286.8904141022128,273.05355223103214,286.741071408067,68690,
2025-08-06,265.93603515625,281.2660497990667,263.5469470940674,271.31149089088666,88784,
2025-08-07,272.6056213378906,274.2481175998218,265.18946226756754,267.1803741920671,36731,
2025-08-08,282.0624389648437,288.5329023979791,269.96765570022524,272.15764048102125,95621,
2025-08-11,273.8499450683594,281.7140412028341,272.1078971103913,281.7140412028341,17534,
2025-08-12,269.8681030273437,278.9267578757516,268.8228560954678,272.7549190878948,26401,
2025-08-13,270.1169738769531,273.8001426069142,268.02651033891885,272.7549260273492,36039,
2025-08-14,264.69171142578125,271.56035089629927,263.3478399170293,270.1169581030418,28595,
2025-08-18,269.9676513671875,271.7594598298893,266.7821803458254,268.7730921394509,17703,
2025-08-19,275.59197998046875,276.7367482228761,268.8726524606687,269.9676600581947,24056,
2025-08-20,278.03082275390625,279.7231099478568,275.044455032043,276.7367422259936,18850,
2025-08-21,278.08062744140625,283.70494751817864,276.73675582474965,279.7231236933621,25084,
2025-08-22,275.6915283203125,279.2253846735319,273.75037713091365,276.9358482163621,16769,
2025-08-25,276.4878845214844,278.1303807299896,273.75038071434096,275.6915319291498,16783,
2025-08-26,265.93603515625,276.48787367470146,263.89536273163424,276.48787367470146,53287,
2025-08-28,264.0944519042969,268.77310703008624,263.7958272702698,268.57400368813165,28716,
2025-08-29,263.2483215332031,267.8273943114027,262.50172961777025,264.14422575594205,25404,
2025-09-01,263.7460632324219,268.6735519039291,262.6012645992625,263.79582387781824,20639,
2025-09-02,263.6962585449219,266.73241722939133,262.8003543218778,263.7460495666427,56665,
2025-09-03,269.66900634765625,272.1576461817596,263.69627074580825,263.69627074580825,69499,
2025-09-04,271.0626220703125,275.9403801512059,269.5196776187008,272.15762960640905,30356,
2025-09-05,278.3294677734375,282.1121879339334,267.42921382792326,267.42921382792326,92079,
2025-09-08,282.1619873046875,285.69584360186,276.83629215827983,278.3294760098575,43037,
2025-09-09,275.09423828125,282.16198109905633,274.745822647764,280.7185579227154,28055,
2025-09-10,275.1937866210937,281.0669701614111,274.74581932932205,275.6417235339633,20478,
2025-09-11,277.0851745605469,283.6053989944894,273.1033506915364,275.9404062739874,220353,
2025-09-12,273.3023986816406,282.3610532315866,272.1078698574438,281.2162850496429,46766,
2025-09-15,273.6508178710937,278.87696128950444,272.55581031717,275.24355336962805,34818,
2025-09-16,273.8499450683594,277.53311395214854,272.5558340722398,273.65084172160084,46851,
2025-09-17,328.6000061035156,328.6000061035156,276.1394668345302,276.73674646383,2683874,
2025-09-18,376.75,392.7000122070313,336.70001220703125,338.0,18941738,
2025-09-19,360.1000061035156,368.25,345.1499938964844,367.3500061035156,3019748,
2025-09-22,346.6499938964844,363.0,340.1000061035156,355.0,915671,
2025-09-23,367.3500061035156,393.0,342.04998779296875,344.8999938964844,8613938,
2025-09-24,364.5499877929688,368.7000122070313,356.04998779296875,358.20001220703125,717546,
2025-09-25,353.6499938964844,367.5499877929688,349.0,366.0,450691,
2025-09-26,354.6499938964844,372.0,342.79998779296875,344.8500061035156,1141993,
2025-09-29,350.79998779296875,358.95001220703125,346.3500061035156,355.0,283934,
2025-09-30,368.2000122070313,378.0,348.0,348.0,1954132,
2025-10-01,368.5499877929688,375.7999877929688,363.2999877929688,368.7999877929688,531506,
2025-10-03,365.6499938964844,371.75,360.4500122070313,368.5499877929688,341653,
2025-10-06,361.25,377.0,356.95001220703125,368.0,380689,
2025-10-07,351.95001220703125,365.0499877929688,348.25,361.2999877929688,286253,
2025-10-08,341.95001220703125,357.5,333.0,348.45001220703125,343673,
2025-10-09,349.8500061035156,357.0,342.20001220703125,345.45001220703125,326967,
2025-10-10,343.8500061035156,349.70001220703125,342.04998779296875,349.70001220703125,174074,
2025-10-13,337.6499938964844,343.8999938964844,335.3500061035156,343.8500061035156,149958,
2025-10-14,325.5,343.8999938964844,322.1000061035156,343.8999938964844,259298,
2025-10-15,331.6499938964844,340.0,325.1000061035156,334.79998779296875,312803,
2025-10-16,332.3999938964844,336.0,330.3999938964844,335.04998779296875,104028,
2025-10-17,325.1499938964844,335.0,323.75,335.0,164373,
2025-10-20,325.8999938964844,329.8999938964844,321.45001220703125,325.0,71386,
2025-10-21,332.3999938964844,336.79998779296875,326.25,336.70001220703125,54181,
2025-10-23,328.0,334.29998779296875,325.0,334.04998779296875,80489,
2025-10-24,320.79998779296875,327.3999938964844,319.0,324.70001220703125,82018,
2025-10-27,316.6499938964844,322.5,315.0,319.1000061035156,266036,
2025-10-28,313.20001220703125,319.79998779296875,312.04998779296875,319.79998779296875,67835,
2025-10-29,317.54998779296875,319.8999938964844,310.45001220703125,310.5,96703,
2025-10-30,315.5,318.54998779296875,313.45001220703125,318.5,45035,
2025-10-31,312.20001220703125,317.1000061035156,311.45001220703125,317.1000061035156,47826,
2025-11-03,316.75,323.0,313.25,315.29998779296875,110539,
2025-11-04,311.0,318.95001220703125,309.0,315.0,52442,
2025-11-06,302.04998779296875,312.1000061035156,298.0,311.0,81663,
2025-11-07,307.29998779296875,319.0,296.20001220703125,300.5,103716,
2025-11-10,300.3999938964844,309.75,297.75,309.75,62084,
2025-11-11,301.29998779296875,304.3999938964844,297.1000061035156,301.0,41432,
2025-11-12,330.3500061035156,338.0,301.29998779296875,301.29998779296875,1069080,
2025-11-13,314.3999938964844,329.79998779296875,309.45001220703125,329.79998779296875,148256,
2025-11-14,316.0,319.5,308.0,314.1499938964844,75885,
2025-11-17,311.0,319.8999938964844,308.6499938964844,319.54998779296875,56604,
2025-11-18,314.0,322.79998779296875,309.5,309.5,65914,
2025-11-19,311.3500061035156,315.8999938964844,309.6000061035156,313.6000061035156,27338,
2025-11-20,311.29998779296875,314.70001220703125,309.6000061035156,310.1000061035156,34599,
2025-11-21,301.20001220703125,312.95001220703125,300.0,309.04998779296875,59099,
2025-11-24,292.6000061035156,304.45001220703125,290.20001220703125,301.79998779296875,89436,
2025-11-25,290.3999938964844,301.25,289.04998779296875,290.0,80166,
2025-11-26,292.95001220703125,299.45001220703125,291.6499938964844,298.0,46516,
2025-11-27,289.79998779296875,298.1000061035156,289.0,294.45001220703125,34591,
2025-11-28,289.20001220703125,294.79998779296875,287.0,289.79998779296875,45496,
2025-12-01,285.75,293.95001220703125,283.20001220703125,291.0,46153,
2025-12-02,293.3999938964844,310.0,283.20001220703125,287.79998779296875,1229921,
2025-12-03,294.29998779296875,299.70001220703125,291.54998779296875,292.54998779296875,77092,
2025-12-04,291.70001220703125,297.8999938964844,291.0,291.1000061035156,30073,
2025-12-05,288.45001220703125,295.45001220703125,287.0,291.70001220703125,26481,
2025-12-08,282.95001220703125,293.1499938964844,280.0,289.8999938964844,44507,
2025-12-09,286.6000061035156,289.79998779296875,274.6000061035156,284.95001220703125,67712,
2025-12-10,285.70001220703125,290.8999938964844,283.20001220703125,290.8999938964844,30369,
2025-12-11,282.6499938964844,286.3500061035156,281.29998779296875,285.95001220703125,31846,
2025-12-12,283.6499938964844,291.0,282.3500061035156,283.04998779296875,44538,
2025-12-15,285.0,287.0,280.79998779296875,280.79998779296875,24366,
2025-12-16,283.3500061035156,287.75,282.0,283.29998779296875,22579,
2025-12-17,279.3999938964844,286.8500061035156,278.04998779296875,286.20001220703125,36970,
2025-12-18,277.79998779296875,281.20001220703125,277.0,279.3999938964844,20340,
2025-12-19,277.3500061035156,284.5,275.0,279.20001220703125,52721,
2025-12-22,283.3500061035156,284.25,279.70001220703125,281.5,39544,
2025-12-23,283.04998779296875,285.5,281.79998779296875,283.95001220703125,24023,
2025-12-24,282.20001220703125,287.54998779296875,280.6000061035156,284.8999938964844,32393,
2025-12-26,282.6499938964844,295.79998779296875,281.3999938964844,282.25,162036,
2025-12-29,284.45001220703125,290.0,282.04998779296875,282.8500061035156,33470,
2025-12-30,282.95001220703125,285.0,282.1000061035156,284.45001220703125,14169,
2025-12-31,284.95001220703125,287.1000061035156,276.1000061035156,282.95001220703125,44544,
2026-01-01,289.3500061035156,290.70001220703125,283.5,284.95001220703125,52410,
2026-01-02,288.04998779296875,292.79998779296875,285.5,290.29998779296875,55299,
2026-01-05,285.75,290.75,285.0,286.0,25379,
2026-01-06,282.5,286.75,281.25,285.1000061035156,24004,
2026-01-07,281.29998779296875,285.0,280.04998779296875,282.0,23954,
2026-01-08,280.29998779296875,284.0,280.0,281.29998779296875,35625,
2026-01-09,273.8999938964844,281.70001220703125,273.0,278.0,47865,
2026-01-12,275.25,279.45001220703125,265.0,272.0,52397,
2026-01-13,273.04998779296875,278.45001220703125,270.0,275.5,16665,
2026-01-14,258.6499938964844,273.8500061035156,251.8999938964844,268.95001220703125,146350,
2026-01-15,258.6499938964844,258.6499938964844,258.6499938964844,258.6499938964844,0,
2026-01-16,259.25,265.6499938964844,258.75,261.0,42682,
2026-01-19,250.6499938964844,264.8999938964844,250.0,258.0,48911,
2026-01-20,242.8999938964844,257.45001220703125,241.5500030517578,251.0,64833,
2026-01-21,240.25,247.0,238.9499969482422,240.0,46188,
2026-01-22,244.3999938964844,246.0,241.1000061035156,243.8500061035156,25655,
2026-01-23,236.3500061035156,249.9499969482422,235.0,245.1999969482422,46106,
2026-01-27,232.6499938964844,240.0500030517578,230.4499969482422,239.8999938964844,44073,
2026-01-28,242.8500061035156,247.0,231.5,231.5,70347,
2026-01-29,241.0500030517578,246.5500030517578,237.4499969482422,242.0,36504,
2026-01-30,243.5500030517578,245.0,236.3000030517578,238.1000061035156,50303,
2026-02-02,232.38999938964844,249.0,229.0,249.0,119318,
2026-02-03,237.8099975585937,244.0,231.5500030517578,238.8999938964844,122820,
2026-02-04,249.57000732421875,259.2300109863281,243.3500061035156,244.0,300369,
2026-02-05,251.2899932861328,257.989990234375,246.25,252.1000061035156,80773,
2026-02-06,248.63999938964844,251.2899932861328,244.5,251.2899932861328,22429,
2026-02-09,253.94000244140625,257.0,244.6100006103516,251.6000061035156,70953,
2026-02-10,259.0599975585937,262.5,255.6100006103516,257.0,76149,
2026-02-11,255.57000732421875,266.6300048828125,254.1199951171875,261.3999938964844,22672,
2026-02-12,253.2899932861328,261.0,252.0,258.0899963378906,26875,
2026-02-13,245.6600036621093,252.9900054931641,243.0500030517578,252.9900054931641,43112,
2026-02-16,243.4600067138672,247.1999969482422,239.94000244140625,246.88999938964844,42955,
2026-02-17,243.82000732421875,246.38999938964844,240.3000030517578,240.3000030517578,26389,
2026-02-18,245.22999572753903,248.38999938964844,241.8800048828125,245.0,21365,
2026-02-19,238.8600006103516,247.8000030517578,238.0,246.0399932861328,38271,
2026-02-20,237.4499969482422,241.9100036621093,236.009994506836,239.47999572753903,24705,
2026-02-23,236.9600067138672,241.9900054931641,235.4100036621093,239.1000061035156,21401,
2026-02-24,233.22000122070312,237.58999633789065,232.0,236.7400054931641,20076,
2026-02-25,232.75,235.8000030517578,232.0,234.3600006103516,42665,
2026-02-26,232.22000122070312,236.0,231.0,234.1699981689453,65898,
2026-02-27,238.4900054931641,241.0,231.0,232.22000122070312,37766,
2026-03-02,227.0200042724609,234.47999572753903,225.1100006103516,226.009994506836,77724,
2026-03-04,221.4100036621093,226.4900054931641,220.0,226.0,62118,
2026-03-05,216.1000061035156,222.77999877929688,213.0,221.7899932861328,104499,
2026-03-06,216.5800018310547,219.8500061035156,214.5,216.1100006103516,42155,
2026-03-09,205.7899932861328,214.8800048828125,185.0,214.8800048828125,103073,
2026-03-10,209.0,211.509994506836,203.3600006103516,209.8999938964844,103491,
2026-03-11,213.1199951171875,222.19000244140625,204.8099975585937,209.6999969482422,245005,
2026-03-12,211.58999633789065,224.0,207.3099975585937,214.8099975585937,268566,
2026-03-13,211.42999267578125,216.4499969482422,208.0,211.58999633789065,112669,
2026-03-16,200.5599975585937,213.0200042724609,198.1000061035156,213.0,131223,
2026-03-17,198.1600036621093,204.6000061035156,197.1999969482422,204.6000061035156,166300,
2026-03-18,203.32000732421875,206.7400054931641,198.0,198.0,140789,
2026-03-19,202.17999267578125,206.08999633789065,198.6600036621093,202.1000061035156,93794,
2026-03-20,199.19000244140625,204.7899932861328,198.1999969482422,202.17999267578125,79084,
2026-03-23,186.44000244140625,198.8999938964844,185.0,198.8999938964844,128054,
2026-03-24,183.17999267578125,192.3500061035156,181.1499938964844,189.2400054931641,155859,
2026-03-25,178.44000244140625,212.0,176.0,184.8999938964844,2094379,
2026-03-27,176.05999755859375,186.88999938964844,174.60000610351562,179.75,587190,
2026-03-30,180.38999938964844,182.3099975585937,165.39999389648438,175.0,718428,
2026-04-01,185.57000732421875,188.7899932861328,181.5,185.0,216350,
2026-04-02,184.8099975585937,190.0,178.5500030517578,185.0,263332,
2026-04-06,181.52999877929688,187.5800018310547,179.50999450683594,187.5800018310547,243172,
2026-04-07,183.69000244140625,185.83999633789065,179.05999755859375,182.9499969482422,160679,
2026-04-08,194.17999267578125,197.63999938964844,188.1999969482422,191.0,266690,
2026-04-09,195.3099975585937,198.5,188.69000244140625,195.0,269602,
2026-04-10,202.38999938964844,206.2899932861328,195.3099975585937,196.0,254623,
2026-04-13,202.1300048828125,207.4499969482422,190.1199951171875,193.009994506836,193277,
2026-04-15,212.1000061035156,214.13999938964844,203.6100006103516,205.0,285979,
2026-04-16,215.0200042724609,216.3000030517578,209.1000061035156,215.9900054931641,141915,
2026-04-17,221.0,223.0,215.0599975585937,217.1699981689453,240029,
2026-04-20,213.1300048828125,220.9900054931641,212.1000061035156,220.0,167153,
2026-04-21,210.5500030517578,218.4499969482422,209.88999938964844,214.0,173486,
2026-04-22,252.6600036621093,252.6600036621093,211.9900054931641,211.9900054931641,7488772,
2026-04-23,286.6300048828125,297.70001220703125,256.32000732421875,258.0,70742904,
2026-04-24,283.7099914550781,310.0,267.0,292.3999938964844,43670006,
2026-04-27,331.3900146484375,340.45001220703125,282.0,296.4599914550781,69282468,
2026-04-28,347.6600036621094,360.0,327.3699951171875,338.989990234375,47068984,
2026-04-29,357.0799865722656,365.9800109863281,339.1600036621094,346.04998779296875,35479109,
2026-04-30,356.9100036621094,366.8900146484375,350.3399963378906,352.989990234375,22961236,
2026-05-01,356.9100036621094,356.9100036621094,356.9100036621094,356.9100036621094,0,
2026-05-04,346.5,363.6000061035156,335.3999938964844,362.0,6739544,
2026-05-05,328.29998779296875,349.54998779296875,318.3500061035156,341.3500061035156,5271608,
2026-05-06,319.29998779296875,337.0,314.04998779296875,332.04998779296875,4110110,
2026-05-07,320.5,331.75,311.6499938964844,324.79998779296875,3042948,
2026-05-08,314.54998779296875,323.54998779296875,308.29998779296875,322.54998779296875,1565969,
2026-05-11,301.1499938964844,313.25,297.1499938964844,312.6000061035156,1460417,
2026-05-12,291.75,310.54998779296875,285.25,305.0,2085392,
2026-05-13,292.3999938964844,298.1499938964844,288.54998779296875,297.0,993144,
2026-05-14,294.5,302.0,284.1000061035156,290.04998779296875,870362,
2026-05-15,286.45001220703125,300.3500061035156,283.29998779296875,300.3500061035156,708121,
2026-05-18,280.29998779296875,284.1000061035156,275.1499938964844,281.5,706178,
2026-05-19,279.29998779296875,282.8999938964844,275.20001220703125,278.0,480832,
2026-05-20,275.3500061035156,277.6000061035156,269.04998779296875,276.0,403645,
2026-05-21,277.75,281.3500061035156,270.95001220703125,271.0,493178,
2026-05-22,279.70001220703125,282.29998779296875,275.70001220703125,277.75,381362,
2026-05-25,274.5,286.79998779296875,271.70001220703125,280.0,552752,
2026-05-26,272.8999938964844,277.45001220703125,270.29998779296875,277.0,507964,
2026-05-27,271.04998779296875,274.29998779296875,266.20001220703125,270.75,511041,
2026-05-28,271.04998779296875,271.04998779296875,271.04998779296875,271.04998779296875,0,
2026-05-29,264.75,273.0,261.79998779296875,272.45001220703125,417661,
2026-06-01,263.20001220703125,271.0,257.75,271.0,396931,
2026-06-02,268.3999938964844,280.0,256.79998779296875,260.6000061035156,776393,
2026-06-03,261.5,274.3999938964844,260.1000061035156,268.0,273128,
2026-06-04,260.95001220703125,263.6000061035156,259.0,262.0,154935,
2026-06-05,261.29998779296875,264.3999938964844,258.6000061035156,263.1000061035156,205306,
2026-06-08,258.3500061035156,261.8500061035156,250.0,260.04998779296875,125787,
2026-06-09,256.8500061035156,261.95001220703125,255.0,258.3500061035156,116151,
2026-06-10,252.5500030517578,261.95001220703125,250.0,261.95001220703125,140499,
2026-06-11,244.8000030517578,254.0,242.0,252.5500030517578,184775,
2026-06-12,255.3999938964844,256.1000061035156,246.8500061035156,249.0,170759,
2026-06-15,280.8999938964844,280.8999938964844,261.04998779296875,261.04998779296875,467253,
2026-06-16,271.5,299.0,260.3500061035156,292.0,1470215,
2026-06-17,271.04998779296875,277.0,267.0,268.0,308235,
2026-06-18,266.3500061035156,272.8999938964844,263.75,272.0,195256,
2026-06-19,279.8500061035156,290.0,262.1000061035156,266.0,814279,
2026-06-22,278.95001220703125,283.8999938964844,278.0,283.54998779296875,182032,
2026-06-23,272.3500061035156,283.6000061035156,270.1000061035156,282.45001220703125,124665,
2026-06-24,272.8500061035156,275.20001220703125,271.0,271.8999938964844,81132,
2026-06-25,265.5,274.95001220703125,263.6000061035156,272.8500061035156,120171,
2026-06-26,265.5,265.5,265.5,265.5,0,
2026-06-29,262.79998779296875,265.79998779296875,261.25,265.3500061035156,80950,
2026-06-30,262.3500061035156,265.79998779296875,261.1000061035156,263.70001220703125,62514,
2026-07-01,268.6000061035156,279.0,262.3500061035156,262.3500061035156,239399,
2026-07-02,277.25,279.8999938964844,270.0,270.0,208851,
2026-07-03,271.6499938964844,280.5,270.1499938964844,276.0,183455,
2026-07-06,268.95001220703125,274.8999938964844,268.04998779296875,274.8999938964844,43048,
2026-07-07,264.1000061035156,269.8999938964844,262.5,269.8999938964844,69644,
2026-07-08,258.6000061035156,269.8999938964844,258.0,262.0,85992,
2026-07-09,262.75,264.1000061035156,257.54998779296875,257.54998779296875,38387,
2026-07-10,263.5,266.20001220703125,262.04998779296875,264.1499938964844,59396,
2026-07-13,266.0,268.3500061035156,261.04998779296875,263.04998779296875,62801,266.0
2026-07-14,265.1499938964844,266.95001220703125,263.1000061035156,266.0,63752,265.1499938964844
2026-07-15,261.75,266.3999938964844,260.29998779296875,261.0,44803,261.75
2026-07-16,262.8500061035156,266.0,260.0,260.0,38983,262.8500061035156
2026-07-17,261.25,264.20001220703125,260.0,260.0,30355,261.25
2026-07-20,260.45001220703125,263.0,259.79998779296875,263.0,30109,260.45001220703125
2026-07-21,260.75,265.0,258.20001220703125,260.5,35605,260.75
2026-07-22,256.54998779296875,261.45001220703125,255.1000061035156,260.75,35873,256.54998779296875
2026-07-23,253.0,256.8999938964844,250.3000030517578,256.0,18057,253.0
2026-07-24,254.5500030517578,258.0,251.8999938964844,253.8999938964844,35706,254.5500030517578
2026-07-27,258.79998779296875,265.0,255.0,255.0500030517578,58820,258.79998779296875
2026-07-28,257.04998779296875,260.29998779296875,256.04998779296875,258.79998779296875,22533,257.04998779296875
2026-07-29,256.45001220703125,259.70001220703125,255.0,255.9499969482422,40543,256.45001220703125
2026-07-30,257.45001220703125,262.6499938964844,255.5,256.45001220703125,60436,257.45001220703125
2026-07-31,257.54998779296875,259.45001220703125,256.0,257.1000061035156,22304,257.54998779296875
2026-08-03,265.0,268.3999938964844,257.6000061035156,257.6000061035156,97929,265.0
2026-08-04,272.6000061035156,277.0,265.04998779296875,269.0,183306,272.6000061035156
2026-08-05,277.04998779296875,279.04998779296875,273.95001220703125,276.70001220703125,86847,277.04998779296875
2026-08-06,293.0,303.0,266.1000061035156,277.04998779296875,621106,293.0
2026-08-07,294.25,315.0,288.79998779296875,305.8500061035156,1269452,294.25
2026-08-10,294.45001220703125,302.95001220703125,286.29998779296875,290.5,207254,294.45001220703125
2026-08-11,302.54998779296875,309.5,294.54998779296875,298.0,361833,302.54998779296875
2026-08-12,295.1499938964844,306.8500061035156,292.04998779296875,305.79998779296875,128474,295.1499938964844
2026-08-13,297.04998779296875,298.5,294.20001220703125,296.70001220703125,56228,297.04998779296875
2026-08-14,,305.0,292.04998779296875,294.0,104580,
