Date,Close,High,Low,Open,Volume,Adj Close
2004-11-05,32.753421783447266,38.15091032577815,30.34731331793353,38.15091032577815,279042883,
2004-11-08,32.6016960144043,34.075710248975966,32.514990695587755,33.29535047228186,82638332,
2004-11-09,32.64503479003906,32.9918598658331,32.31988504113429,32.55832752881226,44953063,
2004-11-10,32.536659240722656,32.926839047616525,32.51498390782219,32.73174914416959,20896119,
2004-11-11,32.27653884887695,32.68839596658563,32.21150888211017,32.66671864947767,19153711,
2004-11-12,32.36323547363281,35.7231153217915,31.92970316616098,32.51497267429835,5104155,
2004-11-15,32.36323547363281,32.36323547363281,32.36323547363281,32.36323547363281,0,
2004-11-16,31.929712295532227,32.42827469090205,31.734622403706165,32.38492204312637,15905272,
2004-11-17,31.90803337097168,32.601685623202506,31.864680725381287,31.95138601656208,24043420,
2004-11-18,31.929712295532227,34.61761614876442,31.86468233159021,32.514981971010414,21545230,
2004-11-19,31.88635635375977,32.44995067448414,31.864681023040543,31.92971098431205,19074889,
2004-11-22,32.27653884887695,32.5366587159441,31.214384048057504,31.908036365384195,33741682,
2004-11-23,32.883487701416016,33.16528490131225,32.493307879047634,32.51498519736495,35706926,
2004-11-24,33.72887420654297,33.81557949760145,33.03521997073372,33.18695522236451,36985500,
2004-11-25,33.40373229980469,34.24912198708171,33.2953476835258,33.772232850746384,28246130,
2004-11-26,33.40373229980469,33.40373229980469,33.40373229980469,33.40373229980469,0,
2004-11-29,33.51210021972656,33.81557464858494,33.27365772667208,33.46874956497053,17041910,
2004-11-30,34.29246520996094,34.55258505724032,33.31701578266324,33.77222551540217,47944693,
2004-12-01,34.55258560180664,34.899414716387945,34.24911508794043,34.46588030771829,40466184,
2004-12-02,34.877742767333984,35.26792262664207,34.660977501867755,34.899422072260954,21840421,
2004-12-03,34.509239196777344,35.07282963155358,34.357499952009995,35.00779966068598,15302190,
2004-12-06,34.63930130004883,35.59307161954714,34.530916685468014,35.37630635950019,13179942,
2004-12-07,34.877742767333984,35.44133722048392,34.48756290802591,34.76936211915826,25779588,
2004-12-08,34.682647705078125,35.20288744049987,34.48755780429497,34.9861222071122,26046708,
2004-12-09,34.682647705078125,34.83438694065226,34.50923710601367,34.639297039869106,11302275,
2004-12-10,34.249107360839844,35.376291806134894,34.11904746449376,35.376291806134894,11900146,
2004-12-13,34.509239196777344,34.68264980634799,34.18408934243935,34.31414928417455,8461089,
2004-12-14,35.37629699707031,35.44132695478552,34.59593750448788,34.725997419918286,19229175,
2004-12-15,36.46014022827149,36.633550846904846,35.52804128437994,35.54972058854509,28750713,
2004-12-16,36.330074310302734,36.85031401895091,36.20001438314068,36.63354482760485,11662995,
2004-12-17,35.983245849609375,36.50348556776813,35.76648062341457,36.460134903997606,10503541,
2004-12-20,36.09162902832031,36.395103508353166,35.98324443492703,35.98324443492703,7543022,
2004-12-21,36.63354110717773,36.76360102113116,36.17833140834073,36.20001070674203,12386305,
2004-12-22,36.04828643798828,36.828646245202336,35.9399057775076,36.828646245202336,10146313,
2004-12-23,36.09162902832031,36.41677883938626,35.98324443492703,35.98324443492703,6996610,
2004-12-24,36.265045166015625,36.59019499126647,36.113305934822506,36.308395829973016,6717558,
2004-12-27,36.871978759765625,37.067068594473376,35.983234856392684,36.20000398547653,13158428,
2004-12-28,37.69570159912109,37.782406889714174,36.98037203666523,37.04540199688849,12664876,
2004-12-29,37.73906707763672,38.62781153934701,37.54397712036729,37.71739173875634,19708872,
2004-12-30,37.13211441040039,38.06420936269625,36.98037913047722,37.78241413737764,19720972,
2004-12-31,37.82575225830078,38.10754736056886,37.28383340971464,37.32718802895312,7890946,
2005-01-03,38.3676872253418,38.49774718203788,37.73906277827248,38.15092195388664,12163233,
2005-01-04,38.49773406982422,38.86623847798988,37.999169749260496,38.43270411362519,13687440,
2005-01-05,36.7852897644043,38.62780436211808,35.6581009079855,38.346009132570686,17104466,
2005-01-06,35.85319519042969,36.74193959511992,35.37630998184997,36.74193959511992,22095028,
2005-01-07,36.13497543334961,36.39509522298593,35.896530969811984,36.37341592777423,9361992,
2005-01-10,36.1783332824707,38.150911392358,36.02659803136929,38.150911392358,8200237,
2005-01-11,35.46300506591797,36.330073882873045,35.35462444063403,36.200013957241175,9977935,
2005-01-12,34.27077865600586,35.76646728805166,33.81556907233975,35.11616788281436,17880980,
2005-01-13,35.46300506591797,35.76647954876364,34.5092349240269,34.81270543775862,13217640,
2005-01-14,35.18120193481445,35.80982608971266,34.94275746865727,35.70144151980247,12506623,
2005-01-17,35.224571228027344,35.59307177480307,34.29247227061886,35.5497211040734,11141163,
2005-01-18,35.267921447753906,35.59307131964197,35.11618616391103,35.33295142213152,7756406,
2005-01-19,34.595943450927734,35.57139298431856,34.465883513142295,35.11618320206951,10792112,
2005-01-20,33.92396545410156,34.68264571191519,33.59881563814888,34.68264571191519,10544514,
2005-01-24,33.837257385253906,36.7202551679109,33.707197454280326,36.7202551679109,4581762,
2005-01-25,35.029476165771484,35.15953609711826,33.55546228746991,34.03234737937007,22563696,
2005-01-27,34.63930130004883,35.46301166969603,34.4225320708872,35.33295171984493,13667186,
2005-01-28,35.65808868408203,35.78814858684357,34.8994085640486,35.00778917027438,15215167,
2005-01-31,37.5006217956543,37.71738706494328,35.766487733997934,35.766487733997934,34446121,
2005-02-01,38.64946746826172,39.27809167124772,36.98036798481958,37.71737279689351,51985410,
2005-02-02,38.90959548950195,39.559895157678106,38.56277032284606,38.80121485754872,34264606,
2005-02-03,39.82002258300781,40.05846716296856,39.10469281224052,39.10469281224052,21975579,
2005-02-04,39.77665710449219,40.275217446412974,39.12635755493162,40.08012758154481,26055172,
2005-02-07,40.14516067504883,40.62204969475205,39.84169017427089,40.49198977467186,21897768,
2005-02-08,39.60324096679688,40.40527572245176,39.4515057344063,40.318570442387625,14936902,
2005-02-09,39.86336898803711,40.080134217408194,39.53821915942344,39.84169365583424,10829342,
2005-02-10,39.906715393066406,40.66539552398761,39.55988633464951,40.66539552398761,11229171,
2005-02-11,39.9500846862793,40.29691390650098,39.82002472097495,40.08014465158364,7557026,
2005-02-14,39.906715393066406,40.31857043468401,39.7766554884384,40.188510530056,7011639,
2005-02-15,40.16683578491211,40.51366087924615,39.58156620559716,40.01509658123637,19604012,
2005-02-16,39.92839431762695,40.49198861148911,39.82000973096902,40.318574066659146,14322358,
2005-02-17,40.05845260620117,40.25354247278981,39.53821296196479,39.88503806841788,12975904,
2005-02-18,40.44863128662109,40.88216563523897,40.12348151743604,40.188511471273046,16123810,
2005-02-21,40.05845260620117,40.79545744583154,39.88503806841788,40.5570169216322,9124350,
2005-02-22,40.16683578491211,40.21018644100801,39.84168601862603,40.12348115970285,7732782,
2005-02-23,41.14229965209961,41.27235960466777,39.885050797864224,40.31858529612968,17505744,
2005-02-24,40.68707656860352,41.402406074785546,40.47030740550301,41.402406074785546,18325854,
2005-02-25,40.6212043762207,41.25796650022201,40.44554377967484,41.25796650022201,9350716,
2005-02-28,40.84077072143555,41.192087839080784,40.53336573067053,40.7309823631936,11375136,
2005-03-01,40.84077072143555,41.060343417398734,40.577281878071446,41.060343417398734,6108627,
2005-03-02,41.016448974609375,41.27993793157577,40.77491609054938,40.77491609054938,5037324,
2005-03-03,41.25796508789063,41.34579739341756,40.99447621235216,41.038392365115634,4743553,
2005-03-04,41.25796508789063,41.65319840119832,41.1262206501214,41.34579739341756,7437644,
2005-03-07,40.48947143554688,41.54342727317046,40.35772695584392,41.30189438687423,13698188,
2005-03-08,41.23603057861328,41.38973116285329,40.31381903212672,41.06036989625094,10172664,
2005-03-09,40.6212043762207,41.45558316364062,40.35771549166257,41.38971094250108,8272939,
2005-03-10,40.86273956298828,40.92861179442809,40.44555010404346,40.70903902980271,5171821,
2005-03-11,41.06035232543945,41.27992908956049,40.840779581839975,41.016440189032494,6961393,
2005-03-14,40.84077072143555,41.14817571220056,40.64315408891247,41.0164312905185,3428025,
2005-03-15,40.29184341430664,41.19209442607868,40.22597119293204,40.92860554058026,5229544,
2005-03-16,40.11617660522461,40.59923814699682,40.006388246427,40.37966544992231,2940363,
2005-03-17,39.54529571533203,40.182061972002245,39.32572294636941,40.182061972002245,3161128,
2005-03-18,39.391597747802734,39.69900286081364,38.35959802739077,39.52334222187565,5950956,
2005-03-21,38.71090698242188,39.50137357523012,38.64503476635452,39.479413489527005,2526499,
2005-03-22,37.63499069213867,39.040267287344754,37.45933413312861,38.77677842830873,6265648,
2005-03-23,36.866493225097656,41.93865500319019,36.55908814079687,41.93865500319019,7610011,
2005-03-24,36.932373046875,37.28369034362538,36.44930724075516,36.66888406918154,6350264,
2005-03-28,37.81065368652344,38.052186496239415,36.976270906112845,37.50324865784139,6776629,
2005-03-29,37.21780776977539,38.18393509335346,36.97627493375047,38.18393509335346,6381501,
2005-03-30,37.48129653930664,37.76674151138291,37.042147026440254,37.5032526077674,4986117,
2005-03-31,37.45933532714844,37.96435297605103,37.28367474201825,37.65695197772451,7579984,
2005-04-01,38.4693717956543,43.47565990604767,37.41541640399254,43.47565990604767,5282652,
2005-04-04,37.76673126220703,39.47940867091964,37.634986846152216,38.44741342550392,7192185,
2005-04-05,37.744773864746094,38.11805103720616,36.84451904670493,38.11805103720616,7638286,
2005-04-06,37.32758712768555,37.76673251542683,37.10801041329426,37.76673251542683,5135911,
2005-04-07,37.34954071044922,37.70085780141461,37.15192409293361,37.3275846486765,3493468,
2005-04-08,37.700870513916016,37.8326149700165,37.327597235312446,37.54716998863936,10626394,
2005-04-11,37.32758712768555,37.76673251542683,36.97626599286775,37.76673251542683,3743150,
2005-04-12,37.54717254638672,37.61304477892424,37.12998308048976,37.43738415198352,2742658,
2005-04-13,37.81065368652344,37.92044205830728,37.32759208761266,37.65695318244301,9294199,
2005-04-15,36.888450622558594,37.54717295510429,36.71278999370573,37.54717295510429,7040632,
2005-04-18,36.47126388549805,36.77866498337651,35.13185902859066,36.449303792419336,5813714,
2005-04-19,36.62495803833008,37.10801969386559,36.44929742698915,36.64691410705208,4192336,
2005-04-20,37.129974365234375,37.30563093042248,36.47125219447636,36.712780976740255,3868274,
2005-04-21,37.437381744384766,37.54717013172748,36.66887509455104,37.28368121852237,2150659,
2005-04-22,37.37151336669922,37.65696239909747,37.21781282500012,37.4813017653541,2223810,
2005-04-25,37.744773864746094,37.76672992647185,37.26171236313687,37.37149669228602,2630864,
2005-04-26,37.65695571899414,37.87652845683094,37.48129511641184,37.72282794239732,4058134,
2005-04-27,37.10801315307617,37.70086308876714,36.910396507845846,37.32758988367938,2715512,
2005-04-28,35.83449935913086,37.1080280206905,35.46122198396573,37.1080280206905,15146318,
2005-04-29,36.07602691650391,36.44930021594754,35.74666575786426,35.81253798959219,6940116,
2005-05-02,36.05407333374024,36.31756230821464,35.63688379766332,36.18581782097744,2775561,
2005-05-03,36.0321044921875,36.20776508643651,35.85644389793849,36.20776508643651,1882176,
2005-05-04,36.0321044921875,36.27363730671473,35.96623227190928,36.119932779051375,2772879,
2005-05-05,36.27363967895508,36.6030008018859,36.14189522978275,36.185807365825845,2929875,
2005-05-06,36.44930267333984,36.537135001913335,36.14190158489932,36.27364605723733,2120811,
2005-05-09,37.02018737792969,37.12997575065956,36.44929346846404,36.44929346846404,4601506,
2005-05-10,37.2397575378418,37.56911861282425,37.06410097819845,37.2836736880131,4950649,
2005-05-11,37.30564880371094,37.7667545441592,36.88845923586065,37.50326554961733,4892307,
2005-05-12,37.19585418701172,37.54717140973587,37.108021865939264,37.32759864809851,2208519,
2005-05-13,37.15193939208984,37.305639928833465,36.756705994301655,37.10802322993937,2057976,
2005-05-16,37.37151336669922,37.5471740004426,37.12998451838951,37.327601223655,3278509,
2005-05-17,36.80062103271485,37.54717164334421,36.66887657080837,37.15193825762479,1394779,
2005-05-18,37.04214096069336,37.19584547631396,36.55907939000805,36.84452431534197,2263226,
2005-05-19,36.888450622558594,37.30564009299685,36.888450622558594,37.1958557179206,931623,
2005-05-20,36.80062103271485,36.99823772557455,36.60300433985513,36.888449333811856,1914892,
2005-05-23,36.932373046875,37.08607361035528,36.712796218448624,36.88845687708518,1451638,
2005-05-24,36.82257843017578,37.10802343442173,36.75670619684809,37.10802343442173,1410805,
2005-05-25,36.888450622558594,37.06411125141146,35.680794353065515,36.82257838930403,1504423,
2005-05-26,36.20777130126953,36.95432191905629,36.03211067686949,36.95432191905629,11096572,
2005-05-27,36.49322128295898,36.932370893686205,36.36147680179307,36.44930511572952,4510701,
2005-05-30,36.36147689819336,36.84453865690824,36.20777634326647,36.84453865690824,1597528,
2005-05-31,36.66887664794922,36.800621110132845,36.339515492490165,36.800621110132845,2384834,
2005-06-01,36.69083023071289,36.84453075266647,36.58104184616225,36.58104184616225,1894700,
2005-06-02,36.163848876953125,36.9762715856241,36.09797665677653,36.8445271452709,2128778,
2005-06-03,36.5371208190918,36.60299302969081,36.14188755549773,36.16384361885718,2940793,
2005-06-06,37.6130485534668,38.51330382866261,36.49322048795202,36.62496496624787,14845281,
2005-06-07,37.76673126220703,38.249796801421695,37.65694692917503,38.249796801421695,3672279,
2005-06-08,38.00827026367188,38.24980307288106,37.722825322258224,37.98631419756964,3469869,
2005-06-09,37.72282791137695,38.20588954242926,37.65695568802794,38.096101163340414,2383323,
2005-06-10,37.59107971191406,38.05218522932444,37.41541912701263,37.98631301255153,2814424,
2005-06-13,37.32758712768555,37.94239308283573,37.19584270725903,37.94239308283573,2927826,
2005-06-14,36.44930267333984,37.72283525295535,36.361474365288586,37.72283525295535,5781656,
2005-06-15,36.77865982055664,36.976276507390416,36.47125876582973,36.47125876582973,2040284,
2005-06-16,36.4053840637207,36.954317927460416,36.36146790723378,36.82257347852117,1268052,
2005-06-17,36.42734146118164,36.559085914929135,36.2297247805604,36.559085914929135,2357138,
2005-06-20,36.42734146118164,36.84453089120815,36.25168084934443,36.84453089120815,1709616,
2005-06-21,36.42734146118164,36.559085914929135,36.01015203115514,36.44929752996568,2324115,
2005-06-22,36.97627639770508,37.30563754145103,36.44929856771155,36.66887534389004,5326227,
2005-06-23,37.04214096069336,37.634990896747546,36.93235661584544,37.10801317581049,4694352,
2005-06-24,37.569114685058594,37.766731309387694,36.66886385457304,36.93235268701184,4311288,
2005-06-27,37.19585418701172,37.96436086300342,36.55908795158493,36.55908795158493,4361748,
2005-06-28,36.38343048095703,37.261729644615535,36.25168600846048,37.261729644615535,3276250,
2005-06-29,36.866493225097656,36.95432152610278,36.38342751826472,36.49321590991255,2680621,
2005-06-30,36.44930267333984,37.1519411993166,36.27364605723733,36.93236841892734,6026152,
2005-07-01,37.32758712768555,37.63498809500032,36.55907666835734,36.66886502555298,4060176,
2005-07-04,38.31568145751953,38.60112644486737,37.43738238479697,37.67891523287395,7433239,
2005-07-05,37.81065368652344,38.7548208181967,37.56912087680746,38.64503646693404,6334868,
2005-07-06,39.215938568115234,39.43551538008888,37.94240994486229,38.03023825733828,13292671,
2005-07-07,38.29371643066406,39.63312093671177,37.98631541330991,39.41354418657732,7875871,
2005-07-08,38.97440719604492,39.15006380969511,38.38155707880069,38.62308592770023,4128958,
2005-07-11,39.52333831787109,40.072272232112006,39.17202109521953,39.41354992681416,7688170,
2005-07-12,39.63312911987305,39.83074582348373,39.128107314916136,39.80878573162335,4935207,
2005-07-13,39.52333831787109,39.96248786157695,39.3037655562791,39.852699470520015,4272448,
2005-07-14,40.20400619506836,40.357710706517,39.084178568472325,39.698988573225215,7632706,
2005-07-15,40.37968444824219,40.51142893257577,39.54530137395532,39.54530137395532,6760866,
2005-07-18,40.37968444824219,40.55534510086116,40.182067721741824,40.51142893257577,3642909,
2005-07-19,40.401634216308594,40.6212110029418,40.006400824995175,40.006400824995175,3925934,
2005-07-20,40.48947143554688,41.06036150057801,40.3796830289536,40.62121591524982,3236241,
2005-07-21,40.44553756713867,40.840770833267065,39.918559878967486,40.730982474724506,7763937,
2005-07-22,40.70904159545898,40.8407860666417,36.427346282020736,36.427346282020736,2693007,
2005-07-25,42.70716094970703,42.99260995898472,40.66512182736311,40.818826377134734,17576307,
2005-07-26,41.697113037109375,42.773024566245,41.4994963876444,42.70715234975668,6376786,
2005-07-27,41.41168975830078,41.93866776574248,41.14820075457994,41.87279551481227,3460971,
2005-07-28,41.41168975830078,41.41168975830078,41.41168975830078,41.41168975830078,0,
2005-07-29,41.19210433959961,42.09235958855341,40.42359758562367,41.78495447464966,15467214,
2005-08-01,43.212196350097656,43.34394085116502,40.92862365808886,41.411689509017954,12007342,
2005-08-02,43.453704833984375,44.02459467048357,43.08042761741117,43.47566089830485,7836043,
2005-08-03,42.5534553527832,43.87089979094986,42.37779475418719,43.87089979094986,5438194,
2005-08-04,42.20213317871094,43.03651187706525,42.0703887504949,42.55345031378008,5839686,
2005-08-05,42.37779998779297,42.7730333680538,41.982566607532135,42.26801561806842,4478028,
2005-08-08,42.48759460449219,42.707167396641,41.82887220752332,42.39976629173715,6134382,
2005-08-09,42.92673873901367,43.12435543292138,42.37780079781099,42.70716195432383,10624269,
2005-08-10,42.46564102172852,43.03653111889837,41.71908624770228,42.59738550884813,4850857,
2005-08-11,42.61933135986328,42.99260865733636,42.46563083526694,42.99260865733636,4261576,
2005-08-12,42.22409439086914,42.81694439011692,42.02647772445322,42.61932772370099,3501807,
2005-08-16,42.575416564941406,43.91482125261888,42.180183185729405,43.91482125261888,5892031,
2005-08-17,42.575416564941406,42.70716102467875,42.04843872599207,42.28997157568447,4096611,
2005-08-18,42.77303695678711,43.058485991273066,42.53150810671092,42.70716472121684,6926876,
2005-08-19,42.531497955322266,43.036515627142265,42.268009075930536,42.9047711874464,4346886,
2005-08-22,42.50953674316406,42.99260235627669,42.11430343453799,42.59736904765061,3250418,
2005-08-23,42.50953674316406,42.641281179372754,42.02647515057257,42.59736904765061,3695304,
2005-08-24,42.28997421264648,42.50954698572607,41.192102306204376,42.02648527674214,3732639,
2005-08-25,42.575416564941406,43.23413886362808,42.15822711594713,42.15822711594713,7767835,
2005-08-26,43.51959991455078,43.673300486596766,43.05849417788989,43.08045025374704,7039450,
2005-08-29,43.51959991455078,43.848961155022856,43.05849417788989,43.51959991455078,3817153,
2005-08-30,44.70529174804688,44.85899229041462,43.40980311216334,43.84895268817112,8507703,
2005-08-31,44.81508255004883,45.0785715293152,44.28810459151607,44.705298155703005,5372242,
2005-09-01,45.62750244140625,45.78120298174646,44.61745883196448,45.01269223900113,6211816,
2005-09-02,45.517704010009766,45.80314895644003,45.01268231661353,45.58357622999531,4662752,
2005-09-05,45.45183944702149,46.02273345657833,45.320094984856205,45.73728444153895,3683371,
2005-09-06,45.29814147949219,45.67141479641429,45.03465254024264,45.49575818392935,1581228,
2005-09-08,45.94239044189453,46.097904151172585,45.12040509739786,45.320347808316896,4046960,
2005-09-09,45.60914611816406,45.89795492707119,45.36477444028176,45.89795492707119,1720358,
2005-09-12,45.96461868286133,46.14234286251338,45.38700492937784,45.54251460353482,2604115,
2005-09-13,45.76466751098633,46.12011987274704,45.25370143583127,45.76466751098633,1530318,
2005-09-14,45.52029037475586,46.764379705807286,45.20926702503179,45.58693794485068,5520868,
2005-09-15,45.45363235473633,46.075674843330205,45.209256631289776,45.7424370694685,2383270,
2005-09-16,46.2534065246582,46.653291883661005,45.364773749488926,45.586930926320186,7059681,
2005-09-19,45.56473922729492,46.631100718189415,45.47587305782287,46.20899658281284,4741778,
2005-09-20,46.03125,46.18675961920073,45.36477439221933,45.58693157219812,4057971,
2005-09-21,47.98625564575195,48.497221760891264,43.98740100860596,46.20898556218308,10175421,
2005-09-22,45.74245071411133,48.18619647399685,45.3647838363087,47.76409652381062,4970695,
2005-09-23,45.45363235473633,46.65328834063846,45.00931396697276,45.764655632955225,3364087,
2005-09-26,47.47529983520508,47.69746118627498,45.764681025474616,45.764681025474616,3132052,
2005-09-27,47.07539367675781,47.8751644276674,46.45335111533183,47.54192661478841,2480824,
2005-09-28,48.51943588256836,48.76381168664327,46.87546096649629,46.89767953731372,6013798,
2005-09-29,47.830753326416016,48.6527388831043,47.20870646441512,48.430581614015935,2768629,
2005-09-30,47.07539367675781,48.1639732440588,46.54221317615143,47.09761224284601,3225936,
2005-10-03,47.07539367675781,47.54192661478841,46.78658892821082,47.51971211654461,3570984,
2005-10-04,47.364200592041016,47.54192470654671,46.786587050286926,47.09761035243824,7038571,
2005-10-05,47.96403884887695,48.497219441665415,47.31977760997586,48.43057186756685,6620883,
2005-10-06,47.96403884887695,48.87488631632717,47.11983488768019,47.54193483435602,9196647,
2005-10-07,47.71967315673828,48.76382006127479,47.586377980322816,48.38614903881563,3251436,
2005-10-10,46.91987609863281,47.98623691905628,46.742147939281,47.9418038622574,3053714,
2005-10-11,46.74217987060547,47.38644132901156,46.43116046407548,47.23093162574656,3357207,
2005-10-13,45.8090934753418,46.85324005780344,45.5869362724574,46.786592490153645,2054914,
2005-10-14,45.60914611816406,46.91988283746949,45.43142200113044,46.91988283746949,3225828,
2005-10-17,44.89824676513672,46.43114084392643,44.56500892192156,46.43114084392643,2336038,
2005-10-18,43.87632369995117,46.653307654374366,43.32092853620477,46.43115040244493,3121414,
2005-10-19,43.40977478027344,44.76494450563396,42.210118735567214,43.98738830589485,4909842,
2005-10-20,43.80965805053711,45.23147526649748,43.165401065278864,43.54306783102503,5171348,
2005-10-21,43.454219818115234,43.98740042938046,42.032406210689736,43.98740042938046,6006582,
2005-10-24,43.2764892578125,43.92075048429424,42.65444660083204,43.5430795490677,4344340,
2005-10-25,43.92074966430664,44.2095544518262,42.78774094762498,43.38756909175056,4495058,
2005-10-26,42.610008239746094,44.0540401607204,42.27677041704775,43.45421207986339,4181930,
2005-10-27,41.676944732666016,43.63194278347406,41.21041175406212,42.87660096336174,11978725,
2005-10-28,41.85467529296875,42.1656986521557,40.78831413900776,41.36592778668496,5708278,
2005-10-31,43.16541290283203,43.320922550912606,41.78802836834185,41.92132351465235,2851002,
2005-11-02,43.32090759277344,43.54306473730132,42.63221759724646,43.09875044824556,2447100,
2005-11-04,43.32090759277344,43.32090759277344,43.32090759277344,43.32090759277344,0,
2005-11-07,43.5653076171875,44.54280285301818,43.29871726780716,43.32093177430688,2498920,
2005-11-08,45.43143081665039,46.320063777781776,43.56529875078292,43.89853661968783,12596865,
2005-11-09,44.36506652832031,46.0090371878587,44.00961011449191,45.45364213453841,5372779,
2005-11-10,44.45392990112305,45.20926768392446,44.25398718792459,44.6538726143215,3034269,
2005-11-11,46.23119735717773,46.4311400597299,44.698303304277765,44.87602743909434,6832394,
2005-11-14,46.18677520751953,46.65330829042377,45.7202421246153,46.43115103546555,1579156,
2005-11-16,46.009056091308594,46.58666995021671,45.87576089831799,45.87576089831799,1612423,
2005-11-17,46.23119735717773,46.60886419454648,45.87574095185519,46.208978789442135,1163446,
2005-11-18,45.542510986328125,46.87546256707768,45.23149166271683,46.253419852009685,5514091,
2005-11-21,46.2534065246582,46.69772494616495,44.96488839048612,45.853521165655394,5641333,
2005-11-22,45.98683547973633,46.38672100564708,45.54251687277574,46.253425830343495,2098209,
2005-11-23,45.67580032348633,46.43114216821404,45.32034796986704,45.76466646277481,2449347,
2005-11-24,45.56473922729492,46.186782074367954,45.32036336301618,45.32036336301618,1564448,
2005-11-25,45.8090934753418,46.12011681365573,45.5869362724574,45.63136934017216,1779430,
2005-11-28,47.56415557861328,47.87517489339429,46.98654188740596,47.20869912194172,4709002,
2005-11-29,46.675514221191406,47.87517049970904,46.27562879501886,47.76409392655771,2138724,
2005-11-30,46.320072174072266,47.2975714559965,46.14234392249173,46.85325286096806,2423460,
2005-12-01,46.586669921875,47.05320309705829,46.07570365977304,46.63110300879366,2287906,
2005-12-02,46.1423454284668,47.09763023556384,45.986835745662,46.65331162603391,1542573,
2005-12-05,45.65359878540039,46.60887954515596,44.876042218994776,45.05377048019075,1322164,
2005-12-06,45.8090934753418,46.27562644889034,45.43142663722279,45.76466447547174,2460332,
2005-12-07,46.36449432373047,46.78659424539976,45.72023312299748,45.80909519391605,4865184,
2005-12-08,46.03125,46.6310780470026,45.67579363062078,46.58664498386913,2744271,
2005-12-09,46.89767837524414,46.98654045277618,46.05347440123169,46.40892677920501,2566724,
2005-12-12,47.47529983520508,47.63081359452325,46.56445212649546,46.9865521849744,3636440,
2005-12-13,47.497501373291016,47.852953712514655,46.94210226268847,47.49750137329101,2970343,
2005-12-14,48.11956024169922,48.43058368600608,47.09763187875679,47.453084338074575,4745539,
2005-12-15,47.03097152709961,48.408351975624,46.87545781321992,48.36392297266837,1090989,
2005-12-16,47.40864181518555,47.67523212355181,46.67551846717832,47.09762250065509,2680216,
2005-12-19,47.07539367675781,47.586359679120406,46.74215586387882,47.56414518087661,2418192,
2005-12-20,49.208126068115234,49.652444601707565,46.87546088548468,46.87546088548468,11503945,
2005-12-21,49.34142303466797,49.71909400549283,48.47500450642211,49.71909400549283,5667063,
2005-12-22,50.20782852172852,50.42998977290651,49.00817240960704,49.54135290388326,6296605,
2005-12-23,48.03070068359375,50.60773826864664,47.65302962895397,50.43001406351311,5053946,
2005-12-26,47.05319213867188,48.0973389292368,46.89768247244347,47.98625827173336,3863569,
2005-12-27,48.09733581542969,48.20841239789655,46.697736706447095,47.05318909246251,1324669,
2005-12-28,48.96376037597656,49.430293470087534,47.74188527474112,48.2084183688521,4203852,
2005-12-29,48.9415397644043,49.58580108062982,48.58608734916551,48.96375833700056,4763624,
2005-12-30,49.76351547241211,50.00788716019488,48.47499319857165,48.91931164484538,3884166,
2006-01-02,49.3192138671875,49.96347522410388,49.09705660211274,49.94125665010432,522862,
2006-01-03,49.80795669555664,49.94125185537334,49.09705188843124,49.31920913217725,665920,
2006-01-04,51.140899658203125,51.451923001205294,49.874595853769314,49.941243422423724,4677666,
2006-01-05,50.67437744140625,52.02954767046188,50.252277439551314,51.096481511106816,3172017,
2006-01-06,50.76324081420898,51.20755529669507,50.47443192596308,50.874317400907806,1085485,
2006-01-09,50.76324081420898,52.42943029314532,50.56329807673662,52.42943029314532,6709496,
2006-01-10,51.49636459350586,52.09619281068189,50.65216056153185,50.874317804537455,3637624,
2006-01-12,51.74074935913086,52.34057772723183,50.78546849921519,52.02955832233638,4185153,
2006-01-13,51.363067626953125,52.207267561379005,51.1409063239187,51.94067725201393,3293721,
2006-01-16,50.518856048583984,51.60743162596057,50.31891334654474,51.54078405861415,1356850,
2006-01-17,49.40805435180664,50.94094816648068,49.09703513029056,50.76322405928408,3988780,
2006-01-18,48.96376037597656,49.76353139445252,48.54165629321708,49.31921280601729,2886445,
2006-01-19,50.20782852172852,50.42998977290651,48.96374341364693,48.96374341364693,1563042,
2006-01-20,49.96348571777344,50.74103834276486,49.85240502798322,50.29672371929739,1540024,
2006-01-23,49.76351547241211,50.2966959808028,49.6746493424507,49.8745920330972,1015195,
2006-01-24,50.25228118896485,50.49665703345399,49.76353356783248,50.29671427010267,2481194,
2006-01-25,49.74129867553711,50.60771703249465,49.29698428130144,50.2966977700986,1897899,
2006-01-27,50.65216445922852,51.42972097134948,50.14119828636667,50.20784587118144,5665734,
2006-01-30,50.185638427734375,51.54080482038754,50.00791015393616,51.54080482038754,2396570,
2006-01-31,50.87430191040039,51.940662852227774,50.42998756320176,50.6965777986586,13209134,
2006-02-01,51.49636459350586,52.20726939826198,50.94096538422368,51.22977427476096,4431958,
2006-02-02,51.140899658203125,51.82959391286188,50.91874245197,51.185332726587646,1040521,
2006-02-03,52.3627815246582,52.74044841940879,51.05204447505093,51.05204447505093,4787193,
2006-02-06,52.60714340209961,53.38469968479259,52.42941927359717,52.42941927359717,3867030,
2006-02-07,53.27363586425781,53.40693103661864,52.82932133495232,52.87375034717537,2730688,
2006-02-08,54.31777572631836,54.539932962297605,52.87374352283999,53.27362898830982,5610171,
2006-02-10,53.85124588012695,54.60658378157295,53.6068700585508,54.31777895087063,3879676,
2006-02-13,54.1900749206543,54.687022945007534,52.02156843460691,54.687022945007534,2563257,
2006-02-14,53.53498840332031,54.25782506847754,53.30910375500098,54.09970209216699,3149287,
2006-02-15,56.06492614746094,56.38116805209344,53.535003318694486,53.535003318694486,12139212,
2006-02-16,56.245643615722656,56.90071473934418,53.53501018845891,53.53501018845891,4806898,
2006-02-17,55.09362030029297,56.76517883447477,54.70961254803684,56.35858385070876,4818618,
2006-02-20,55.47761535644531,55.65832143936563,54.66442557501255,55.11619491841046,3287932,
2006-02-21,55.52280044555664,56.31340315210336,55.36468155868646,55.56797904299008,2677657,
2006-02-22,58.5722541809082,59.13697209025017,55.45502654217862,55.56797095126648,6971108,
2006-02-23,59.27251052856445,60.89889035279855,58.00754706434977,58.5948522684669,13658602,
2006-02-24,59.95018005371094,60.67301290957504,59.18216445721981,59.18216445721981,4217091,
2006-02-27,60.37934875488281,60.56005899629771,59.72427774883919,60.31158293136442,4846699,
2006-02-28,59.249908447265625,60.98923237899524,58.73037329921295,60.560050270582806,6984183,
2006-03-01,60.0857048034668,60.31158952786807,58.97886014087499,59.85981594296745,4073925,
2006-03-02,59.79203796386719,61.32806453157062,59.29509001671192,60.31157727414127,6956978,
2006-03-03,59.227333068847656,60.379352133115866,59.024035586917975,59.63392803270703,3389964,
2006-03-06,61.486175537109375,61.96053619663619,59.63391148337027,59.63391148337027,8753725,
2006-03-07,62.34456253051758,63.15775247656781,61.66690424214239,61.66690424214239,8789065,
2006-03-08,60.582645416259766,62.593032865819175,60.108284657966905,62.073493513751615,7486602,
2006-03-09,61.35066604614258,61.66690797857828,60.08570658859619,60.76336491803112,2590677,
2006-03-10,61.87018966674805,62.50266923389381,61.48618199950036,61.802423851121816,2657442,
2006-03-13,62.97702407836914,64.1516341972331,61.91536248982645,62.29936598521561,5114572,
2006-03-14,62.29938507080078,63.81282469988783,61.892790090347184,63.29328529060889,3052716,
2006-03-16,61.418418884277344,63.24809598663155,61.05700256374599,63.24809598663155,5191208,
2006-03-17,62.00573348999024,62.751157608449134,61.03442465372796,61.03442465372796,2741082,
2006-03-20,62.20904541015625,62.75117216754323,61.96056926765424,62.344577099503,3491366,
2006-03-21,62.41232299804688,63.60952058336804,62.23161275797078,62.4575015920903,4907133,
2006-03-22,61.89281463623047,62.480120108502696,61.5991639681442,62.34458839460139,5786082,
2006-03-23,61.328067779541016,62.34455509080412,60.944060083253575,62.34455509080412,6070077,
2006-03-24,61.23772048950195,62.00573181820485,61.01183164169099,61.66690268258624,4524266,
2006-03-27,61.82501220703125,62.29937292508033,61.44100866886585,62.05090102064324,3314450,
2006-03-28,61.35066604614258,62.25421324278795,61.12478131503034,62.25421324278795,3482277,
2006-03-29,61.1021842956543,61.66689810103049,60.85370823596196,61.44101340609952,1860073,
2006-03-30,60.108280181884766,61.64430675876806,59.85980413877353,61.21512049011253,4624676,
2006-03-31,60.582645416259766,61.37324805878039,60.3115821258067,60.3567607195814,5407134,
2006-04-03,61.16992950439453,62.00570631648265,60.989219327687856,61.3732269021535,4955148,
2006-04-04,61.80244064331055,62.59304341912834,61.44102424047014,61.44102424047014,8450972,
2006-04-05,62.77373123168945,63.112560302994176,61.96054146055811,62.34454912006915,4434003,
2006-04-07,62.27678680419922,64.42270575504156,61.89277912311659,63.24809548447021,11692426,
2006-04-10,61.87018966674805,64.4227034340351,61.55394781512659,64.4227034340351,4097570,
2006-04-12,61.57655715942383,63.29329027791258,61.26031521545286,62.34456858209805,7083028,
2006-04-13,62.32197952270508,63.067403690429686,57.60095841508316,61.89279315358603,8980795,
2006-04-17,62.34456253051758,63.24810553631852,62.16385227491821,62.38974112844191,12696256,
2006-04-18,63.06740188598633,63.451405507034536,62.34456497138682,62.57044969765624,3951499,
2006-04-19,64.46788787841797,65.1681375058132,63.248103008101104,63.248103008101104,7346060,
2006-04-20,62.88668823242188,65.46178969021501,62.43491466814484,63.49658068295183,8554742,
2006-04-21,61.418418884277344,63.24809598663155,60.92147092653456,62.8640924385974,3915998,
2006-04-24,60.56006240844727,62.05091060985098,60.31158632951402,61.441018163822186,6282261,
2006-04-25,58.05273818969727,60.53748292226304,57.73649622136582,60.085713408759446,8504127,
2006-04-26,59.227333068847656,59.49839637808724,58.14307983188935,59.13698001113375,3236005,
2006-04-27,58.45930480957031,59.95015257867291,58.27859461037414,59.49837914873081,5564089,
2006-04-28,61.35066604614258,61.66690797857828,54.70961441768031,57.98496576734792,6778545,
2006-05-02,61.011837005615234,62.79634003415838,60.80853950637095,60.9892497732875,2403027,
2006-05-03,60.98924255371094,61.80243245442709,60.74076648312621,61.53136915418837,2845204,
2006-05-04,59.88240814208984,61.84761726635048,59.58875344658317,61.44102227512414,3110049,
2006-05-05,59.85982131958008,60.89890024457182,59.72428964554623,60.08571020036877,1879905,
2006-05-08,58.97884750366211,60.51487405432615,58.73037560088943,60.08569192909383,9435357,
2006-05-09,58.45930480957031,59.8597954110265,57.84941254039198,59.8597954110265,13389532,
2006-05-10,58.54965972900391,59.611325462356845,58.36894952398089,59.18213924243928,8397000,
2006-05-11,58.32378768920898,59.38544951608394,58.05272439109662,59.20474340807415,2878369,
2006-05-12,59.18216323852539,59.74688130715743,57.6009617457723,58.278620119251975,5862961,
2006-05-15,58.14307403564453,59.85980677765594,57.21693977603574,59.1821485721123,4608276,
2006-05-16,59.18216323852539,59.9050002156032,54.70961797355954,58.61744930599181,9388134,
2006-05-17,58.97884750366211,60.49228682755514,58.64001842161101,59.58873985135408,5656334,
2006-05-18,55.90679550170898,58.64001523642688,55.116192974500976,58.64001523642688,6087843,
2006-05-19,53.39946746826172,58.278606627798325,51.75050051989528,57.37506371769442,6120337,
2006-05-22,50.39518737792969,55.50021156436986,38.44581062071365,55.11620383785038,13721882,
2006-05-23,52.92511367797852,53.76089087635351,46.12594338912706,51.05025765340967,6588608,
2006-05-24,53.6931266784668,55.74869302576972,51.72791753207493,52.857349454677696,13065013,
2006-05-25,53.2187614440918,56.24563642985984,51.50202853818491,53.760888060283214,4539127,
2006-05-26,52.97029113769531,54.709611327606986,52.45075173577343,53.08323142882331,6721026,
2006-05-29,51.592384338378906,53.71571645541218,51.18578935461909,51.524618507752265,4453638,
2006-05-30,51.86343383789063,52.31520730035781,51.29872011187936,51.95379101204224,2266550,
2006-05-31,50.77919006347656,51.4794396779513,49.69493686542298,49.69493686542298,4859928,
2006-06-01,49.67234420776367,51.727905959081184,49.0172732601582,51.27613659999219,4482243,
2006-06-02,49.67234420776367,50.71141869698506,46.98429873596596,46.98429873596596,5779987,
2006-06-05,49.98860168457031,51.27615261879292,49.694946959716994,50.59849423235997,3770353,
2006-06-06,47.70712661743164,49.64974773528725,47.23276598345149,49.24315290616141,6363505,
2006-06-07,45.26758193969727,48.09116003619232,45.17722886342738,47.232791335282926,6615776,
2006-06-08,45.24497222900391,48.294433569388914,43.37011684103128,45.1772064214398,13707193,
2006-06-09,49.06245040893555,50.14670345664683,44.72543821809042,44.72543821809042,7792884,
2006-06-12,48.45256423950195,49.920825140610326,47.43607687783408,49.920825140610326,2335544,
2006-06-13,46.87135314941406,47.54901124730392,46.30663531044132,47.43606685229001,3895657,
2006-06-14,45.53862762451172,49.017271411574,45.06426692008972,47.16500718253,3993133,
2006-06-15,47.70712661743164,48.00077705976814,46.10333452384756,47.30053178830581,2913580,
2006-06-16,49.49164581298828,50.59849052036096,48.00079747220718,50.59849052036096,3742632,
2006-06-19,50.86954498291016,51.45684601490324,48.36220957435447,50.598481695498734,3347431,
2006-06-20,50.48554611206055,51.00508554918385,48.90434470425247,48.90434470425247,2111404,
2006-06-21,51.41167068481445,51.77308701652736,49.92082262936472,50.01117567826858,3336972,
2006-06-22,52.78957748413086,53.03805355359836,51.61497123374374,51.61497123374374,2261394,
2006-06-23,51.99896240234375,52.60885467953235,51.614958911141336,52.40555725380282,1719936,
2006-06-26,49.582008361816406,52.36040784196373,48.88175858096552,51.95381279608851,1050855,
2006-06-27,48.88173675537109,50.14669993421233,48.02337257695815,49.69492648403399,1774034,
2006-06-28,49.13021469116211,49.92081722581084,47.48124794459452,48.79138562432651,1094737,
2006-06-29,48.362213134765625,50.10153326630547,47.70714209659605,48.88174838315387,3537933,
2006-06-30,50.101524353027344,50.75659527465697,49.24316012313704,49.559397834739954,2711944,
2006-07-03,50.37259292602539,51.20837415395056,49.80787912193617,50.59848175653909,3931270,
2006-07-04,52.13450622558594,52.54110117223981,50.59848362895866,50.59848362895866,4622553,
2006-07-05,52.24745941162109,52.40557831648469,51.27615047700464,52.17969357580836,2371746,
2006-07-06,51.86343383789063,52.247441487792585,51.07283544869424,52.247441487792585,1175280,
2006-07-07,52.1796875,53.06064326298702,51.50202922077923,51.50202922077923,3926973,
2006-07-10,53.01546859741211,53.26394469691987,51.70533053912197,51.95380663862973,2017519,
2006-07-11,52.81215286254883,53.30910488996697,52.54108962435593,53.08321610074171,852025,
2006-07-12,53.39946746826172,53.67053075490264,51.3439055899339,52.54109901519963,2459215,
2006-07-13,53.28653335571289,53.738306966158085,52.518521940444536,53.67054113139622,824454,
2006-07-14,53.46722412109375,53.647934326564446,52.0667293349137,52.721800210660255,1992686,
2006-07-17,51.27615737915039,53.26395411852989,50.46296723993619,52.8573590489228,2146498,
2006-07-18,51.09543228149414,52.405570192063976,50.82436898026606,51.50202723333627,2117318,
2006-07-19,50.1693000793457,51.886037150482,49.37870150804932,51.502029412130845,2243239,
2006-07-20,51.34390640258789,51.77308856786313,50.41777211320702,51.41167222532069,1221241,
2006-07-21,48.678443908691406,51.276136321797175,48.38479341326701,51.050247507380966,2370795,
2006-07-24,48.42998504638672,49.01728619540567,47.16502140771036,48.61069118327024,1962242,
2006-07-25,49.94341659545898,50.44036463561993,48.88175054919448,48.88175054919448,2414578,
2006-07-26,50.46294403076172,50.59847565829635,48.79138591246887,48.79138591246887,782430,
2006-07-27,51.7053337097168,52.15710733577074,50.64366754973436,51.05026257235336,4033213,
2006-07-28,51.90860748291016,52.15708348402504,51.14059639232314,51.90860748291016,1515192,
2006-07-31,52.066741943359375,52.834757400519294,51.750504177326754,52.15709913602395,788168,
2006-08-01,52.40556335449219,52.744392436818856,51.79567100630418,52.06673427216552,1017633,
2006-08-02,54.393367767333984,54.619252461677306,52.4055675671616,52.74439667672535,6430790,
2006-08-03,54.50630187988281,55.90679675300043,54.00935395411072,54.89030953930951,3129458,
2006-08-04,54.122314453125,55.40986530673195,53.35429890585532,54.66444112832793,1844979,
2006-08-07,54.50630187988281,54.89030953930951,53.64793765683074,54.2126513968489,1186850,
2006-08-08,54.77737045288086,55.18396537781629,54.43854134876799,54.43854134876799,794322,
2006-08-09,54.70961380004883,55.229153225449785,54.43855047133496,54.66443933599528,1332547,
2006-08-10,54.86773681640625,55.43245070569479,54.664439319930594,54.70961378397086,1738552,
2006-08-11,56.15528106689453,56.47151882262349,54.2126593932698,54.6644329335796,2278143,
2006-08-14,56.53928756713867,57.126592786266166,56.24563702562386,56.923295303041016,1241454,
2006-08-16,56.83293914794922,57.352474374927866,56.49411002770329,57.10400244414596,1729690,
2006-08-17,56.38116455078125,57.37506466354871,56.15527985355585,57.10400137243919,1251219,
2006-08-18,56.47152328491211,56.99106269051667,56.06492830733411,56.92329686092034,1668228,
2006-08-21,56.11010360717773,56.878114918753866,55.8390403047276,56.24563525840281,794491,
2006-08-22,55.47761535644531,56.47151122079839,55.22913932230848,56.13268214520141,1544102,
2006-08-23,56.01976013183594,56.33599794804337,55.342101759822185,55.56798650512728,2297907,
2006-08-24,56.94587707519531,57.60094805927446,55.5905606502712,55.99715557774844,2821874,
2006-08-25,56.5167121887207,57.69131873720477,56.29082742757728,57.42025536939316,1800327,
2006-08-28,56.35860061645508,56.81037019763475,56.13271168976595,56.56189816881572,1260921,
2006-08-29,57.53319549560547,57.93979051677583,56.13270015509698,56.47152933940562,5747562,
2006-08-30,56.9194221496582,57.942335062717696,56.62391119994548,57.942335062717696,1751530,
2006-08-31,56.48754119873047,57.69230707591022,56.30569272982214,57.28314177749952,1935409,
2006-09-01,57.2376708984375,57.601376118292215,56.39661038173128,56.601193007058,1362846,
2006-09-04,57.66959381103516,58.46519045868258,57.28315841841626,57.51047115170898,2406307,
2006-09-05,57.26040649414063,58.19239125776914,57.03308968554087,57.73776596505815,753802,
2006-09-06,57.44225692749024,58.01054480634542,57.03309165259183,57.26040846903167,801259,
2006-09-07,57.12401580810547,57.64683529021036,56.96489321594824,57.64683529021036,646882,
2006-09-08,56.87398147583008,57.51045949741716,56.55574038391402,57.26041679013921,914872,
2006-09-11,54.9190673828125,57.26040462922032,54.57809634326225,56.94216360489204,1065033,
2006-09-12,56.35115432739258,56.60120118187603,52.73686075794748,54.78268730668999,1923673,
2006-09-13,58.78341674804688,59.442628918792586,56.60120174115883,56.60120174115883,4220953,
2006-09-14,58.46517181396485,59.488085030940766,57.69230543744232,59.10165392380177,4242552,
2006-09-15,57.91961288452149,58.874331801091856,57.35132920254907,58.60155496778604,1722342,
2006-09-18,58.62428283691406,58.85159545279341,57.62409983500629,58.192383455826494,2241086,
2006-09-19,58.01055145263672,59.624478558148,57.53319191056397,58.64702945465209,4801804,
2006-09-20,59.07892227172852,59.147116489111134,54.55537390609627,54.55537390609627,3008708,
2006-09-21,58.96527862548828,59.783609381298085,58.6697675221711,59.21532135937764,2352752,
2006-09-22,58.66975021362305,59.32896229318428,58.26058495642867,58.965261229759584,1404356,
2006-09-25,57.71503448486328,58.987994520898646,57.41952761456262,58.66975347132869,1928763,
2006-09-26,57.94236755371094,58.23787450688492,57.41954371756101,57.73778485637997,1189738,
2006-09-27,58.01055145263672,58.87434213489082,57.7832346101531,58.19239993192975,2404515,
2006-09-28,57.89689254760742,58.60156476403065,57.6468456878628,58.192399445673,2436400,
2006-09-29,59.14713287353516,59.442644005549575,58.03329506848827,58.87435592844238,3669409,
2006-10-03,60.57918930053711,60.87470032262496,58.76067978454634,59.44262189360396,2131020,
2006-10-04,59.12438583374024,61.1474823150432,58.874338985283,60.0109106501631,3700234,
2006-10-05,59.53354644775391,60.4655353893336,59.32896381391283,60.4655353893336,778800,
2006-10-06,59.44262313842773,60.21548949079665,59.3289647304565,59.60174157979193,793576,
2006-10-09,58.897071838378906,59.78359663482337,58.4424423502233,59.328967146667765,845697,
2006-10-10,60.01090240478516,60.897427099401305,59.10164769515766,59.147107725180376,3750430,
2006-10-11,59.16984939575195,60.62465794784286,58.942532567874416,60.46553949812429,2971603,
2006-10-12,59.30623626708984,59.66993735498156,58.69248834001004,59.60174314086159,3336014,
2006-10-13,59.14713287353516,60.42009333805007,59.01074440098876,60.42009333805007,1518544,
2006-10-16,59.62445831298828,60.1700118901174,59.21529313014145,59.21529313014145,3632496,
2006-10-17,58.41972732543945,59.69268355937531,57.96509772060771,59.69268355937531,2046862,
2006-10-18,57.737770080566406,58.6470248930437,57.57864747075557,58.60156069563424,1520656,
2006-10-19,57.19221115112305,58.19239010507068,56.91943431600202,57.96507746321789,2786236,
2006-10-20,57.35133361816406,57.89688732677919,57.21494519101029,57.32860360105327,1217892,
2006-10-23,57.12401580810547,57.73776367494138,56.87396899346132,57.73776367494138,3043964,
2006-10-26,57.555912017822266,57.94234725369788,57.14674676651073,57.283135183614576,2678713,
2006-10-27,58.78341674804688,58.87434098591895,57.73777344466129,57.73777344466129,2179862,
2006-10-30,59.0334587097168,59.238041349647766,58.215128149992935,58.66975346389877,1254043,
2006-10-31,58.919803619384766,59.53355157375335,58.715220967928566,59.23804468684264,1440838,
2006-11-01,59.26079177856445,59.533568725761526,58.85162635776884,59.10167328011479,1425714,
2006-11-02,58.897071838378906,60.01090929777889,58.73794922828993,59.101654483712245,904171,
2006-11-03,59.851783752441406,60.05636637351442,58.89706485410069,59.328960111173465,1373470,
2006-11-06,60.647403717041016,60.80652637033145,59.44264169781744,60.05638980044875,3044740,
2006-11-07,59.57902145385742,61.12475441520365,59.32897457970799,60.94290592695416,1105332,
2006-11-08,58.37424087524414,60.01090183436313,57.91961144362973,59.579006579788086,1185566,
2006-11-09,58.53336334228516,59.101651211577824,57.760497001230114,58.64702174859256,2417749,
2006-11-10,59.37443923950195,59.53355770850522,58.32879169392302,59.05619813925031,1203237,
2006-11-13,62.71595764160156,63.05692877020353,59.215317946458,59.32897637674039,8726870,
2006-11-14,61.442989349365234,63.37515743834547,60.80651137984996,63.19330896833807,4474582,
2006-11-15,61.01108169555664,62.4658899727177,60.579182301556514,61.44297692731293,2618001,
2006-11-16,61.51118087768555,62.215853033215375,60.30641504588146,60.92016297038165,3431583,
2006-11-17,63.21603393554688,67.28495660108567,61.965808114599525,62.2840449928076,12078684,
2006-11-20,61.60213088989258,63.693422376759045,60.64741149666493,63.19333265343616,6787129,
2006-11-21,62.988712310791016,63.2614891173881,61.829410882753415,62.73866551732911,3205471,
2006-11-22,63.76160430908203,63.98891701902547,62.73869087096842,63.306974726949726,3018224,
2006-11-23,64.71631622314453,65.42098845811012,63.420626014251226,64.10256822945823,4463433,
2006-11-24,68.26241302490234,68.64884831888516,60.4655420621536,60.4655420621536,10121325,
2006-11-27,69.96729278564453,71.78580314364397,68.19424248113502,68.19424248113502,10085607,
2006-11-28,68.14875030517578,70.96744311718763,67.58046657173847,69.78541145322998,14612824,
2006-11-29,67.67139434814453,69.73995507122291,67.42135165670257,68.64884758203686,5642754,
2006-11-30,66.80760192871094,69.10347110171067,66.14838978399848,67.7395867762674,6459727,
2006-12-01,67.33038330078125,68.14871343203548,67.17126494045147,67.73954836640836,2928896,
2006-12-04,68.6261215209961,69.10348110399597,67.08038850325522,67.73959658113918,4346781,
2006-12-05,68.0123519897461,69.46716446248256,67.7395751713885,69.10345926317648,2613294,
2006-12-06,67.30768585205078,68.85342267949913,66.83032637792276,68.37606320537111,2466795,
2006-12-07,68.94434356689453,69.44443303291592,67.10309997015254,68.01235467989439,3386560,
2006-12-08,69.10348510742188,70.24005699639686,68.69431972686034,69.23987356760905,6881316,
2006-12-11,64.89815521240234,69.64901553719551,63.6933894982891,69.64901553719551,7730827,
2006-12-12,61.92035675048828,65.39826225079103,59.851799964520666,64.87543846790561,7984363,
2006-12-13,63.73887252807617,64.21623211935787,60.01092004684208,62.28405957029221,6551013,
2006-12-14,66.08019256591797,66.92125314098645,64.10256038386264,64.73903831940815,5863959,
2006-12-15,65.05728912353516,67.1485800285481,64.64812378313556,66.37570938851881,5548656,
2006-12-18,63.988914489746094,65.89835283208411,63.306972224625376,65.55738169952376,9779215,
2006-12-19,60.920169830322266,64.44353932921086,60.35188603846731,64.1025682216489,12627855,
2006-12-20,60.82925033569336,62.23859907767236,60.12457804582651,61.37480415036325,5367121,
2006-12-21,60.62464904785156,61.28386109232949,59.80631857701442,61.10200848917323,3881798,
2006-12-22,60.89744567871094,61.35207525335048,60.32916183209554,60.92017570065703,3054805,
2006-12-26,62.30677795410156,62.46589639009681,60.92015957527063,61.19293641540206,4266988,
2006-12-27,62.28404998779297,63.193308987078346,61.85215466859146,62.8523379029075,3494397,
2006-12-28,61.73849868774414,62.71595194240903,61.420261771464965,62.28405244393111,6746402,
2006-12-29,62.05672836303711,62.6022820189759,61.46571051502207,62.19311677702181,3033627,
2007-01-02,62.73868179321289,62.920534432202366,61.82942692275518,62.64775755484057,1838380,
2007-01-03,63.17055892944336,64.01162350050265,62.87505211818242,63.19329310417056,2988818,
2007-01-04,62.26131439208984,63.60246859043316,62.01126756534941,63.42061597441791,2566714,
2007-01-05,62.73868179321289,63.07965288991514,61.602110083457134,61.82942692275518,2376704,
2007-01-08,62.23858642578125,62.60228750754608,61.17020903515124,62.23858642578126,3840715,
2007-01-09,61.442989349365234,62.85233788426834,61.28387089754758,62.19312573431864,2351222,
2007-01-10,60.35186004638672,61.6475496971001,59.80630650924424,61.6475496971001,7558984,
2007-01-11,62.42044448852539,62.92053823541324,60.12457507345378,60.46554619076591,4361550,
2007-01-12,63.03418731689453,63.625205259055946,62.7386804269362,62.7386804269362,3077984,
2007-01-15,62.96598815917969,63.60247025072578,62.73867550491004,63.55700605497408,1594345,
2007-01-16,62.67047500610352,63.39788125394448,62.46589238910862,62.875057623098414,933949,
2007-01-17,63.42064666748047,63.87527634641906,62.42046303871408,62.73870423019573,1686514,
2007-01-18,63.46607971191406,64.78449972235782,62.965986062034766,63.64792816437538,3376575,
2007-01-19,62.852333068847656,63.87524624268653,62.28404519744094,63.78431785240461,2896689,
2007-01-22,62.96598815917969,63.37515343421171,62.76140552166368,63.19330497569376,1347774,
2007-01-23,61.39752578735352,63.3069638779424,60.9656304638019,62.73868011934871,2769939,
2007-01-24,61.92035675048828,62.51137475886983,61.64757984850375,61.82943250390851,1200184,
2007-01-25,62.46590042114258,63.21603677991176,61.92034670567409,61.92034670567409,3810324,
2007-01-29,64.82997131347656,65.58010771163927,62.51136790097365,62.51136790097365,6425100,
2007-01-31,64.57990264892578,66.26202751258822,63.98888490499178,65.64827975774098,6737354,
2007-02-01,66.23932647705078,66.48937337116088,64.2162337886218,65.0118303532755,3229677,
2007-02-02,65.82328796386719,67.8571564680902,65.63839390490418,67.8571564680902,4054911,
2007-02-05,65.29170989990234,66.49353816763737,65.08370091710474,66.10063090059067,2520321,
2007-02-06,65.29170989990234,66.3779762109875,65.0605859866026,65.82328559019385,2503892,
2007-02-07,66.07750701904297,66.51663559557701,64.76011705748806,65.40725457532025,3665612,
2007-02-08,65.98506927490234,67.11756114808603,65.56905133390181,65.96195434576676,4827750,
2007-02-09,67.07135009765625,67.71849207892897,64.82947656126913,64.82947656126913,6127588,
2007-02-12,66.5628890991211,67.39492521286012,64.55213515758514,67.25625252723694,7068037,
2007-02-13,66.95580291748047,68.08829521543588,65.8926427370767,66.5628955262917,4249249,
2007-02-14,66.63221740722656,67.11757174838222,65.17615438375958,66.60910670639429,2681266,
2007-02-15,65.8001937866211,67.69538587456553,65.0606046692003,67.02513733660915,5761849,
2007-02-19,65.61528015136719,66.53976739059179,65.40727115733472,66.10063447077627,1739238,
2007-02-20,65.66149139404297,66.16995630182528,64.94501753781067,65.68460208877534,2263321,
2007-02-21,65.89263153076172,66.44732223247829,65.12993181590146,65.82329519304716,3009903,
2007-02-22,65.89263153076172,66.58599490790742,65.38416646483961,65.40727716675974,5826511,
2007-02-23,65.7077407836914,66.51666194341428,65.03748807447569,66.00819685170667,4489256,
2007-02-26,65.8001937866211,66.33177386151304,65.17616665903459,65.22239230135926,2432424,
2007-02-27,65.8695068359375,66.56287006578948,65.52282522101152,66.0081794819079,1693423,
2007-02-28,64.6677017211914,66.19310137111836,62.726283984920734,63.003629375816544,8717343,
2007-03-01,65.66149139404297,65.82327472107532,63.558291214810815,64.6676722732107,2840900,
2007-03-02,65.38417053222656,65.82329928775121,64.71391781530622,64.71391781530622,5038977,
2007-03-05,63.2347412109375,64.69080433092618,59.6292515804893,61.01597836143092,12283047,
2007-03-06,61.45510482788086,64.25167322077534,60.62306879005192,63.32718591299599,9109291,
2007-03-07,61.20087432861328,62.6338224593172,60.90041404963172,61.47821967416296,4205208,
2007-03-08,62.88804626464844,63.28095351377771,60.5999475582169,60.5999475582169,1407399,
2007-03-09,64.73704528808594,65.17617412865562,62.05603813313487,63.32720323917675,4781274,
2007-03-12,64.4134521484375,66.21619677261336,64.06677048994214,65.03747913372914,3003142,
2007-03-13,65.84640502929688,66.07752472646814,64.45967838236155,64.71390877966377,1360179,
2007-03-14,64.22856140136719,64.66769437503724,61.03908976838461,61.03908976838461,3164718,
2007-03-15,64.94502258300781,65.40726190528116,64.48277902878125,64.69078799339022,1246398,
2007-03-16,64.8988037109375,65.1761490259415,63.97432073824203,64.66768402575204,1251063,
2007-03-19,66.44733428955078,67.02514002998629,64.59836776963107,65.47662538540868,1733470,
2007-03-20,66.07750701904297,67.16377734536195,65.7539361441505,66.14684333280901,1690312,
2007-03-21,66.42420196533203,66.97889258717197,65.86951134349209,66.84021993171199,1299568,
2007-03-22,66.65532684326172,66.95578710814993,66.23930884445089,66.8864507750148,2317094,
2007-03-23,67.0251235961914,67.71848692914526,66.19308759664676,66.26242392994214,1661925,
2007-03-26,66.26242065429688,67.41802333079079,65.75395141396397,67.0251202828425,863608,
2007-03-28,66.21620178222656,66.49354713000552,64.8988113802765,66.1006398100006,1684297,
2007-03-29,67.2562255859375,67.71846909683543,65.40725577429859,66.05439753594626,4104795,
2007-03-30,69.45189666748047,70.02969804598744,67.02512495301556,67.48736436303953,4391740,
2007-04-02,67.94961547851562,68.82787722528398,67.2793627587223,68.61986819830894,1575160,
2007-04-03,71.16219329833984,72.06356563630816,67.94960701607319,67.99583264918442,6196394,
2007-04-04,74.49031829833984,74.99877897298542,71.1621751308892,71.18528159361487,14369323,
2007-04-05,73.35784912109375,75.22993033684945,72.61826430160433,74.42100917603574,10347732,
2007-04-09,73.58895874023438,74.74456138248304,73.19604724002221,73.4965074818479,3062931,
2007-04-10,72.918701171875,74.35165757440906,72.34090408870179,73.95874607827531,4381837,
2007-04-11,73.26539611816406,74.55968010165631,72.38713863672254,73.03428062846866,5264838,
2007-04-12,73.91253662109375,74.51344873166973,72.41025211269955,73.45029718710518,5155605,
2007-04-13,72.7569351196289,74.744574032016,72.24846580831232,72.66448384559627,4295913,
2007-04-16,73.38093566894531,74.23607790519603,72.94180285579928,73.86628987045728,3142606,
2007-04-17,72.61825561523438,74.09742507727958,65.6846180802316,73.61207074606615,2919670,
2007-04-18,74.90636444091797,75.57661292691793,72.57203527977417,72.57203527977417,6557216,
2007-04-19,73.93563842773438,75.69215304336318,73.49650554187367,74.42099270961467,5295249,
2007-04-20,73.98187255859375,74.79079367966855,73.49651819316716,73.98187255859374,2497863,
2007-04-23,73.65830993652344,75.32238213994228,73.19606201519004,73.95876177509034,2789042,
2007-04-24,73.14981842041016,74.62899608496859,72.82625174474995,73.03426070708288,4434847,
2007-04-25,72.52579498291016,73.58895477336915,72.17911336253296,73.47338859063892,2966272,
2007-04-26,73.08050537109375,74.14366544953475,71.41643314252994,73.03428396382554,5282442,
2007-04-27,73.68140411376953,74.37476741616983,72.89559801365418,73.95874943472964,2470101,
2007-04-30,73.8663101196289,74.28232812068332,72.64136258503012,73.49651351961126,1357917,
2007-05-03,73.58895874023438,75.1143579521218,73.38094975679519,74.32854341560466,2308107,
2007-05-04,73.03428649902344,74.18988943211463,72.47959573691416,73.03428649902344,1784232,
2007-05-07,72.06356811523438,73.588967508884,71.80932924035397,73.49651623948128,1008602,
2007-05-08,71.46263122558594,72.71068498966484,71.20840087272381,71.64753372212773,1335759,
2007-05-09,71.27776336669922,72.22535726979125,69.35945639202819,69.35945639202819,951338,
2007-05-10,69.84480285644531,72.20224257325852,69.56745750528543,71.46264932755989,2623165,
2007-05-11,71.60132598876953,71.87867135536762,68.57364189137672,70.26082479419694,1348192,
2007-05-14,72.54894256591797,73.3809788293159,71.99425172365267,71.99425172365267,2019810,
2007-05-15,72.13288879394531,72.80313707588147,71.69375593948708,72.57201318449718,901096,
2007-05-16,72.45648193359375,73.68142123110414,72.10980020185407,72.22535795779747,3046288,
2007-05-17,73.42716979980469,73.65829370955466,72.57201895124619,73.21916082020185,6024157,
2007-05-18,71.99421691894531,73.61205878415322,71.69375670333518,73.4271647474197,3523021,
2007-05-21,72.225341796875,72.57202345104226,71.09285403586702,72.10978406678844,7662106,
2007-05-22,71.57820892333984,72.66447529376985,70.90795630927911,72.10978464267238,6055074,
2007-05-23,71.9249038696289,72.50270109534158,71.18531055557469,72.01734668595378,1366405,
2007-05-24,75.02191925048828,75.34548601313699,72.10979299492405,72.22535073931816,6001615,
2007-05-25,75.6690444946289,76.17750522857088,73.95874285818623,73.95874285818623,4794817,
2007-05-28,75.11437225341797,76.94022359085427,74.67523927235806,76.26997511568604,3082046,
2007-05-29,74.3054428100586,75.76150597484111,74.07432731539743,75.34548792776039,1468760,
2007-05-30,74.09741973876953,76.131288182432,73.75073809859452,74.42099491220436,2929723,
2007-05-31,73.26539611816406,75.27614996918413,72.45647497641289,74.18988346867157,2727085,
2007-06-01,73.21916961669922,74.6058963139852,72.96493921016615,74.6058963139852,3051752,
2007-06-04,74.25921630859375,75.09125234566483,73.40406533807905,73.95875602945976,2212294,
2007-06-05,73.77384185791016,74.305417471048,73.26537270801354,74.23608115351237,770402,
2007-06-06,71.99421691894531,76.26995393971828,71.2777387727549,76.26995393971828,4128588,
2007-06-07,71.85557556152344,72.75694813690735,70.95419875418445,71.6937879189973,2848302,
2007-06-08,71.18528747558594,71.60130540589243,70.26080459666704,71.37018997610424,1142275,
2007-06-11,71.48577117919922,72.06357687133321,71.13908945670069,71.64755880433496,3076122,
2007-06-12,70.7923812866211,71.99421363025557,70.30702705644838,71.48574447258213,1347486,
2007-06-13,70.81550598144531,71.46264367228838,70.26081532302159,71.13907694284379,3993435,
2007-06-14,71.00039672851562,71.5319723983448,70.26080785194245,70.81549845138397,2388930,
2007-06-15,69.68302917480469,71.6475618401737,69.3363474376166,71.18531388131652,6461571,
2007-06-18,69.05900573730469,70.67685251996336,68.87410739027469,70.26083441311212,3090136,
2007-06-19,69.89102935791016,70.16837471250504,68.98965695547679,69.29011301230317,2418520,
2007-06-20,69.63680267333984,73.26540340048668,69.3594572870113,70.44572812744967,2534685,
2007-06-21,69.24388122558594,70.49193513413283,69.10520856908073,69.98346590564464,3357784,
2007-06-22,70.60750579833984,70.93107680012908,69.79858464179836,69.79858464179836,2372262,
2007-06-25,70.90797424316406,71.16220893320215,70.3995048630879,70.72307590204956,1284926,
2007-06-26,71.0235366821289,71.34710349117108,70.60751435401556,70.72307634693344,1176177,
2007-06-27,69.49813842773438,71.18532165566,69.26701865501937,70.79241846524002,1584038,
2007-06-28,69.79857635498047,70.67683374820916,69.47500539160711,69.98347042094761,3033045,
2007-06-29,70.6306381225586,71.18532475483279,69.84482324359632,69.84482324359632,1543093,
2007-07-02,70.28392791748047,71.09285317809523,70.2145915874836,70.63060956746483,1518481,
2007-07-03,70.21460723876953,71.57822344331805,70.00659820241238,71.43955075241328,1516815,
2007-07-04,71.83245086669922,72.24846892191175,70.23771498838447,70.90796771021172,2596632,
2007-07-05,70.67683410644531,72.78003479914777,70.07592204107543,72.38713173301068,3002859,
2007-07-06,71.7168960571289,72.22535694729359,70.7230722854099,70.7230722854099,4031812,
2007-07-09,72.6413803100586,73.1267347630521,71.48577729090117,71.71690128029664,3622514,
2007-07-10,72.06356811523438,73.12671962577863,71.69377150153174,73.03427682028413,1865316,
2007-07-11,71.57820892333984,72.10978464267238,70.86173067770305,72.10978464267238,2698780,
2007-07-12,72.52579498291016,72.75691888446387,71.67064416467748,71.73998048875292,2301134,
2007-07-13,72.61825561523438,73.68140707909664,71.71688328583802,71.71688328583802,3118759,
2007-07-16,71.62443542480469,73.12671989056625,71.23153234025983,73.03427708473701,3808207,
2007-07-17,71.69376373291016,73.77385358976441,71.50886967804776,71.94799411633436,4412774,
2007-07-18,71.99421691894531,72.20222588423546,70.95416786054139,71.64753531012842,1388650,
2007-07-19,72.225341796875,72.57202345104226,71.37019935920083,71.99422633670189,1776079,
2007-07-20,71.53197479248047,74.00497610703184,71.16218668974741,72.57201970124305,5458112,
2007-07-23,72.9649429321289,73.12672207912595,70.63061812863826,71.64755250250677,4380616,
2007-07-24,75.64593505859375,76.89398898256688,73.0342694834339,73.31161479987239,11033082,
2007-07-25,77.4948959350586,78.3500467593389,74.51343397872976,75.64593010127321,9071229,
2007-07-26,77.72601318359375,78.81227935415284,76.87086243252872,78.58116393465878,4281500,
2007-07-27,74.53656768798828,77.19446362064588,73.95876201639082,77.19446362064588,3338296,
2007-07-30,75.43795776367188,75.76152461414868,74.30546109113664,74.4672487483305,3961112,
2007-07-31,76.6397705078125,78.02649730551775,74.69835299102517,76.26997387378822,6275851,
2007-08-01,74.12052917480469,75.90015864114201,73.75073263139558,75.90015864114201,3412482,
2007-08-02,75.04503631591797,76.5242059562364,73.51963680540223,74.46723064972268,2676100,
2007-08-03,76.6860122680664,77.79539400069667,75.48417923641333,76.01576362590595,3372440,
2007-08-06,75.59970092773438,76.47795812723474,74.14363826166736,74.42098353139441,4780303,
2007-08-07,77.07889556884766,77.61047982104073,76.17752314389537,76.17752314389537,3021049,
2007-08-08,79.02030181884766,80.22213436851746,77.19445075874081,77.8878140635681,10585540,
2007-08-09,78.44249725341797,81.3083929984335,77.79535540910476,80.19901181612897,8353609,
2007-08-10,76.20065307617188,76.96335297047386,74.88326234965025,76.31621084491415,2923141,
2007-08-13,77.63358306884766,78.11893743136422,76.75532561512046,77.40246758644535,1420962,
2007-08-14,79.82925415039062,81.631999258575,77.65671235255742,77.65671235255742,8265988,
2007-08-16,77.70289611816406,78.6967194791439,76.29306332075981,76.29306332075981,5393703,
2007-08-17,75.18372344970703,78.35008082701752,73.10363280828179,77.1944777364181,9826575,
2007-08-20,75.7383804321289,78.55805477546532,75.39169881352579,76.26995609268478,3803720,
2007-08-21,73.7969741821289,77.14822467711203,73.49651391400798,75.80772786468195,4851733,
2007-08-22,74.37479400634766,74.99882120160761,72.15603064542331,73.95877587617434,5505249,
2007-08-23,74.05120086669922,76.0850693797213,73.12671364006962,76.0850693797213,2188977,
2007-08-24,75.71528625488281,75.85395894033131,73.77386865860376,74.42101067866645,1669035,
2007-08-27,77.65669250488281,78.48872849600656,76.26996585300991,76.26996585300991,4274962,
2007-08-28,77.37934875488281,78.39627883238985,76.9171093494538,78.39627883238985,1955072,
2007-08-29,76.38553619384766,76.9633418821337,75.62283640943012,75.62283640943012,1654087,
2007-08-30,77.2912826538086,78.08091145305654,75.87458268267989,77.10548063803587,6663381,
2007-08-31,80.51952362060547,81.23948760940513,76.96616695844453,77.98805297578961,5570238,
2007-09-03,86.0933837890625,87.27783556079937,80.12467867631783,80.82141501263364,9272115,
2007-09-04,84.18898010253906,87.04559919327117,83.95673181298046,87.04559919327117,5214166,
2007-09-05,86.20953369140625,87.62622559199632,84.3051177286241,85.37344987922155,10822910,
2007-09-06,86.48819732666016,86.85978432896528,85.1411710543305,85.4198655586,2793570,
2007-09-07,86.88301849365234,88.81065279708349,85.7682403894836,86.81334486214179,4351930,
2007-09-10,88.76422882080078,89.1822707147763,85.88438182727475,85.93083659666144,3469222,
2007-09-11,91.04021453857422,91.73695089602523,87.81200841910609,89.55384931273367,7075359,
2007-09-12,88.4622802734375,91.69049454245696,88.04423850500685,91.0402045120932,6122496,
2007-09-13,89.15902709960938,89.60029629794975,87.78878175382324,88.92678731528922,4346203,
2007-09-14,86.27920532226562,90.57574419925344,85.72181612719329,89.87900770541303,4563913,
2007-09-17,85.25728607177734,87.7887638430183,84.21218174031284,87.7887638430183,4484260,
2007-09-18,85.74501037597656,86.39530041845453,84.53733980362253,85.02505520921058,16222999,
2007-09-19,87.97457885742188,88.6945426302705,86.60433345595148,88.02103362023979,7555269,
2007-09-20,88.02102661132812,90.38993015359269,87.0455957409839,88.95000272255353,5799085,
2007-09-21,87.02236938476562,87.95135401199765,84.7463668288918,87.64943209450372,38025878,
2007-09-24,91.24921417236328,91.92273149760004,87.32427261048798,88.25324853379027,18967414,
2007-09-25,90.32025909423828,92.898183610765,89.08935252890478,91.04021432519528,12071517,
2007-09-26,88.95001220703125,91.50471804800743,88.34617681984133,90.55250595060882,10055839,
2007-09-27,90.08802032470705,90.55250844262952,87.90491001081293,89.553858563842,12298208,
2007-09-28,90.08802032470705,91.38859215794004,89.5074037984914,90.11124770738232,7410682,
2007-10-01,95.9173583984375,96.96246281865686,90.41314178528228,90.69183629734076,13284964,
2007-10-03,100.70166015625,103.90664832745124,94.08266284616047,96.89282796389624,28540039,
2007-10-04,105.13751220703124,106.02004205675472,99.00623250244624,102.18799224138913,21510650,
2007-10-05,99.61004638671876,107.2973717427056,98.72751672689208,106.8328837909674,11993722,
2007-10-08,95.17420196533205,101.653851147452,93.40913340327498,99.865563706411,8924370,
2007-10-09,101.32868194580078,102.18798434980069,91.13310493483284,93.8271490346784,11967493,
2007-10-10,101.86284637451172,103.99950151177244,97.8217758617062,102.18798714396308,11638753,
2007-10-11,103.37244415283205,103.81371333087657,101.30546253898962,102.18799238999652,8649327,
2007-10-12,101.09642028808594,104.76589468841811,100.14421700507654,103.7672451615069,11569080,
2007-10-15,105.62523651123048,106.15939824079352,100.70163553350945,101.72351273509004,15228834,
2007-10-16,107.5296630859375,109.15537582140298,103.83695985053907,105.85749558311558,24691960,
2007-10-17,102.39701080322266,104.04595908346458,93.6645880024263,104.04595908346458,23043907,
2007-10-18,96.77667236328124,107.25094427338408,94.291649054111,103.09374533406452,21229676,
2007-10-19,93.6181411743164,98.936564991269,92.4801441015142,98.936564991269,10875836,
2007-10-22,92.7123794555664,94.47744768490374,89.25192513595994,90.57572418169237,7775066,
2007-10-23,101.63063049316406,102.42026804783538,93.3626933225166,96.10319312571812,12086691,
2007-10-24,103.18663024902344,104.5104290165666,100.1674372424069,103.5814445902814,12334426,
2007-10-25,103.37244415283205,104.51044966195629,102.00219887006934,104.11563524270515,13504792,
2007-10-26,106.3219757080078,107.29740667780604,102.1880035247876,103.81372464281236,10841070,
2007-10-29,108.3424835205078,111.47779654843248,107.48317267042002,108.22636365079684,11055172,
2007-10-30,108.80699157714844,111.01332904424862,106.3684143277827,109.15535975562926,10161270,
2007-10-31,110.96688079833984,112.87129645419968,108.69087806700708,109.61986276585532,11045894,
2007-11-01,106.90258026123048,113.66092265337149,105.99682303341775,112.84805793271558,8132521,
2007-11-02,109.08570861816406,110.037920839121,102.6757328121004,106.3684362655936,10157756,
2007-11-05,110.10759735107422,112.8248697742713,108.76057057976034,109.57342701662874,10253793,
2007-11-06,111.59392547607422,115.65822330682312,109.6198450053495,111.05976382594942,22676624,
2007-11-07,111.8262176513672,114.31124187525812,108.83025044949254,111.94233757610144,9062308,
2007-11-08,111.52428436279295,113.75384112476524,109.15538030319745,109.15538030319745,6757275,
2007-11-12,117.7252197265625,119.60640793478676,109.03924243966568,110.08434699979028,14373770,
2007-11-13,126.4111785888672,129.4535906029589,117.51617377978684,117.51617377978684,27756036,
2007-11-14,128.91946411132812,130.98644597339836,125.94671640499696,129.12848503575378,16498068,
2007-11-15,125.13385009765624,131.5902708571255,124.29776646671422,129.59296279601372,18841544,
2007-11-16,122.81139373779295,127.1079403242572,122.2772320264561,124.22809384796082,10185378,
2007-11-19,123.0436553955078,126.3415440489883,122.43981998208658,123.7868380970327,8964436,
2007-11-20,120.6979751586914,125.11063347583932,120.1405860234657,122.20756789823324,8400468,
2007-11-21,111.1991195678711,121.139221823706,109.82887427121422,121.139221823706,11072137,
2007-11-22,105.57879638671876,112.43003226918162,102.18800676185744,111.47782865114752,22493817,
2007-11-23,109.96820068359376,110.87395775140664,106.48451965354413,109.10888986115462,12245805,
2007-11-26,110.87397003173828,113.47511315222258,110.45592826183028,112.40678985473428,10440276,
2007-11-27,109.15535736083984,111.0133266086967,108.24960011666136,110.50238378977372,8447631,
2007-11-28,107.22774505615234,112.17457410032831,106.43810753801642,109.61987649000724,9252708,
2007-11-29,107.41350555419922,110.40947151792034,104.6033415993678,108.48183733753002,17521270,
2007-11-30,109.92178344726562,111.19913642924595,106.8793704777339,108.6908852315938,20404197,
2007-12-03,111.57072448730467,113.08031717837989,110.54883876881054,110.54883876881054,9268240,
2007-12-04,111.08300018310548,113.28932909553096,110.54882998471987,111.94230266732175,8575376,
2007-12-05,113.84671020507812,114.35765298798616,111.47780681035802,111.71005507624017,19432550,
2007-12-06,113.89317321777344,117.91102543292143,112.66227508811951,115.65824158706148,16581411,
2007-12-07,114.17184448242188,116.77299599514512,110.54881596705938,114.96148173746386,12155058,
2007-12-10,112.05845642089844,115.0544233665103,111.47783983672078,115.0544233665103,5582889,
2007-12-11,113.12677764892578,115.19376822209657,112.2906938678906,112.8713104397486,8044372,
2007-12-12,116.65692138671876,117.05173591489556,110.5488588623732,113.12678399859412,12000657,
2007-12-13,114.1486587524414,117.51621261606311,113.8002905248196,117.0517244809286,6641110,
2007-12-14,114.65957641601562,116.122722758494,113.03386392776127,114.14864209345907,6467380,
2007-12-17,105.95038604736328,114.6828190050959,104.5104668940728,114.03252882050492,9022399,
2007-12-18,107.66901397705078,109.1553794703014,105.2072089027962,106.36843353910147,7588410,
2007-12-19,106.3219757080078,110.06112492387336,104.51046104981108,109.155367594775,7413676,
2007-12-20,106.29875183105467,107.7154520736925,105.34654821178724,107.29741021570922,6824322,
2007-12-24,109.92178344726562,110.54884624667866,107.7619004715096,107.7619004715096,5206386,
2007-12-26,111.31522369384766,113.77702790839912,110.13077208671795,111.0133103267902,5482927,
2007-12-27,111.57072448730467,112.40680816330013,109.89855713531388,112.01198520180252,8385218,
2007-12-28,112.12810516357422,113.80027238968344,110.68817771548082,111.94230313506274,5686069,
2007-12-31,116.540771484375,117.42330992129703,112.36035311500623,113.33578406785897,7992710,
2008-01-01,119.58322143554688,120.72121881684494,115.797616613359,117.51623063139698,11017431,
2008-01-02,119.42063903808594,121.04636041311136,116.3549983626625,120.3031691247706,11894132,
2008-01-03,128.24594116210938,129.2445994828083,118.09681731717522,119.37417019201496,30301977,
2008-01-04,126.0860366821289,129.9180861424956,125.43575517103002,127.73498484725005,18829022,
2008-01-07,124.8551788330078,127.68857105334192,122.67206833237286,125.4125680242266,8538733,
2008-01-08,123.0436553955078,126.7363585302541,120.46573056559062,125.41255929326958,14658841,
2008-01-09,128.733642578125,129.77874704206005,121.74306061163644,123.67069489897818,19488080,
2008-01-10,123.48493194580078,131.65996766129902,122.37015357504336,128.66400078988852,19575836,
2008-01-11,126.45764923095705,127.47952638971503,121.7430693673832,124.06551822865892,13108237,
2008-01-14,132.2173309326172,133.72693201719812,125.41254212985788,127.7349994487716,15253758,
2008-01-15,127.27052307128906,135.0507524965668,125.87705015990603,134.23788762820422,22639093,
2008-01-16,120.04769897460938,125.64481836078484,117.26075297403808,125.48224367572344,34937013,
2008-01-17,118.67741394042967,122.2772151604588,117.63230953734885,120.74439536927356,22187050,
2008-01-18,111.10621643066406,120.34959067675248,109.34115674449126,117.51619061906936,27737089,
2008-01-21,95.59222412109376,111.01332433620038,90.57572256371856,111.01332433620038,30945897,
2008-01-22,91.22605895996094,99.86559380682314,77.12875060868116,93.1304668851794,19643920,
2008-01-23,102.93116760253906,105.85745974168766,92.9446122291479,97.4269514360453,28008231,
2008-01-24,94.54714965820312,109.0160424844523,92.89820932798148,105.57881451426958,19248066,
2008-01-25,103.48855590820312,104.27818461976686,96.91600807324151,102.16475709196187,11772945,
2008-01-28,98.75078582763672,101.25903713600964,96.1496334876294,98.4720912378175,14836635,
2008-01-29,98.26307678222656,102.18802017789385,97.58955914231235,101.11969651645144,11405062,
2008-01-30,93.64137268066406,101.02677856172836,92.89819001822616,99.16881765309206,11259794,
2008-01-31,91.0634307861328,96.33539907797436,90.11122738238632,94.29164501602668,18125470,
2008-02-01,95.52254486083984,96.03348763920243,91.50470177782054,92.43367782292138,11509770,
2008-02-04,101.005859375,102.5590716090054,98.0877088020536,101.09999632253218,11097750,
2008-02-05,104.91242980957033,107.03044656211884,99.54678736978072,101.05293548878151,18558397,
2008-02-06,102.0413589477539,104.30057716343676,94.13409519286388,94.13409519286388,15553116,
2008-02-07,97.12284088134766,103.54749228548314,96.48743579742218,102.08841681736156,12834674,
2008-02-08,95.6873016357422,98.32305030772912,93.4516113397162,97.89944691920626,16485894,
2008-02-11,89.21556854248047,96.9581021158791,87.07402403769544,96.9581021158791,22999987,
2008-02-12,87.07405090332031,91.7807533295254,85.70910349387987,90.83940939699046,13002158,
2008-02-13,88.39193725585938,90.43935433287209,86.41512076770917,88.90967778026308,9224650,
2008-02-14,94.58119201660156,95.12246859624004,90.8393632065976,91.73364250416098,9218126,
2008-02-15,96.08736419677734,96.79336981174264,90.9099868142876,93.1927411754196,9333181,
2008-02-18,96.34622955322266,98.6760480706068,94.88715416255454,96.95810682852908,7330503,
2008-02-19,96.39329528808594,98.511311967134,95.9226191694762,97.2169655683051,5829445,
2008-02-20,93.09857940673828,96.3932771439156,91.80424186977534,96.3932771439156,8234760,
2008-02-21,94.32233428955078,96.4874149384235,92.7691221979564,96.4874149384235,5418661,
2008-02-22,93.02800750732422,93.66341258707678,92.01607182950325,92.369074651588,4792876,
2008-02-25,95.71083068847656,96.15797047729254,92.5102774557686,93.52221315191558,4897856,
2008-02-26,95.9461898803711,96.95813441729466,95.3343210491942,95.8049887179276,5954391,
2008-02-27,95.40489196777344,98.62898130174344,94.84008749360454,97.73471042372014,6208738,
2008-02-28,95.80498504638672,96.95813070156171,93.52223013495366,95.49904633340526,7138138,
2008-02-29,95.07544708251952,97.59354024019107,92.39262497982146,96.01679104393054,9248461,
2008-03-03,88.9566879272461,93.9457903033322,88.4154199475223,93.9457903033322,11995886,
2008-03-04,89.7568588256836,91.6395377768078,87.54470480989342,89.00378035064716,9001894,
2008-03-05,91.80425262451172,92.43965758306022,89.49796221466292,90.36870521578798,7854030,
2008-03-07,87.05052185058594,91.16889220747616,85.47377256962523,89.42740535440448,7961467,
2008-03-10,87.33290100097656,88.67431176817021,75.91914559145914,87.07403512917483,9807738,
2008-03-11,90.88644409179688,91.54537681190588,86.13267086010732,87.121078558502,11042942,
2008-03-12,91.61600494384766,94.08702493376346,91.1218009458645,93.66342150692074,6043930,
2008-03-13,87.73296356201172,90.36872079116498,85.89734892094118,90.36872079116498,9465762,
2008-03-14,91.78070068359376,92.20430391751805,87.14460149616576,87.73293357557402,9200824,
2008-03-17,88.39193725585938,90.36875374400958,87.2387914316931,89.49801027529334,10232985,
2008-03-18,89.47444915771484,91.73366715964993,87.30935949370523,87.30935949370523,11671808,
2008-03-19,90.27456665039062,93.66339303499213,89.49796060391945,91.94545207161909,10656615,
2008-03-24,90.06277465820312,92.1101908184311,88.86256518496604,90.46285022810356,10645468,
2008-03-25,94.0634536743164,94.39291998126342,90.60402728756854,90.88642944158876,12632835,
2008-03-26,92.55734252929688,95.73436801657252,91.82780047058549,93.66341519656696,12859108,
2008-03-27,92.81620025634766,93.52220585824236,91.16885959741496,91.73366407893072,11358805,
2008-03-28,96.1815185546875,96.95812487166916,93.19275803780116,94.11056550332496,6505755,
2008-03-31,92.53379821777344,97.00516991228726,91.42772564513248,97.00516991228726,9644592,
2008-04-01,91.85132598876952,94.08700745344107,89.49797118190378,93.66340410529916,5636733,
2008-04-02,91.21592712402344,95.49902506050836,90.50992149612853,92.83974006818175,11174055,
2008-04-03,91.28652954101562,92.79267778386178,90.39225860026198,91.78073349058027,6894261,
2008-04-04,89.09789276123047,91.78071362091886,88.55662475877386,91.35711032728383,7296184,
2008-04-07,89.5215072631836,92.25139262454292,89.16850447429091,90.13337589118684,7705594,
2008-04-08,87.85063934326172,89.80391877082621,87.37996316396367,89.42737955103438,6036271,
2008-04-09,88.27422332763672,90.03923706640424,86.74453900855077,88.0153489004634,4366718,
2008-04-10,87.54470825195312,89.35678670592907,86.41509911321825,88.39191510600428,10765580,
2008-04-11,87.94477844238281,89.19206099004019,86.74456868935324,88.01537901609044,6427916,
2008-04-15,90.0863265991211,90.48639361984183,85.66202712060262,87.78004420365404,4847318,
2008-04-16,88.18009185791016,91.68658316366336,87.49762270933583,91.3100526215273,7958251,
2008-04-17,89.14497375488281,93.1927421978361,88.81550733702863,93.1927421978361,8449357,
2008-04-21,91.40421295166016,91.89841700220404,88.95672909790193,89.80393604169147,8829625,
2008-04-22,92.204345703125,93.92229580311006,90.90999902903486,91.73367810265304,14174112,
2008-04-23,92.204345703125,93.6163571227747,91.85134284821258,92.72208609640782,9709225,
2008-04-24,89.56858825683594,92.95741566688838,89.07438425953661,92.95741566688838,9912441,
2008-04-25,90.67467498779295,91.21594319177962,89.38032823590788,90.3687362890696,5503946,
2008-04-28,90.83938598632812,91.8277938443802,90.15691676660778,91.6395285536859,6364317,
2008-04-29,91.66307067871094,92.25140298075728,90.8864644559646,91.78073541547356,11146447,
2008-04-30,92.60442352294922,93.78110558858764,91.89841773086006,91.89841773086006,8770044,
2008-05-02,94.48709106445312,95.31076143871002,93.428082604023,94.11055185022256,14017087,
2008-05-05,93.33395385742188,95.49903513870728,92.79268569165896,95.07543171726664,6621408,
2008-05-06,92.29846954345705,93.8046090980517,91.35712585816096,92.8162012448722,4850394,
2008-05-07,91.73367309570312,92.62794407325946,90.72172876077624,92.25140484249366,4889919,
2008-05-08,90.7217254638672,91.73366976201912,90.0863203827973,91.73366976201912,6632829,
2008-05-09,90.34518432617188,90.79232409831164,89.89805317226488,90.36872071993696,3953913,
2008-05-12,90.41577911376952,91.23945804237276,88.72136570850432,90.34517855521682,4451619,
2008-05-13,90.1569366455078,91.28654587520876,89.19206496788307,90.83940601570733,7288142,
2008-05-14,89.4509048461914,90.27457513041053,87.73295510321013,89.89804457557251,7501707,
2008-05-15,90.06277465820312,91.05118245969248,89.144967413963,90.3687132790272,6634112,
2008-05-16,89.89806365966797,90.55699657963264,89.45092383536537,90.27459429443812,4669668,
2008-05-20,87.54470825195312,90.36873109879032,87.07404065022484,90.36873109879032,9920728,
2008-05-21,85.66200256347656,87.49761684256369,85.26192703921376,87.07401354738974,23395544,
2008-05-22,84.13233184814453,85.54434306024336,83.35572568149017,84.83833745419395,7761514,
2008-05-23,83.21453857421875,84.72068699351478,82.3673317042836,84.1323460166485,11009834,
2008-05-26,82.62619018554688,84.10880192029668,81.19064261725138,83.21452243003878,8322111,
2008-05-27,83.52046966552734,84.6030145514062,82.74386343871348,82.83800039955652,9334611,
2008-05-28,83.21453857421875,84.10881823797293,81.89666409373095,84.01468126856881,12757836,
2008-05-29,80.60231018066406,84.10881071300184,79.11969829092253,83.77933565868162,25852929,
2008-05-30,81.1200180053711,82.3202271490537,80.155146860644,81.42595654219028,16280834,
2008-06-02,75.9662094116211,81.68485528740298,75.40140488067968,81.12005075646157,7785405,
2008-06-03,75.26019287109375,75.96619843273628,73.9658464686718,75.68379620807927,8298727,
2008-06-04,74.29534149169922,77.04876392388726,73.73053689022474,75.30727732385147,9507703,
2008-06-05,78.55490112304688,79.0726415296164,73.91879971563247,74.36593954940771,9682760,
2008-06-06,77.94302368164062,80.20224175936934,77.00167994317599,78.69609350147252,9605272,
2008-06-09,76.8604965209961,78.08424280111235,73.89527211082728,76.24862769005547,12141744,
2008-06-10,76.03681945800781,77.18996505852799,73.96586638027863,77.18996505852799,8874943,
2008-06-11,77.99007415771484,78.9549541211412,76.20153257238934,76.48393478251774,4441404,
2008-06-12,76.78990173339844,77.66064517323753,75.0719598735415,77.66064517323753,3398738,
2008-06-13,75.89559936523438,79.02556028931986,74.88365516762053,79.02556028931986,5011672,
2008-06-16,78.15483093261719,78.4842973862974,76.53101782380942,76.71928313759331,3554906,
2008-06-17,79.16677856445312,79.68451035321397,78.39017226307786,78.55490118757723,3363842,
2008-06-18,78.7431869506836,81.07300620463334,78.39018403341848,79.66099453557288,4851763,
2008-06-19,78.03713989257812,78.6019442618411,77.18993333868366,77.96653934642025,2685886,
2008-06-20,76.6722412109375,80.20227073261971,76.01329949414477,79.4021278349597,12324124,
2008-06-23,76.31920623779297,77.84888218264255,74.88365862853775,75.82500231210884,4881391,
2008-06-24,73.236328125,77.66062767752021,72.15378316947786,76.48395437333265,5643439,
2008-06-25,73.777587890625,74.83659632924642,71.188899159845,72.90684474612537,7904595,
2008-06-26,73.04804992675781,75.04840218350921,70.83590027963994,75.04840218350921,11889406,
2008-06-27,70.97710418701172,71.98904855239732,69.65922976701437,70.60056925402917,6970021,
2008-06-30,71.49484252929688,72.78918482568004,70.41229762552067,71.5419067013799,9191200,
2008-07-01,72.08316802978516,73.30691387920197,70.90649065430469,71.5889641353596,8759268,
2008-07-02,74.7895278930664,75.30725957691968,70.60055854655978,70.60055854655978,5461606,
2008-07-03,71.80079650878906,75.30728943408042,70.60058653764904,75.26022524913387,7995309,
2008-07-04,72.43616485595703,73.37750840259237,71.07122231518612,71.80075990108021,3606116,
2008-07-07,73.236328125,74.5542025704194,72.24791582726016,73.89526103859284,4350310,
2008-07-08,75.91914367675781,77.14288105644232,71.30657056297608,73.84819089987424,8330992,
2008-07-09,79.284423828125,80.24929521390082,76.71926743882847,77.6135468873347,7148982,
2008-07-10,78.57843780517578,79.87278451717911,77.56649338537434,78.17837076396778,3934856,
2008-07-11,76.24861907958984,79.02557783239365,74.57774171941759,78.08423398335775,4354827,
2008-07-14,78.60193634033203,79.77860911830115,75.49551262245129,76.24858216616393,4315902,
2008-07-15,76.43685913085938,77.6606048681928,75.87205473181797,77.6606048681928,7518020,
2008-07-16,76.41334533691406,77.77828380544523,74.83659656176779,76.71927536353341,9917320,
2008-07-17,77.80179595947266,79.54327309308168,76.71925146115889,77.18992747863274,3860416,
2008-07-18,81.80252838134766,82.36733296998351,76.71928708362499,78.13129855521463,6864897,
2008-07-21,85.4266357421875,86.20324152166194,81.07293954817963,81.89660947184917,9901021,
2008-07-22,87.05052185058594,87.94479306011226,84.25003483411248,85.19137022785529,10414573,
2008-07-23,89.63915252685547,92.67497585228163,88.48601607896339,89.33322258838464,18677298,
2008-07-24,87.33290100097656,90.957066297367,85.73262436198117,89.89805779695095,9925200,
2008-07-25,88.3448486328125,89.33325660348987,85.45022529011449,87.07403838479874,10070253,
2008-07-28,86.95635223388672,89.19204234612185,86.41508415468155,88.01536061813526,4899938,
2008-07-29,84.01465606689453,86.83867811956326,82.43790754807738,85.02660017517795,9460620,
2008-07-30,80.43757629394531,85.09721337334783,79.5668331588885,84.72067417095492,17618475,
2008-07-31,80.1787109375,82.79093202142637,79.3079763216803,80.0375097978283,15844440,
2008-08-01,83.21453857421875,83.68521480300535,79.1197053695322,81.00239304821072,7506193,
2008-08-04,82.24968719482422,84.88544542259685,81.59074548332204,83.7793637691929,5652402,
2008-08-05,86.0385513305664,86.36802637552067,82.15552030115003,82.83799816696033,14679562,
2008-08-06,85.0030746459961,88.20363625402693,84.43827016329845,86.43862224559678,7129573,
2008-08-07,86.4150619506836,87.94473746214351,84.72064897125843,85.66199238812688,4492694,
2008-08-08,87.05052185058594,87.30938779112988,85.00310487275382,87.07405825181195,5422262,
2008-08-11,87.45054626464844,88.95669422479617,85.82673359229103,88.4860267577262,10273796,
2008-08-12,87.1446533203125,89.3097349307369,86.1562451866917,87.54472040641403,9213459,
2008-08-13,87.73296356201172,88.29776806695651,85.33254441599641,85.33254441599641,6567994,
2008-08-14,85.4266357421875,87.9682546568311,84.86183153893337,87.9682546568311,5426040,
2008-08-18,84.88542175292969,86.41509790075958,83.35573698686612,85.42668991823454,3240027,
2008-08-19,85.54431915283203,86.10912347982345,83.9205067127317,84.01464363997363,3608172,
2008-08-20,86.55628967285156,87.544697548398,85.94442100359089,86.08562212866894,4094432,
2008-08-21,81.66131591796875,86.39155369230112,81.21418475941597,86.39155369230112,10303928,
2008-08-22,80.27283477783203,81.42598010267629,78.29601914566027,80.95530396857582,9506016,
2008-08-25,80.48462677001953,81.75543666638826,79.75508488269375,79.75508488269375,3389487,
2008-08-26,81.00237274169922,81.37890328845519,79.3550235903885,80.01396497455914,3920755,
2008-08-27,80.62582397460938,81.75543271681056,79.91981851073365,81.23769250389144,4218562,
2008-08-28,80.24754333496094,81.28787391360034,79.91652236914862,81.14601025930087,7626616,
2008-08-29,82.70651245117188,83.15575025351094,80.86228490080269,80.86228490080269,5336536,
2008-09-01,81.90260314941406,82.42277270214522,80.05837587724902,82.25726224021504,3686578,
2008-09-02,83.77046966552734,85.11817408859679,81.45336670156057,82.32818660724776,4333750,
2008-09-04,82.32821655273438,83.41584094791632,80.38941876573504,80.38941876573504,4207023,
2008-09-05,82.04447174072266,82.70650496975699,80.5312653010295,81.28786852087607,6718246,
2008-09-08,85.85115051269531,90.7927311720333,84.17242497118268,89.37409474747028,14849079,
2008-09-09,84.88175201416016,85.78022761563626,84.07786372905476,85.78022761563626,8350698,
2008-09-10,84.2197265625,85.70929494868905,83.86506742293118,84.64531752998258,7299807,
2008-09-11,81.92626190185547,84.62167138434076,81.38245410301613,83.69955761401684,5754968,
2008-09-12,82.25726318359375,84.55072821663268,81.0987159128031,83.22667048201365,10468698,
2008-09-15,80.57855224609375,81.09872184282588,76.84281239320826,80.41304177016309,9112993,
2008-09-16,80.57855224609375,81.2169386635364,77.17382468639966,78.02500657632318,8417373,
2008-09-17,79.96380615234375,81.287863876086,78.21414885958626,81.287863876086,5807678,
2008-09-18,82.30453491210938,83.20300149356406,75.18770808455064,78.02498008774123,9332106,
2008-09-19,86.51319122314453,86.53683805419182,83.2266886651186,83.69956467536586,8125596,
2008-09-22,85.94573211669922,87.95547020931852,84.78718465251826,87.482594223449,5001697,
2008-09-23,84.9053955078125,86.53682750169695,83.98328177213867,85.11819098527569,6047958,
2008-09-24,84.14878845214844,86.48953859854534,83.48675522148969,85.5910630729364,11099620,
2008-09-25,84.66896057128906,85.35464071968379,81.52432179197726,84.45616507530536,15398266,
2008-09-26,82.44641876220703,84.4561478189719,81.80803240469295,84.4561478189719,5329870,
2008-09-29,78.6161117553711,83.69955651031057,77.12654337679777,82.70651092459502,9044996,
2008-09-30,81.28784942626953,82.96656594355632,75.70788359096807,76.13347442566058,8181439,
2008-10-01,82.25726318359375,82.9902281992116,80.0820236212905,81.80803410253995,4162320,
2008-10-03,81.26422882080078,83.72320465362908,80.55491053415233,82.75379722276253,9611784,
2008-10-06,79.65642547607422,80.8149813003581,78.16685741285288,80.29481178888337,4917684,
2008-10-07,83.4394760131836,84.10150063108945,80.3894074290584,81.8080439798143,10297222,
2008-10-08,83.10845184326172,83.91234874393811,77.8122118107355,80.62583797509787,14029830,
2008-10-10,78.14322662353516,82.18634076761042,74.95129440452838,77.55213383690669,15722942,
2008-10-13,84.14878845214844,84.88174484675551,75.66060790640405,75.66060790640405,8763402,
2008-10-14,82.6119155883789,86.96240301934324,81.61887020316617,85.59105174401708,7754463,
2008-10-15,79.11262512207031,82.94294335345323,78.61610238837252,80.98049058591576,9577100,
2008-10-16,78.45060729980469,80.36576679084874,73.08343482223823,78.02501630179489,12077535,
2008-10-17,71.050048828125,80.24754392606873,69.9860714130416,79.86923795892673,14673544,
2008-10-20,71.64115905761719,73.29623822570031,68.3782943876663,70.93184065110613,12454938,
2008-10-21,72.09036254882812,74.92763932126914,71.07367469982624,73.2962076664827,11688696,
2008-10-22,68.23643493652344,71.49929980874805,67.62169083632556,71.40472545846231,8910550,
2008-10-23,67.71624755859375,70.29343564990516,65.25727628447301,67.14879298220703,10882587,
2008-10-24,61.6870346069336,67.38522212222813,59.67729702583727,66.20302379977936,12592083,
2008-10-27,59.46450424194336,61.49788440828138,53.435299888190286,61.49788440828138,11732202,
2008-10-29,63.36576461791992,64.26423587831493,60.57578083894145,64.21694655008304,10429297,
2008-10-31,66.72318267822266,67.90537648291294,63.956842421487,64.3115014287608,12353466,
2008-11-03,71.38105010986328,72.82332893993213,67.55073200731876,68.56742426643939,8969246,
2008-11-04,71.83028411865234,73.2962096979993,69.77326154038636,70.93181304365461,8417391,
2008-11-05,69.7496109008789,73.4853542932616,69.34766686850912,72.11400742588094,8120623,
2008-11-06,68.28370666503906,71.12097973520225,66.91235512823677,68.94573560496544,6299424,
2008-11-07,71.59386444091797,73.22530098491613,66.74685713032241,66.74685713032241,7459720,
2008-11-10,77.00830841064453,78.37965979401787,72.58689314742688,73.29621566494268,8155636,
2008-11-11,71.42832946777344,77.36295441882694,70.9318068200332,76.91372541474529,8291608,
2008-11-12,71.0263900756836,75.18772471030904,70.29342942256251,70.50622486985584,15387924,
2008-11-14,70.62445068359375,73.15435372320067,68.87479766907417,71.99579776942358,10152248,
2008-11-17,71.23921203613281,72.30318966858087,68.59109137181854,70.93184216320428,10045382,
2008-11-18,65.87202453613281,71.40470702133273,64.87897896186617,69.98607048666608,12403219,
2008-11-19,64.31151580810547,67.38522644861499,63.933209896206,65.7301521543921,9510594,
2008-11-20,65.51736450195312,66.13210410563588,61.66339908285673,63.649490204091904,9300538,
2008-11-21,71.1919174194336,72.30317991045574,64.31152965818828,64.90262681999444,15159828,
2008-11-24,72.58688354492188,73.46170775150343,70.15155953078,71.35740029116752,10717951,
2008-11-25,72.77605438232422,75.66061245602397,72.18495726807461,75.18773649635835,9195372,
2008-11-26,77.78855895996094,78.49787715308723,71.52291636379019,72.87062526006483,11439601,
2008-11-27,77.78855895996094,77.78855895996094,77.78855895996094,77.78855895996094,0,
2008-11-28,75.40052795410156,78.68703864390594,74.31290378036225,77.50483581981152,13574222,
2008-12-01,73.98188781738281,77.88313789404249,73.29621644770818,74.71485283922078,9906013,
2008-12-02,75.73152160644531,76.13347427754024,71.49926008923748,71.97214023664266,15004446,
2008-12-03,75.16407012939453,76.98465898526314,73.67450215204823,76.0388986531063,9921058,
2008-12-04,78.04866027832031,78.49788943178952,74.24197960731892,74.24197960731892,6659928,
2008-12-05,75.89704895019531,78.89983227775024,74.62027616411727,77.5521276702234,8283019,
2008-12-08,78.6161117553711,80.38940744414887,76.67730558275062,77.1738283756084,11401014,
2008-12-10,79.8692626953125,81.1223891527387,78.73435310106295,78.97079548608929,11001541,
2008-12-11,79.0180435180664,80.34210120545552,77.24474810697873,80.34210120545552,9276854,
2008-12-12,77.97772216796875,78.49788310995459,76.13349472588988,78.49788310995459,6424658,
2008-12-15,79.70372009277344,80.79134423590374,78.02500321290088,78.26144550279953,5727669,
2008-12-16,82.58830261230469,83.22668912607628,78.80526853336036,79.68009738290074,8832410,
2008-12-17,82.18634033203125,83.69955552146764,81.33515841147396,82.80108860265835,7108549,
2008-12-18,86.53682708740234,87.00970303772216,81.33515699920397,81.80804160819389,11683485,
2008-12-19,86.1585464477539,87.67176205554087,84.78720319128612,87.05702227363022,9263350,
2008-12-22,85.92208099365234,90.79272975578648,84.6453082314616,90.79272975578648,7101656,
2008-12-23,84.97632598876953,86.22945200555253,83.91234861829246,85.11818963816647,5898415,
2008-12-24,84.12513732910156,84.90538733805613,82.99022822516764,84.21971597398583,7677302,
2008-12-26,83.60498046875,85.68565036154529,83.0611726600741,84.64531974448295,4116814,
2008-12-29,83.72320556640625,84.14879654303526,80.95686421831776,83.60498007822892,4113538,
2008-12-30,85.85115051269531,86.39495825588794,83.03751583153226,85.11818547378122,4778926,
2008-12-31,85.40193176269531,87.45895503604928,84.8108302347031,87.45895503604928,4692416,
2009-01-02,87.08062744140625,87.76630746840075,85.35462560757583,86.53681971195316,4525802,
2009-01-05,85.49649047851562,87.81359372726057,84.50344499210073,87.71901508042646,4554015,
2009-01-06,83.72320556640625,87.00970789126092,82.32820714834192,87.00970789126092,5699126,
2009-01-07,81.0750503540039,84.40884507547214,79.68006112273255,84.1724028473016,8681683,
2009-01-09,84.29066467285156,85.04726800743352,79.0180621853886,80.83864301797848,11116864,
2009-01-12,80.81498718261719,84.10148896347675,79.91651171933931,80.86227217485896,6457490,
2009-01-13,79.44363403320312,81.07506580352782,78.14321451846044,79.44363403320312,9589416,
2009-01-14,81.1460189819336,84.12515604245912,78.3796774257313,79.49093995097344,5884516,
2009-01-15,78.82890319824219,80.43668832078232,78.19051678299789,80.43668832078232,4964277,
2009-01-16,85.04727935791016,85.59108726546755,79.20722142542425,79.32544693565096,10358769,
2009-01-19,84.36158752441406,86.01665768377038,83.58133744227833,85.11819077844352,3768196,
2009-01-20,87.93180084228516,88.66476579239178,82.51734491700878,83.27394803221435,15939774,
2009-01-21,85.09456634521484,88.31014617377733,84.19609920343268,86.39498637723757,11414718,
2009-01-22,84.43254852294922,86.2058447768709,83.51043447090993,86.06398107655717,5676924,
2009-01-23,85.04727935791016,85.78024461836141,82.09178879966973,84.17245041212459,5995032,
2009-01-27,89.8942642211914,90.50900378491802,84.64530945623535,85.3782658356522,9058879,
2009-01-28,90.43807983398438,91.31290859049734,88.49927366765984,89.8942720440819,7610884,
2009-01-29,91.3018798828125,92.4776406397729,88.11051042680945,91.13391029439606,14609894,
2009-01-30,91.0139617919922,91.4698655616178,88.37447914102403,89.93417583131993,5825612,
2009-02-02,86.95875549316406,90.94196852488253,86.47885359063072,90.46205783502926,4691119,
2009-02-03,84.89517211914062,88.30249074509459,84.1753148337531,87.34268688945816,10168527,
2009-02-04,84.87117767333984,86.67082096581949,83.69540779314623,84.94316340503903,5931254,
2009-02-05,84.87117767333984,85.27909389052832,83.74340413915952,84.94316340503903,3082327,
2009-02-06,86.55083465576172,87.41466330620796,85.42305250391061,86.38286504462403,5638906,
2009-02-09,87.79862213134766,88.18254908367696,85.49507799201896,87.34271821198787,4505341,
2009-02-10,86.52685546875,88.25451314865848,85.66302662879575,88.25451314865848,9563232,
2009-02-11,86.59878540039062,87.79854397586271,85.01510021434858,85.4710125151932,5611525,
2009-02-12,86.31089782714844,87.3186981353887,85.87898340933118,85.90298158387257,4716957,
2009-02-13,87.79862213134766,88.51847967488789,86.62286066844766,86.71883581603733,5152975,
2009-02-16,85.44705200195312,88.78239338325609,84.99113950024422,88.54243804751673,5577258,
2009-02-17,83.57543182373047,85.87897516426395,83.07153171798876,84.9671588544096,3362952,
2009-02-18,84.65523529052734,85.08714975629535,82.11173606300838,82.54365052877638,7012488,
2009-02-19,85.95097351074219,86.11894316641985,84.22331575173229,84.4632711473687,4224270,
2009-02-20,85.30310821533203,85.90299235551778,83.98336662185233,85.90299235551778,6671071,
2009-02-24,85.51904296875,86.23890023279671,84.03134088549349,84.03134088549349,4792807,
2009-02-25,86.47887420654297,86.81480473966764,85.59104712725109,86.62284569035668,4509861,
2009-02-26,88.66241455078125,89.16631462306206,85.73499801235167,86.52684098307867,8448103,
2009-02-27,88.78241729736328,89.26231931078708,85.97497338355626,88.0625598835666,7289859,
2009-03-02,85.83099365234375,87.34269407604069,84.70321128756214,87.34269407604069,4283796,
2009-03-03,85.80699157714844,87.39067766330386,84.27129304934537,84.94316280288184,4056702,
2009-03-04,86.31089782714844,86.71881407042429,84.58324015587941,86.14292818000128,5208051,
2009-03-05,82.92754364013672,86.95874367819893,82.06371506055197,86.38285795847575,9522031,
2009-03-06,85.25511169433594,85.85498698420228,81.10392829140316,82.54364304679684,7082936,
2009-03-09,84.77518463134766,85.37506859329076,83.55142732436119,83.98334166800348,3507086,
2009-03-12,83.52742004394531,86.57480917958127,82.13569341686154,86.358852054033,7178695,
2009-03-13,81.70381927490234,84.89519018156102,81.12793332406603,84.43927754137485,15509977,
2009-03-16,82.13573455810547,82.78360625926493,80.26410519920034,82.06374881353219,9385168,
2009-03-17,83.43148040771484,84.22332362124796,82.06375122070314,82.73562111886905,8962263,
2009-03-18,84.0313491821289,84.91916737056306,83.50345087393382,83.50345087393382,5949270,
2009-03-19,85.71099090576172,86.14290520840102,83.50343184360044,84.10331574859471,4064943,
2009-03-20,85.20709991455078,85.90296777852751,84.29528366369149,85.90296777852751,4128002,
2009-03-23,88.15851593017578,88.54244273019931,85.4950440756901,85.4950440756901,4129233,
2009-03-24,86.95875549316406,89.69421303351193,85.75899634317075,88.30248609264936,6809151,
2009-03-25,84.94317626953125,86.91078949640742,84.1753312775581,86.91078949640742,9112290,
2009-03-26,87.0067367553711,88.7343940243403,84.7991776185724,86.09492057029932,11525290,
2009-03-27,87.39068603515625,88.25451489217592,85.73501405920189,87.27071273412182,5793436,
2009-03-30,88.06254577636719,89.02234964945879,80.38406206771117,80.38406206771117,6263758,
2009-03-31,86.31089782714844,89.26231301556636,85.20711360806389,88.06255367295887,7610965,
2009-04-01,85.66303253173828,86.62284534915639,84.48726248945023,86.62284534915639,5980836,
2009-04-02,88.18253326416016,89.14234607913589,86.43087729334299,86.43087729334299,9032008,
2009-04-06,88.5904312133789,90.65402789939672,87.87057394786575,89.26230092363123,8621446,
2009-04-08,94.49324798583984,96.14891947216064,86.62281547429566,87.89456020859517,18207907,
2009-04-09,93.19751739501952,97.42068586318304,92.18971722673598,96.02895889216096,10944490,
2009-04-13,92.23773193359376,94.54127563401798,90.70203320420366,94.54127563401798,7091571,
2009-04-15,94.8771743774414,95.71700480777125,87.41465802698669,92.76559043032428,9423838,
2009-04-16,93.91737365722656,97.37268848309064,92.64562876848048,96.50885977662462,11053453,
2009-04-17,92.86158752441406,98.7644171189892,91.46986054455384,94.15733060615008,19394778,
2009-04-20,89.59821319580078,93.58142551878332,88.87835607642553,93.14951124715816,11897360,
2009-04-21,89.8141860961914,91.61382921051076,87.96655542793016,90.07813961117152,6283303,
2009-04-22,89.88619232177734,90.70203364878375,88.32650419607752,89.31030639384856,7231062,
2009-04-23,92.09375,92.50166622154578,89.50226363114734,90.17412460930264,3670026,
2009-04-24,91.70982360839844,92.7176238678314,90.36609285826148,91.68582543501928,3344032,
2009-04-27,90.3420867919922,91.66182804076944,89.81418853501727,91.18191733903946,5826445,
2009-04-28,88.97437286376953,90.89398962967354,87.8226010467628,90.342101896465,7582641,
2009-04-29,91.18192291259766,92.09374802922848,88.80639379198483,89.26230635030025,8131816,
2009-04-30,91.18192291259766,91.18192291259766,91.18192291259766,91.18192291259766,0,
2009-05-04,92.86158752441406,95.0211593273074,92.14173025678294,92.14173025678294,5524665,
2009-05-05,91.66183471679688,93.58145130156826,91.18192398011344,93.58145130156826,5191862,
2009-05-06,93.17351531982422,94.25330106733448,90.7739885073618,92.11771895293492,7203136,
2009-05-07,92.14173126220705,94.25331553273936,91.3738864307954,94.06134773439626,4674459,
2009-05-08,91.1339340209961,93.38948981950094,90.75000719922576,92.18972179671384,5844128,
2009-05-11,90.24610900878906,92.11773802531548,89.09433730631126,92.11773802531548,7533442,
2009-05-12,91.78179931640624,92.11772977041848,89.81418657188907,90.7020134420956,4087863,
2009-05-13,90.6540298461914,93.00556070159344,89.98216012151069,92.62163388930156,4723279,
2009-05-14,90.6300277709961,91.85378509594202,89.74220090026199,90.1741152502429,3897104,
2009-05-15,90.00616455078125,91.90178299758256,89.2863072197628,91.15793628041078,11464730,
2009-05-18,99.14836120605467,107.97860896569786,94.06136310323402,94.06136310323402,145042,
2009-05-19,98.81240844726562,102.12375200480312,96.46087754565744,101.25992325066292,20912840,
2009-05-20,100.08413696289062,100.77999591030807,97.46865318754082,98.3804692690518,12590577,
2009-05-21,101.8118133544922,107.01877493967004,98.95637373699986,100.10814533738132,14206224,
2009-05-22,103.9473876953125,106.3949023640387,101.4038891300786,102.219730282094,11134016,
2009-05-25,101.93180847167967,105.05119348678468,101.25993863174212,103.65946624238612,5643518,
2009-05-26,96.74881744384766,102.3397059989712,95.50106190881829,102.21973271596998,6970219,
2009-05-27,96.96478271484376,99.29232435301778,94.68523742373048,98.28452408723616,11333730,
2009-05-28,99.7242431640625,101.59587231187926,96.94078882960792,98.28452843497269,16407470,
2009-05-29,103.37149047851562,104.06734948624236,99.46026355962329,100.82799219408832,16723726,
2009-06-01,110.06615447998048,111.0979526222192,104.18732421798236,105.00315643527026,15697688,
2009-06-02,107.37873840332033,111.8178654115912,105.67507862078492,110.42613801381748,6443054,
2009-06-03,106.65884399414062,109.8982015497398,106.05896882353912,108.3145156336691,6158199,
2009-06-04,106.75481414794922,109.8501998582404,105.81899986344258,106.25091414859948,9808494,
2009-06-05,105.3870849609375,107.97857065669828,104.85918679750968,107.97857065669828,10339766,
2009-06-08,102.86758422851562,106.97076988353687,101.78779852982582,105.81899847160108,6775702,
2009-06-09,102.21971893310548,103.03555999454176,100.01215985708372,102.07574749798842,10903051,
2009-06-10,105.2671356201172,107.2347397187448,102.7236368931423,103.17954944639531,31565504,
2009-06-11,108.31452941894533,109.75424407133414,105.09916962438392,106.05898232175008,16145173,
2009-06-12,106.29893493652344,110.88203269819942,104.7632450783945,108.2665480021953,9953972,
2009-06-15,106.15494537353516,111.28992997912582,104.01937181101992,107.64265620344004,14565337,
2009-06-16,108.05057525634766,108.6984467935276,104.78721939922332,105.98698736332555,6013501,
2009-06-17,102.55567169189452,108.21855523156763,101.40389996007234,108.02658741804996,9787346,
2009-06-18,96.86882019042967,103.6114912199578,96.46090387429776,103.17957672499828,21584282,
2009-06-19,95.0211410522461,98.33248384649104,92.62161435919433,98.33248384649104,17799949,
2009-06-22,91.68584442138672,98.35652956864594,91.27792811339448,95.64506054617908,15755310,
2009-06-23,94.10936737060548,94.85321421450332,87.34270730622444,87.34270730622444,16396708,
2009-06-24,95.23709106445312,96.67680521508734,92.14170564058958,94.6372072392496,11846624,
2009-06-25,93.12556457519533,96.1729643280718,91.66186014797854,95.261147735107,24594200,
2009-06-26,93.55745697021484,95.45308424711529,92.47767094931989,94.30131249149396,9230606,
2009-06-29,94.68524932861328,95.74103728688004,93.62945258302446,94.06136703695024,7417686,
2009-06-30,93.60543823242188,96.60484043351636,92.95756672429845,95.5010564164958,8221161,
2009-07-01,93.9893569946289,95.35708574511472,92.2137120722276,95.35708574511472,4835124,
2009-07-02,96.0529556274414,96.91678433019936,93.98935897930632,94.541255397615,8563190,
2009-07-03,98.09251403808594,99.0523263308628,95.16509840799463,96.46084104895073,9101245,
2009-07-06,92.71759796142578,101.01995308894118,91.66181043755503,99.34028353009906,14183012,
2009-07-07,92.76561737060548,94.25332846901176,91.3259026220326,94.03737125672582,5430660,
2009-07-08,93.43746948242188,94.6852249572619,90.46205663656634,92.62162835033573,7562797,
2009-07-09,93.17351531982422,93.82138676833036,92.42965998687752,93.62941899944929,3314713,
2009-07-10,92.66962432861328,107.9785852661264,91.78179747620744,95.02115503419122,4530081,
2009-07-13,92.06970977783205,92.62159721226308,91.2058813827312,91.2058813827312,3612949,
2009-07-14,93.7974090576172,94.61325028499964,92.04575331162458,92.14173721699925,4998325,
2009-07-15,95.50106048583984,96.12494263771872,94.08534413316718,94.54125666149096,7620327,
2009-07-16,98.54842376708984,100.20409487493724,95.8849528544658,96.7007937207716,9578538,
2009-07-17,98.50047302246094,99.72423038537472,97.73261940712509,98.86040165861203,6833266,
2009-07-20,99.74822235107422,99.9881777104918,98.04456302497468,99.4842776068392,6109843,
2009-07-21,97.32470703125,100.13215050330528,96.77281936328616,100.13215050330528,5202404,
2009-07-22,97.66063690185548,98.74042284593244,96.22092230975282,97.42069032805205,6954334,
2009-07-23,99.8202133178711,100.10815624935276,97.90059670376696,98.26052536811903,6327270,
2009-07-24,101.09192657470705,101.93175685889248,98.98034299504036,100.73199805472504,5800706,
2009-07-27,102.93960571289062,103.1555629276729,101.28393373289308,101.28393373289308,4954694,
2009-07-28,104.59528350830078,105.74705538451056,102.72365420945988,103.17956683956696,7893879,
2009-07-29,102.79562377929688,104.73923851461971,100.78002331303615,104.1393544943638,4309837,
2009-07-30,104.2113265991211,104.61925154597787,101.5478549026824,102.9395817812794,6351548,
2009-07-31,103.46749114990234,105.57906668394985,102.81961958636768,105.38710766830565,4783576,
2009-08-03,103.80343627929688,104.59527941318888,102.69965201203716,103.22755036373906,2733158,
2009-08-04,103.70744323730467,105.79502949748004,102.86761261346756,104.13935763596166,5258421,
2009-08-05,103.3475112915039,104.13935433057524,102.72363788679704,103.70743994562724,3274065,
2009-08-06,101.06795501708984,104.85920016317328,100.44408168065884,103.6354428730803,7561737,
2009-08-07,101.93180847167967,102.60367831161724,98.86041980841996,100.78003662454203,4256136,
2009-08-10,101.01998138427734,104.49928594791606,99.86820965842266,103.20354275632955,4092962,
2009-08-11,100.13214874267578,100.99597748811942,98.64444661018518,100.73203274500732,5107196,
2009-08-12,100.25211334228516,100.73202401749867,97.99656656059618,98.8843846138339,5474038,
2009-08-13,101.3319091796875,102.21973610785317,100.5880624981492,101.76382355760802,5540046,
2009-08-14,98.88440704345705,101.81183294939116,97.68464765792504,101.7158490351128,6014536,
2009-08-17,97.68464660644533,100.03617778871904,96.48488723382756,98.42850216262195,7879941,
2009-08-18,98.5244598388672,98.98037236188313,97.18072922803071,97.51665968390984,4243152,
2009-08-19,96.77279663085938,99.19631271089705,96.5088431577898,99.00435373828884,3940116,
2009-08-20,97.97259521484376,98.76443837969552,97.46869501902896,97.9246076491116,2888712,
2009-08-21,98.30851745605467,98.57247101361884,96.940788468514,97.97258694962548,4277163,
2009-08-24,99.22032928466795,100.06015983136407,98.06855766070984,98.88439003613342,7975614,
2009-08-25,101.11593627929688,101.93177735104344,97.66062179282082,98.62043430150388,4381483,
2009-08-26,101.01998138427734,102.41169969480448,100.37210978848408,101.7398387129365,3435249,
2009-08-27,101.49986267089844,102.21971985296156,100.30010362989962,100.97196447494578,4363964,
2009-08-28,100.6840362548828,101.69183645643848,99.50827521128149,101.2359326996626,5054014,
2009-08-31,101.90778350830078,102.33969783744448,99.8201975841062,100.20412436134043,3429871,
2009-09-01,100.6120376586914,102.9155806819274,99.38828042759728,101.97976632873778,5442045,
2009-09-02,99.36433410644533,101.1879672652494,99.31633774778204,100.30014886517898,6823825,
2009-09-03,99.05116271972656,100.5446443474857,97.91901469083004,100.23149326655444,3568099,
2009-09-04,99.38839721679688,99.99059925076769,98.2803317128988,99.1716023674302,2908429,
2009-09-07,99.79788208007812,100.3278279135612,99.38838369412528,100.20738046603098,2591378,
2009-09-08,99.34022521972656,101.26729663238442,98.7621055602104,99.72564126653933,6601705,
2009-09-09,98.85846710205078,99.84608529978472,98.28034741139552,98.85846710205078,2207673,
2009-09-10,98.85846710205078,99.96653278294218,98.66576347896782,99.34023057046136,2489107,
2009-09-11,98.85846710205078,100.01470648336132,98.66576347896782,100.01470648336132,4825554,
2009-09-14,98.81029510498048,99.17161991786872,98.08764547920391,98.85846880623004,3699786,
2009-09-15,100.93006134033205,101.17094748910829,99.14752853932612,99.436588389295,5700049,
2009-09-16,101.1227569580078,101.89358015583416,100.27965998831124,101.17093065118289,4524241,
2009-09-17,100.42418670654295,101.65269082551578,99.91833206931888,101.1950187013448,3091080,
2009-09-18,100.03878021240234,100.80960339105324,99.0752446230351,100.64098223702764,3806792,
2009-09-22,100.68917083740234,101.48408532079918,99.72563518978616,99.77380888467508,4045926,
2009-09-23,100.59281158447266,101.65269458981768,99.77380586769392,101.65269458981768,2703781,
2009-09-24,102.3271713256836,103.0979945345612,99.91833666850889,100.20739647451364,6409795,
2009-09-25,102.6884765625,103.5074821309587,101.70085868686124,102.32715187368052,3127351,
2009-09-29,102.37533569335938,103.72428721276488,101.48407392030704,102.95345525270334,2643400,
2009-09-30,102.9775390625,103.3388637609649,101.29135419586248,102.37532829125722,3754072,
2009-10-01,101.4118194580078,103.33888191454724,100.68916993412984,102.85711850576372,4915468,
2009-10-05,100.71324920654295,101.12275647147852,99.72563116207292,99.9183347552511,2370517,
2009-10-06,100.56871032714844,101.53224584982122,98.81026924556102,101.19501238651766,3628472,
2009-10-07,100.68917083740234,101.50816775754096,100.40011102525804,100.93004813325231,2864238,
2009-10-08,102.0862808227539,102.47169682131836,101.00230659685845,101.29136639043055,5891517,
2009-10-09,101.14685821533205,103.07392980059566,100.83371591931692,102.80895238531303,1949370,
2009-10-12,101.36363983154295,102.95346882939296,100.54464289540576,100.9300501048566,3844219,
2009-10-13,101.36363983154295,101.36363983154295,101.36363983154295,101.36363983154295,0,
2009-10-14,103.29069519042967,103.96516211336456,101.26727677881662,101.700866438448,4692027,
2009-10-15,104.51921844482422,105.91633505737688,103.48341779366484,104.01336374890546,4411040,
2009-10-16,103.5556640625,106.95211640788555,102.83301462731158,105.94040719862176,3730332,
2009-10-20,104.0615234375,106.80759141710068,103.67610744726326,106.80759141710068,7874440,
2009-10-21,104.15789031982422,105.02506977071616,103.4111495188654,104.3987676196905,4226131,
2009-10-22,102.54397583007812,104.35059978762,101.21911532074536,104.0615399544133,2064411,
2009-10-23,103.50749206542967,104.47101878049028,102.6643951629962,103.48340081006164,4281591,
2009-10-26,104.51921844482422,106.277659840176,102.6885032715068,103.82065131714204,5597553,
2009-10-27,104.78418731689452,105.69954049551602,103.50750935442169,103.6520392679622,4290314,
2009-10-28,102.88117218017578,105.386362376856,102.49576508945792,104.9527727837463,3431767,
2009-10-29,100.2796630859375,102.61623283028813,99.17160635884782,102.61623283028813,8458646,
2009-10-30,102.3271713256836,102.73666977705524,100.4964562805184,100.90596355329528,4257156,
2009-11-03,98.97887420654295,102.7125685658887,98.06352126198128,102.06218412126243,4723476,
2009-11-04,101.72496795654295,103.33888826620404,97.17227567628365,99.2438769863336,4394593,
2009-11-05,101.3154525756836,102.11036696821748,99.6292675904466,101.70086855495605,3509853,
2009-11-06,101.4359130859375,103.09800717423528,100.35193868052588,101.65270796701982,3094777,
2009-11-09,101.70084381103516,102.23078072952062,101.02636821676008,101.17089807114743,1580766,
2009-11-10,102.01399993896484,102.95344412132562,101.3395330735902,102.1344473817416,3753304,
2009-11-11,103.65203094482422,104.01335569966162,101.3154612564073,101.55634736676728,2497629,
2009-11-12,103.45931243896484,104.18196190610873,102.80892791853536,104.06152326871964,1927113,
2009-11-13,103.5556640625,104.8805243008135,102.90527957083044,103.5556640625,4087335,
2009-11-16,103.4352569580078,106.03679571764782,102.95348464009948,106.03679571764782,1830950,
2009-11-17,103.65203094482422,103.98926444220407,102.71258658224696,103.98926444220407,1769948,
2009-11-18,103.5797348022461,103.77243833966098,102.88116793898747,103.65199973145198,1262192,
2009-11-19,102.88117218017578,104.5673568716256,102.2307877905112,103.96514616295003,2930652,
2009-11-20,103.62789916992188,104.06148870619772,101.41177781386824,101.41177781386824,3410181,
2009-11-23,103.9892349243164,105.24182999266546,103.24249436915026,104.20602971568051,2045061,
2009-11-24,103.91699981689452,104.6878230224949,102.8089342914523,103.67611370577966,3790764,
2009-11-25,103.67613983154295,104.68784940320292,103.45934492333012,104.302442113985,1816354,
2009-11-26,101.58040618896484,104.10967888486012,100.68914454848952,102.23079059648076,7724702,
2009-11-27,100.25558471679688,102.13447356315768,99.31614029361648,101.1709378809656,6880566,
2009-11-30,101.07454681396484,101.41178903821788,100.30372382684854,100.88184327253644,4317116,
2009-12-01,101.3877410888672,102.01403448204309,100.73735643469767,101.65270967417112,2563747,
2009-12-02,100.71324920654295,101.7249585081872,100.5205456133648,101.45998996489158,2313007,
2009-12-03,100.78550720214844,101.17092318331493,100.3519175313628,100.73733351252928,2486355,
2009-12-04,101.0986785888672,101.96585810499757,100.18332537342052,100.68918009116324,1889344,
2009-12-07,99.67749786376952,101.17097116429676,98.88258309033576,100.35196512392577,3912454,
2009-12-08,101.07454681396484,102.08625584391864,99.0029550740508,99.67743070115422,3285562,
2009-12-09,99.89424896240234,101.12275307311336,99.7497190670246,100.27965613580656,2992323,
2009-12-10,100.20740509033205,100.93005466747722,99.48475551318684,100.06287517490298,2437953,
2009-12-11,100.7373275756836,100.97821365239184,100.08694310783484,100.6891538889035,2451176,
2009-12-14,100.20740509033205,101.31547071575666,100.0147014768953,101.02641088489858,2452441,
2009-12-15,100.37600708007812,101.17092146300172,99.87015247276312,101.17092146300172,2192774,
2009-12-16,100.1833038330078,100.59280224266551,99.99059143436536,100.49644604334428,1921234,
2009-12-17,100.06285095214844,100.68915298166594,99.7256175049186,100.01467726580242,2735572,
2009-12-18,99.87017059326172,100.44829024937322,99.05116480663511,100.20740411885812,2019936,
2009-12-21,100.44825744628906,100.88184704677664,99.31610976326138,100.2073713944394,3296214,
2009-12-22,103.4834213256836,104.2542446148289,100.49646674546052,101.05050397893302,4743726,
2009-12-23,110.70988464355467,111.19164795479944,104.20604024543464,104.4950999964622,18189046,
2009-12-24,110.78216552734376,112.01066964604227,108.51786087790173,111.43255006077236,7210744,
2009-12-29,112.17928314208984,114.13043660919988,111.28801256849744,112.97419751757911,5377854,
2009-12-30,112.22748565673828,112.95013527461812,110.56539153561468,112.92604401355332,3223506,
2009-12-31,113.52823638916016,116.27430448768853,112.15520233989596,113.33553279639844,16574406,
2010-01-04,111.6975326538086,115.09398564470638,111.14350425533644,114.37133607217494,6309685,
2010-01-05,110.46904754638672,113.14285142864598,109.91501905179314,112.82970910715753,8199537,
2010-01-06,109.93907165527344,113.1669028970542,109.67409431161528,110.95078087657534,8325996,
2010-01-07,109.96316528320312,110.70990605826822,108.51786624849989,110.70990605826822,6505911,
2010-01-08,111.3362045288086,112.54062632784692,110.4208513715202,110.70991119186448,7441676,
2010-01-11,112.22748565673828,113.38372504534604,111.76980462494558,112.29975061852628,3774640,
2010-01-12,110.5172119140625,113.02239418136492,110.2281520823966,112.73333434969902,3794679,
2010-01-13,110.5172119140625,111.50483006511897,109.40914628554124,109.8909097311824,5045623,
2010-01-14,111.28802490234376,112.10703062347874,110.80626150124355,110.80626150124355,3604338,
2010-01-15,111.89022827148438,112.97420246737153,111.28801744441222,112.97420246737153,3700988,
2010-01-18,111.4084930419922,112.44429389105508,111.14352442444904,111.89026539204389,2488917,
2010-01-19,109.69816589355467,112.15517356178977,109.40910616787995,111.89020508705552,3848296,
2010-01-20,110.5172119140625,112.01068477053428,110.13179586470598,110.85444544387072,6302983,
2010-01-21,107.67478942871094,111.26394613586592,107.2652909328736,110.80627394093187,5615904,
2010-01-22,107.09667205810548,108.59014497629671,105.79590276185316,106.13313630559794,6955587,
2010-01-25,107.8193130493164,108.15654656610668,106.27765773280758,107.43389701483778,2694200,
2010-01-27,104.3024444580078,108.39745654247662,103.57979474772463,107.4339206549632,7334034,
2010-01-28,103.12206268310548,106.7112181962193,102.15852727187756,105.2177458070088,10990456,
2010-01-29,103.24250030517578,104.01333215528076,101.33952957472395,103.31476523978544,7045766,
2010-02-01,101.79722595214844,104.5432941238849,101.45999245047378,104.5432941238849,5982205,
2010-02-02,99.24385833740234,102.6162194152767,99.09932845090196,102.25489469902573,5804071,
2010-02-03,101.0986785888672,102.08629676399138,99.2438808976126,100.20740781237556,6115466,
2010-02-04,100.06285095214844,101.55633226431742,99.50882268425572,101.55633226431742,3554996,
2010-02-05,98.42486572265624,101.50816743527147,98.063540958623,99.24387146160008,3797498,
2010-02-08,97.509521484375,100.20740742085788,96.95548424807444,100.20740742085788,2837287,
2010-02-09,98.28034210205078,98.9548179785139,97.31680639587576,97.50951882995432,2134167,
2010-02-10,96.59414672851562,99.2438674382773,96.40144313597852,98.9307163816751,2144283,
2010-02-11,97.9189910888672,98.280315779232,96.59413095039498,96.83501701777271,2019036,
2010-02-15,97.10001373291016,98.49713921544188,96.88321885569349,98.2803443382252,1199950,
2010-02-16,97.7262954711914,97.89490779279777,96.7145862559362,97.2686145523936,1219861,
2010-02-17,97.22042846679688,98.6175446573498,96.90727747582314,98.52119729197572,2331838,
2010-02-18,98.81029510498048,99.19570235779024,96.83504985405574,97.22046592827208,2694157,
2010-02-19,97.22042846679688,98.68980959208196,95.79921220279569,97.31677583217098,5307267,
2010-02-22,97.437255859375,98.71393385950012,96.90730988696168,98.71393385950012,5054958,
2010-02-23,97.1481475830078,97.60581954690554,96.95543524109137,97.31675985543257,4251614,
2010-02-24,98.47303009033205,98.73800743979548,94.9079653038128,94.9079653038128,6411043,
2010-02-25,96.40142822265624,98.71390626098083,96.06419478253513,98.71390626098083,8163273,
2010-02-26,97.82263946533205,98.52120644692506,96.54596177356476,96.69049165645932,13010078,
2010-03-02,97.67810821533205,98.7620823218699,97.43723096148176,97.99125923102204,2642516,
2010-03-03,99.87017059326172,100.27966907587206,97.67813062337032,97.7022218828436,8025309,
2010-03-04,99.65335845947266,100.37600790442896,99.34020742619012,100.2073867601377,5607044,
2010-03-05,99.21977996826172,100.30375425779116,98.95481141573408,100.15922435252055,4150608,
2010-03-08,98.8343734741211,100.1592340072787,98.13581513844478,98.78619977485567,3869247,
2010-03-09,97.79854583740234,99.17157956772876,97.50948610470203,98.95478476820354,3819248,
2010-03-10,96.54597473144533,98.3525985101026,96.13647628208471,98.18397735029286,7782768,
2010-03-11,97.67810821533205,98.08761542540446,96.13646203363632,96.69049030317662,3207786,
2010-03-12,96.40142822265624,98.13578675139968,96.3050720305915,98.03943055933496,3699648,
2010-03-15,97.1481475830078,97.43720727448078,96.06417373998418,96.06417373998418,2860820,
2010-03-16,97.82263946533205,98.20805542685218,97.14817255942675,97.2445199337538,2052349,
2010-03-17,98.32849884033205,98.8825359659911,97.70220559111354,98.03943906047668,3515582,
2010-03-18,98.4996566772461,99.50200810437026,98.3285200129064,99.50200810437026,2088818,
2010-03-19,99.1597137451172,99.50197801730025,98.35294092618504,99.23305672865648,2356192,
2010-03-22,98.67076110839844,99.25750496245632,98.08401725434058,99.25750496245632,2433463,
2010-03-23,99.52645874023438,99.77093841024868,98.54854901318076,99.50200808733184,3197042,
2010-03-25,98.10847473144533,99.52644225789628,96.83720214511204,99.52644225789628,9410468,
2010-03-26,99.03748321533205,99.3552968573786,98.30405334445324,98.37739633154112,2260155,
2010-03-29,99.35531616210938,99.6975894703574,98.49965079749552,99.03750245831164,2700465,
2010-03-30,99.25749969482422,99.62421458414867,99.061912451851,99.2819413854457,2511181,
2010-03-31,101.3355712890625,101.80007992145327,99.11083968019672,99.25752567431984,6598852,
2010-04-01,101.55558776855467,102.04454699072686,100.65103021823896,101.33555880447766,3647560,
2010-04-05,102.19124603271484,102.36237372465376,100.96885677399403,101.70228674802549,3352753,
2010-04-06,102.60686492919922,103.29140263309954,101.3355831799568,102.72910028764429,5329093,
2010-04-07,103.38916015625,103.63363976186676,102.2401230205536,102.68018093886305,4207862,
2010-04-08,102.87577056884766,103.8536801458926,102.313477262373,103.63365116253266,2665147,
2010-04-09,103.51141357421876,103.7803348970384,102.55795466703748,102.87576833409652,2590351,
2010-04-12,101.65342712402344,103.92706077542655,101.4578487189906,102.5335433761795,2240896,
2010-04-13,102.33794403076172,102.8024437667945,101.36003429968632,102.43572873676668,2202954,
2010-04-15,102.38678741455078,103.65806856162426,101.65335770527749,103.65806856162426,3038510,
2010-04-16,101.433349609375,102.46015141308524,101.16442831178462,101.89785817157764,1670092,
2010-04-19,100.89551544189452,102.1423464183272,99.3553124710071,100.6265940979786,2899968,
2010-04-20,100.4798812866211,101.94674086744767,100.0153727683592,100.9688314958965,2047052,
2010-04-21,101.1155242919922,101.4577975193318,100.52878041998255,100.82215235598736,1693617,
2010-04-22,101.04220581054688,101.70229282662764,100.28433409408588,100.72439210480638,1746073,
2010-04-23,100.13762664794922,101.70227104902573,99.868696396982,101.70227104902573,2619820,
2010-04-26,100.13762664794922,101.11552716037173,99.868696396982,101.11552716037173,1042611,
2010-04-27,100.9444351196289,101.11556284554564,99.7953886301652,100.13766198800752,1405560,
2010-04-28,100.79771423339844,101.16442916639284,99.91759839421184,100.25986268067288,2816089,
2010-04-29,99.35531616210938,101.55560620226191,99.20863015943254,100.43101948374158,3384128,
2010-04-30,101.48226165771484,102.24014231102134,99.55090195384147,99.74648030343546,4619622,
2010-05-03,100.21096801757812,101.70226940851744,100.01538075584756,100.91994722059844,827810,
2010-05-04,99.7953643798828,100.89550929203122,99.50199240330991,100.21098064869592,2149497,
2010-05-05,100.30878448486328,100.69995017928984,98.27963091059604,98.27963091059604,3286635,
2010-05-06,99.77091979980467,100.67547739942204,99.25751885564274,100.67547739942204,2085410,
2010-05-07,99.06193542480467,100.72438261060552,98.37740677465358,99.77092367725004,8640880,
2010-05-10,100.35765075683594,100.69991502434524,99.25750601876952,99.74645625135436,2136246,
2010-05-11,100.1865463256836,100.72439802138102,99.33088090557722,100.72439802138102,2982516,
2010-05-12,100.84661865234376,100.96885399364882,99.77092437105289,99.99095335720344,2362406,
2010-05-13,101.5800552368164,101.92231958661336,100.4799102342516,100.4799102342516,4052253,
2010-05-14,100.65103149414062,101.80006867010816,100.30875824368098,101.58003970324197,3066765,
2010-05-17,99.7464828491211,100.65104952595976,98.76857317018748,99.77093350082046,2378592,
2010-05-18,100.30878448486328,100.651057824863,98.76858131387633,99.25754067016052,2819979,
2010-05-19,98.67076110839844,101.70226505236364,97.93733129082612,101.70226505236364,2175070,
2010-05-20,100.01538848876952,100.6510337090386,97.3994914761291,98.67077296366551,3287722,
2010-05-21,95.93264770507812,99.7464838523748,95.61482504180232,99.25753348449172,7112720,
2010-05-24,96.91055297851562,97.54618932310385,95.9570939851319,97.30170967379937,2011362,
2010-05-25,94.22129821777344,97.22836102209602,92.95002560250042,96.91054734477896,4722848,
2010-05-26,95.44366455078124,96.81273048236,93.5367471321893,94.85692072967603,3489866,
2010-05-27,96.49491119384766,97.22834099504996,93.879014553893,96.05485331312627,5581928,
2010-05-28,98.32853698730467,98.57301669956526,95.8348743624645,97.05726397076216,2360372,
2010-05-31,98.91525268554688,99.67313330847878,97.49729404006472,98.27961636008943,2564688,
2010-06-01,96.66604614257812,99.64865763204196,96.32378189221352,99.25750104676824,2620576,
2010-06-02,96.56824493408205,97.52170358441576,95.8348152030561,96.8127244954239,2471930,
2010-06-03,98.91525268554688,99.25752597487232,97.54618638725296,97.79066602919931,2389141,
2010-06-04,98.86637115478516,99.893173229093,98.57299913355432,98.81747880224788,1924441,
2010-06-07,97.7173080444336,98.76855154226205,96.32379130977615,98.76855154226205,1329100,
2010-06-08,97.86400604248048,98.57298534360385,97.13057609200725,97.79066304743314,1545310,
2010-06-09,97.10611724853516,98.18181143412464,96.86163763467329,98.18181143412464,2117816,
2010-06-10,97.79068756103516,97.9862659458537,97.15504214261688,97.35062948044,1295258,
2010-06-11,97.74173736572266,98.7685390402355,97.42392376846874,97.79063865222332,1596361,
2010-06-14,97.76622009277344,98.69522845215636,96.93499643248153,98.69522845215636,2223057,
2010-06-15,98.84192657470705,99.25754293232124,97.05725263790772,97.32617402289024,2219012,
2010-06-16,98.01070404052734,99.25753510908952,97.37505870357178,98.27962540431412,1372851,
2010-06-17,97.66840362548828,98.40183346235804,96.91053209605684,98.27959814054672,1790392,
2010-06-18,98.18180084228516,98.7685446898546,97.05721443644414,98.27959446788029,2648188,
2010-06-21,98.37740325927734,100.1865274171764,98.18181597793551,100.1865274171764,2178442,
2010-06-22,97.61952209472656,98.52408864467658,97.4483854628436,98.03512939729724,1322143,
2010-06-23,96.20156860351562,97.71732995679606,95.8348535911096,97.61953630248672,3543240,
2010-06-24,95.15032958984376,96.73942507142851,94.90584991844467,96.32381768775342,3772088,
2010-06-25,95.83485412597656,96.64162715777256,95.12587474903572,95.44369741256251,1818379,
2010-06-28,97.27726745605467,97.4239534542528,95.5903784767763,95.5903784767763,2545873,
2010-06-29,96.59268951416016,97.79062765065562,96.39711124916052,97.30166855865797,1796288,
2010-06-30,97.59508514404295,97.9862508062466,95.39479508102843,95.39479508102843,2564043,
2010-07-01,97.76622009277344,98.71967910343064,96.47049672929158,97.30171143658043,2209051,
2010-07-02,98.98860168457033,99.2575319929175,97.86401496003838,98.03514266207408,2618432,
2010-07-05,97.76622009277344,99.64868746281356,97.22836843576069,99.2575307604434,2026903,
2010-07-06,98.13292694091795,98.5729849092629,97.54618298312474,97.79066261653936,1294700,
2010-07-07,98.0351333618164,98.62187731999786,97.57063369692428,97.79066268124234,1568584,
2010-07-08,97.497314453125,98.47521531964884,97.39952078527082,98.27963693694495,2222050,
2010-07-09,96.91055297851562,98.40185466616518,96.71496567787092,97.7906689724083,3413132,
2010-07-12,97.497314453125,98.42632296222398,97.20394240256697,97.22838410477716,3877160,
2010-07-13,97.57064819335938,98.181833938603,97.37506087623824,97.54619754046831,2598468,
2010-07-14,97.37506103515624,98.42631376913631,97.08168901199936,97.8884620756808,1475091,
2010-07-15,97.22835540771484,97.69286400166632,96.69051277577296,97.42394268569538,1046527,
2010-07-16,97.05723571777344,98.2551653672256,96.54383473857892,98.2551653672256,1320354,
2010-07-19,99.08635711669922,99.99092344011902,96.76383260878312,97.301675112006,2819647,
2010-07-20,99.35531616210938,100.1376474783879,98.8908164556348,99.50200216478622,2514470,
2010-07-21,99.1597137451172,99.7464576134315,98.79299882742076,99.6486639843788,736338,
2010-07-22,99.94204711914062,100.455448061453,98.42629494045713,99.0130388745284,1106432,
2010-07-23,98.7685775756836,100.72439702078866,98.40186254885184,100.6754957152087,1721606,
2010-07-26,98.64634704589844,99.20864046356022,97.8395739473818,98.96416973570936,1454859,
2010-07-27,98.45075225830078,99.99095518957962,97.08167701738456,98.52409525502834,2624084,
2010-07-28,97.42395782470705,98.74413186771334,97.15502751394436,98.4507598581564,1501959,
2010-07-29,97.54620361328124,98.1573983495789,97.05725319604564,97.79068329840116,2408622,
2010-07-30,97.1794891357422,97.79068387564764,96.81277408239976,97.79068387564764,1110567,
2010-08-02,96.86162567138672,97.98622101265184,96.69049802052062,97.79064271751896,1143511,
2010-08-03,96.78827667236328,97.49726473500418,96.61714903213957,97.30167749903433,1079311,
2010-08-04,97.66840362548828,98.27959814054672,96.37268056468535,97.05721806343077,1395531,
2010-08-05,96.93497467041016,98.0351194357225,96.73939636313274,97.39948322232016,997657,
2010-08-06,96.4215850830078,97.39949464003293,96.32380039440676,96.93498603367064,947401,
2010-08-09,97.54620361328124,97.74178198957466,96.56829382580588,96.81277351092577,1716368,
2010-08-10,96.00599670410156,97.79067953549485,95.78596768186144,97.79067953549485,1595868,
2010-08-11,95.85929107666016,96.61717164920546,95.68815444337524,96.0793200538828,1290968,
2010-08-12,94.90583038330078,95.95708290562597,93.97682214801458,95.88373991460332,2179110,
2010-08-13,95.71261596679688,96.2015663207348,94.61247095568427,95.34590096309267,1606116,
2010-08-16,96.03042602539062,96.69051294547936,95.46812379146196,95.8348387470668,887950,
2010-08-17,95.29700469970705,96.44604201312102,94.78360371560676,96.44604201312102,1787750,
2010-08-18,95.24811553955078,95.8348595961661,94.85695880380976,95.5903888745789,1699315,
2010-08-19,94.88140106201172,95.63928179059698,94.66137203948736,95.34590976056448,1150381,
2010-08-20,94.49021911621094,95.32143367755204,94.29463184636477,94.9547187378423,1265514,
2010-08-23,94.95472717285156,95.39478513959445,94.27019852658636,94.66135519502298,1111324,
2010-08-24,94.63693237304688,96.07934190070756,94.49024635487784,95.6392838462005,1090456,
2010-08-25,94.7591323852539,95.61479752101422,94.51465279517925,94.63689706671693,1082428,
2010-08-26,97.08167266845705,98.18181757008776,94.856941169383,95.0525195008944,5067781,
2010-08-27,96.05487060546876,97.64397476282026,95.34589132100558,96.8127511874826,1073128,
2010-08-30,95.54147338867188,96.81275497367038,95.2236597071741,96.81275497367038,1515855,
2010-08-31,95.8104019165039,96.27490158185236,94.90583532908477,95.54147163340502,2563848,
2010-09-01,96.59268951416016,96.76382609165924,95.54143731466417,95.88371046966232,724122,
2010-09-02,95.6392593383789,97.05722680165609,95.39477971974443,97.05722680165609,1095507,
2010-09-03,95.85929107666016,96.12821239782048,95.34589012980736,95.83484042819032,814602,
2010-09-06,96.12818908691406,96.71493288389014,92.94999948862689,96.71493288389014,1322847,
2010-09-07,97.61952209472656,98.1329230373735,95.90818263490276,96.27489759393627,2671492,
2010-09-08,97.9140625,98.13497666131036,96.9567678009884,97.39859612360914,2224230,
2010-09-09,99.48500061035156,99.90227987662614,96.29401560578437,96.66220583750292,2728461,
2010-09-13,101.91507720947266,102.35690557887789,99.23955797617838,100.56504308439406,4756633,
2010-09-14,101.08051300048828,102.60237231803654,100.14776718481336,101.62052846694296,3681516,
2010-09-15,101.57147979736328,102.03784839608142,100.54054649005472,101.08055318215202,3980922,
2010-09-16,101.35054779052734,102.8478494346688,100.76144314653112,101.12963354902875,5955370,
2010-09-17,101.30143737792967,102.11145616454246,100.54051663167202,101.62053868414824,6248700,
2010-09-20,100.78597259521484,101.91509270729158,100.14777896092237,101.91509270729158,3600381,
2010-09-21,102.11145782470705,102.82329852022777,100.44233117301152,101.35053706607803,7343925,
2010-09-22,102.28327178955078,102.7251001774106,101.44870406058612,102.11144664237588,8017502,
2010-09-23,101.81688690185548,103.4369242049608,101.05596628247145,102.38145134864854,4543156,
2010-09-24,102.74966430664062,103.09330566250802,100.76143626886368,101.12962664622978,7266513,
2010-09-27,105.35150909423828,105.89152450110798,102.70053907891152,102.84781519087412,10490757,
2010-09-28,107.75704956054688,108.00250381060825,105.05698089769145,105.35153318898313,10173174,
2010-09-29,106.52972412109376,108.59158980723764,105.98971767216533,108.00248532548224,5638495,
2010-09-30,106.50519561767578,107.41339246596918,105.59698978036036,106.5297356477235,5063836,
2010-10-01,107.73248291015624,108.00248613664836,106.38244879965352,106.9470132582567,3982591,
2010-10-04,106.99609375,109.1315973417068,106.6524524902034,108.56704191725088,2368074,
2010-10-05,106.0879135131836,107.70795110911804,105.7933612230137,107.11884652877823,2993239,
2010-10-06,106.33336639404295,107.33975029109016,106.1615412451728,106.52973157202196,3476830,
2010-10-07,105.57244110107422,106.67701212743636,105.1797107288268,106.3824598537398,4333806,
2010-10-08,105.37608337402344,106.35792735218612,104.39423939586077,105.6951846894564,2509489,
2010-10-11,104.6396713256836,106.28425747445634,103.78056372000648,105.64605503456364,1371399,
2010-10-12,103.24056243896484,104.81151075059144,102.94601019234868,104.81151075059144,2842122,
2010-10-13,102.13599395751952,103.63330424331174,101.42416234084196,103.24056490875442,8118037,
2010-10-14,99.43592834472656,103.33874545911644,98.6749987411782,102.55326683964044,6285516,
2010-10-15,100.29505157470705,101.03143227643028,99.55867087298378,100.09868638392156,4786064,
2010-10-18,101.81688690185548,102.03780107955166,99.1904657855856,100.6386779541425,3748152,
2010-10-19,100.27052307128906,102.11147520227372,99.90233264509212,101.81692286131616,2264584,
2010-10-20,100.83503723144533,102.0132460053706,99.7795555417974,99.7795555417974,2297487,
2010-10-21,100.9823226928711,102.11143354657888,100.63867244259448,101.66960521538356,3100713,
2010-10-22,100.14778137207033,101.52235576711077,99.95141616964248,101.44871769257246,3412359,
2010-10-25,101.89054107666016,102.602381754506,100.19686544644163,100.19686544644163,4421438,
2010-10-26,100.76140594482422,102.4305321568878,100.31957762495269,102.08689090443887,2505402,
2010-10-27,97.32495880126952,100.9332234631229,97.00586655854772,100.63867124582876,8378794,
2010-10-28,95.26312255859376,97.93864235098935,94.40401465711906,97.22681060342596,13440540,
2010-10-29,95.87677001953124,97.39862051556392,95.33675449363852,96.12223325657747,5231710,
2010-11-01,94.8458251953125,97.25133225827344,94.624911006193,97.25133225827344,4497510,
2010-11-02,95.11585998535156,95.85224086004854,94.84585666097078,95.23859612381727,1851561,
2010-11-03,94.8458251953125,95.97494515826382,94.624911006193,95.72948195179058,2959070,
2010-11-04,95.58219146728516,95.87674367519666,95.23855022106171,95.28763925937363,2129278,
2010-11-08,94.74765014648438,96.66224002864509,94.5758339702542,96.66224002864509,4264338,
2010-11-09,95.18949127197266,95.41040551859844,94.60038661430389,95.14040221350815,2229834,
2010-11-10,95.28765106201172,95.7049304118986,94.91946075651708,95.11582592310717,1660956,
2010-11-11,94.47764587402344,95.72949309137216,94.15854456737804,95.28766466171966,1651270,
2010-11-12,94.35491943359376,95.21402727890325,94.1340052171694,94.50219557787666,1932042,
2010-11-15,93.02944946289062,94.69857637676708,92.6367100170863,94.5022111483769,3110593,
2010-11-16,91.85121154785156,93.69216308215496,91.3602851460232,93.69216308215496,4113303,
2010-11-18,92.21941375732422,93.71671520579784,91.43393500862685,93.66762615488764,4636971,
2010-11-19,90.40299987792967,92.68578002110296,89.88753339398734,91.87576126062211,4005283,
2010-11-22,89.96115112304688,91.45846118658542,89.34750667835048,91.45846118658542,3834051,
2010-11-23,88.36568450927734,90.28027434031168,87.01565022182263,89.78935686715646,4411399,
2010-11-24,87.45746612548828,89.37205568246348,86.89291066272054,89.1511415028125,2631566,
2010-11-25,86.86836242675781,89.20024033670168,86.4265340634869,87.89929527438994,5895100,
2010-11-26,86.8929214477539,88.31659377854933,86.08290268849518,87.38383891157001,7725027,
2010-11-29,88.07111358642578,88.83204314942677,87.5065581623401,88.21838969610208,5292031,
2010-11-30,90.32935333251952,90.96755586448036,87.40837986061693,88.26748759023035,5271912,
2010-12-01,91.48301696777344,91.80210922613364,89.39660233001334,90.32934806748432,3745135,
2010-12-02,89.78931427001953,92.2930074766667,89.3474860570818,92.24390946032828,4355982,
2010-12-03,90.89392852783205,91.28665891335838,89.98572265688549,90.30482396052018,3502736,
2010-12-06,91.8266143798828,92.68572164906014,91.11478315622252,91.5075132849237,4237836,
2010-12-07,94.06037139892578,94.67401603517511,91.77759105930146,92.07214336118848,4018008,
2010-12-08,93.7412567138672,94.13399605674395,92.85759993416066,94.13399605674395,2635566,
2010-12-09,92.24393463134766,94.10943503580496,91.55665210524796,94.10943503580496,1953438,
2010-12-10,94.45307159423828,95.60674040026475,91.4339114656933,92.19484099849586,4042436,
2010-12-13,96.44131469726562,97.20224435395272,93.8639824606078,94.20763275150982,4756578,
2010-12-14,97.93864440917967,98.13500962218032,96.66224805211746,96.90771131013568,4161991,
2010-12-15,96.68677520751952,98.2822635512372,95.55765526283032,98.13498742753951,3962752,
2010-12-16,97.17767333984376,98.11042793084997,96.24492773785695,96.83403211574743,3527979,
2010-12-20,94.69853973388672,97.39859878283622,94.28126041413664,97.20223363042804,1459412,
2010-12-21,94.1830825805664,95.33674257126964,93.127600681186,94.74763806724734,1762180,
2010-12-22,94.64944458007812,95.14036192390276,94.20761627392996,94.45307045133234,1480603,
2010-12-23,96.09768676757812,96.22041389482288,94.4040110620959,94.99311565530712,1443032,
2010-12-24,97.32495880126952,97.6931490728872,95.72947062059964,96.22038798641644,1585530,
2010-12-27,96.71131134033205,98.03679627702634,96.49039718421632,97.69314604149966,1833369,
2010-12-28,96.4658660888672,97.177697727788,96.12222477852984,96.7113293042634,1262710,
2010-12-29,97.15312957763672,97.39858373296464,96.53947621127872,96.71130131122354,2099943,
2010-12-30,99.2886734008789,100.0495941776756,96.883156975652,97.20225829467748,6130018,
2010-12-31,98.50318145751952,99.28866013959096,97.9877150051071,98.99410788106955,1451338,
2011-01-03,97.42312622070312,99.41135328643176,96.98129798387454,98.8713380006351,1342116,
2011-01-04,98.25772857666016,99.01864926221783,97.374071789028,97.374071789028,3174169,
2011-01-05,97.93864440917967,98.65047617170232,97.20226362414826,98.08592056618598,835621,
2011-01-06,99.16593933105467,99.28867545037949,96.98134607315356,97.96319008263706,3078096,
2011-01-07,96.73587036132812,99.75503108779178,96.02403871484395,99.11683750780672,2117685,
2011-01-10,93.91310119628906,97.12862769921428,93.27489850909588,97.12862769921428,1854774,
2011-01-11,93.15216064453124,95.72949315248272,92.31759283609188,93.76581423800336,2439870,
2011-01-12,94.01124572753906,95.58219387226772,91.11482160287775,93.42214129689334,2521036,
2011-01-13,92.7839584350586,94.18308161780948,92.04757781255812,94.01125647621896,4044352,
2011-01-14,91.53211212158205,94.47763463555088,90.96755663607846,92.29304176736444,2445078,
2011-01-17,91.8266143798828,92.58754361139307,90.82023106518842,91.60570031160722,1515738,
2011-01-18,92.58758544921876,93.20122992348485,91.55665266474873,91.55665266474873,1561732,
2011-01-19,91.87577056884766,93.88854765878884,91.55667822961745,92.93125266305216,3131692,
2011-01-20,92.58758544921876,93.12759186745129,90.820272104413,90.820272104413,2222286,
2011-01-21,93.2503433227539,93.56943562547752,92.7103278264972,92.78396589466756,2889026,
2011-01-24,94.57581329345705,95.14036872868542,93.0048650962304,93.0048650962304,1887610,
2011-01-25,96.24494934082033,97.07951705983052,94.5758228918214,94.5758228918214,4650921,
2011-01-27,95.63131713867188,97.10407874239384,95.238586703695,95.8767804023,4662642,
2011-01-28,94.23218536376952,96.19587332279902,93.93763306881738,95.23857836420451,4354972,
2011-01-31,92.80850982666016,93.98671885280544,92.0475801676008,93.07851306547796,2286866,
2011-02-01,90.94300842285156,93.64306775485484,90.67300518635766,92.906687119852,2117569,
2011-02-02,88.48841857910156,93.22580447809452,88.21841529601679,91.80213200841771,2940711,
2011-02-03,89.49481201171875,89.64208816478849,87.6293110764944,88.61115509330033,2977808,
2011-02-04,88.32181549072266,90.69270962013144,87.47329323377981,90.1935692037178,3748426,
2011-02-07,89.6445541381836,89.91907505106512,88.24697152487279,88.84593289074166,2325357,
2011-02-08,86.92422485351562,90.81747178924589,86.42509367745963,90.76756141346644,2052031,
2011-02-09,85.52664947509766,87.47327288374449,84.87776891260184,87.24866249043909,2794068,
2011-02-10,85.05249786376953,86.79947123021579,84.85284715939008,85.82615919480294,1883808,
2011-02-11,88.27191925048828,89.22027157057248,85.1273725087406,85.27711282977621,3307017,
2011-02-14,88.89583587646484,90.16862854191388,88.44661493571813,89.64453744437606,1503505,
2011-02-15,90.29338836669922,90.84243910362834,88.62128553565694,89.34503631147743,2400494,
2011-02-16,90.64279174804688,90.96723211069089,89.89409024919345,90.44314106149348,2474599,
2011-02-17,90.26846313476562,90.79255431248365,89.41994065426731,90.76760368268503,602318,
2011-02-18,89.37000274658203,90.6677551092359,88.52148044049021,90.1436640392403,3297218,
2011-02-21,88.17208099365234,89.02061244583409,87.02407806711452,88.39669145398665,1744862,
2011-02-22,87.77279663085938,88.54644894027399,87.09896511912255,87.64800692462491,2172444,
2011-02-23,86.30033874511719,88.24696299605536,85.92598792762908,87.3485210340839,1383036,
2011-02-24,85.3270263671875,86.72460884129086,84.85285475938835,84.97763531837377,3014625,
2011-02-25,84.77798461914062,86.54990877068155,84.00432321860269,85.47676671695788,1628618,
2011-02-28,84.77798461914062,87.74783138342455,84.42858443080776,84.85285478243706,2669386,
2011-03-01,90.51799011230467,90.84243039932409,85.20221070951426,85.87604190141727,4547804,
2011-03-03,88.87085723876953,91.69096283255992,87.3984141810346,89.84416907036515,2329243,
2011-03-04,89.41993713378906,90.49307007677425,88.94575637376163,89.14540710141422,2192590,
2011-03-07,90.1186981201172,90.49304885883193,87.39842217840507,88.82095498552103,1518444,
2011-03-08,89.91905975341797,90.64280156757324,89.04557762327035,89.34505825525508,686125,
2011-03-09,88.72113037109375,90.39323348363368,88.44660952612443,90.14366326311972,930722,
2011-03-10,87.74781036376953,88.92077292796024,87.27362973000552,88.84590278259867,1105700,
2011-03-11,87.173828125,88.24696101813038,86.40016673972363,87.57312956175473,1693838,
2011-03-14,88.82093811035156,89.19528877794308,87.34848605821125,87.47327570702215,1550019,
2011-03-15,87.29861450195312,88.27192667049978,86.3502621021518,87.57313540045294,1741938,
2011-03-16,88.62130737304688,89.09548808721244,87.42338484414317,87.82269540025227,978834,
2011-03-17,87.62305450439453,88.54644713088172,87.14887373712773,87.99740533659869,809139,
2011-03-18,86.97417449951172,88.34679727770234,86.67469383077375,88.29688687938757,984092,
2011-03-21,86.3252944946289,87.54817682131075,86.10068401459084,87.3485169683277,1122426,
2011-03-22,87.0240707397461,87.59807215468447,86.67467062680772,87.27363180393378,914296,
2011-03-23,87.3984146118164,87.8226756991549,86.42510277542338,87.29858471032789,1294640,
2011-03-24,87.7977523803711,88.14715261089262,87.29862094460148,87.8476719215458,1341760,
2011-03-25,91.29168701171876,91.74090798257014,87.44834899240438,87.44834899240438,2568351,
2011-03-28,92.43968963623048,93.33813157375135,90.24350432635096,90.79254608410884,4321368,
2011-03-29,94.06187438964844,94.8105759392094,91.64106966626032,92.33986082565826,2887262,
2011-03-30,94.26151275634766,95.2348246434267,93.36307101442854,93.83725164691542,1293895,
2011-03-31,96.38285064697266,97.33120291091222,94.28648627658376,94.66083705701035,6662690,
2011-04-01,94.26151275634766,96.38283658235292,93.91212179207534,96.3329170592983,1010179,
2011-04-04,94.58595275878906,95.53430488093458,93.68751102009688,93.9370720767856,1836823,
2011-04-05,93.86223602294922,95.33468883355324,93.53780470353502,94.68580791587424,1428296,
2011-04-06,95.73396301269533,96.20814368042195,92.6642868330087,94.16168984748998,2937254,
2011-04-07,92.91383361816406,96.1582090445358,92.73913359738836,96.0084687808482,4377166,
2011-04-08,91.7159423828125,93.71247685759651,91.11698112643496,93.33812607236057,3092548,
2011-04-11,91.74089050292967,93.01368301116668,91.21679947012622,91.8906307980164,1953333,
2011-04-13,93.73745727539062,94.06189774055058,90.89239068077016,91.41648189556868,2536735,
2011-04-15,92.53953552246094,93.46293738617752,92.0903144762354,92.91388639431555,1573560,
2011-04-18,92.4896011352539,93.68752361454732,91.59115927578384,92.58942191557956,2775322,
2011-04-19,91.74089050292967,92.31489192095462,91.09200979793908,92.24002177341129,1120609,
2011-04-20,93.3131866455078,93.56274777266783,91.84073395391064,92.24004455256107,1026747,
2011-04-21,93.3880386352539,94.08682062260624,92.53950720555716,92.93881772648906,1621608,
2011-04-25,93.11351776123048,93.9370895078545,92.83899689216368,92.83899689216368,1143561,
2011-04-26,92.91383361816406,93.2881842773831,91.99043227895032,93.23827390262736,826138,
2011-04-27,92.56448364257812,93.43796585381796,92.24004321466644,92.91387469918918,1159488,
2011-04-28,91.69099426269533,92.88891692759464,91.34160319857456,92.56448563213416,1827498,
2011-04-29,90.9922103881836,92.24004342703115,90.493069861105,91.81578220449636,1722074,
2011-05-02,90.36825561523438,91.5162674322965,90.093734825263,90.61782578574902,1096219,
2011-05-03,89.02059936523438,91.09200359302862,88.67120841363895,89.99391121699892,2462716,
2011-05-04,89.12044525146484,89.71940649843202,88.69617494191421,89.19531540733574,2339367,
2011-05-05,86.82443237304688,89.3700180047776,86.350260750282,89.1953270445693,4171152,
2011-05-06,87.2486801147461,87.87259190701161,85.40187708156569,86.35023836003847,2149135,
2011-05-09,86.25040435791016,87.64797730797646,86.00083416919692,87.5980669260025,1500910,
2011-05-10,90.1186981201172,91.2916698610382,86.40015049535836,86.79946099646152,5628651,
2011-05-11,88.22201538085938,90.2185500958416,87.8227047820931,89.84419926556839,1443291,
2011-05-12,87.09896087646484,88.82097465591164,86.89930101198522,88.04731324475786,1393770,
2011-05-13,87.37346649169922,88.27190830652388,86.47502467687454,87.29859634046383,1484322,
2011-05-16,86.92422485351562,87.99736647842762,86.37517416225963,87.34848589619219,2978124,
2011-05-17,85.42684173583984,87.07398504713562,84.42857001585304,87.07398504713562,2852772,
2011-05-18,85.30205535888672,86.0008372895629,84.25387332345039,85.77622685339797,1804472,
2011-05-19,84.85282897949219,85.851091426933,84.55334841737564,85.851091426933,1112718,
2011-05-20,86.25040435791016,87.22371621264351,84.85283140784385,85.35196264584859,1645852,
2011-05-23,83.75475311279297,86.00085801575307,83.65493232116647,86.00085801575307,2296383,
2011-05-24,83.28054809570312,85.12734167303631,82.68158702852257,84.0542000478643,3451340,
2011-05-25,83.45527648925781,83.60501682335303,82.43205391941542,83.40536609103431,3159603,
2011-05-26,85.30205535888672,85.80118661500143,83.53012249174873,83.80465245112055,7075099,
2011-05-27,83.929443359375,86.32528830808151,83.62996274078668,84.90275536978702,4068427,
2011-05-30,83.72976684570312,84.82785906217039,83.35541618788243,84.47846816134452,4140687,
2011-05-31,83.97935485839844,84.65318625912104,83.2556130670597,83.4303131433511,22371508,
2011-06-01,87.37346649169922,87.57311718185267,84.62823065954254,84.62823065954254,4805697,
2011-06-02,87.47329711914062,88.8459104766904,86.12563438592409,86.79946575253236,4536013,
2011-06-03,86.87432098388672,88.3218042446795,86.59979104798846,87.74780289225625,1980505,
2011-06-06,86.82443237304688,87.44835346651453,86.350260750282,86.89930253868602,803578,
2011-06-07,86.37520599365234,86.79947633210357,85.95094479462507,86.35025536627799,2685571,
2011-06-08,87.49823760986328,87.97241822977428,86.35023484080556,86.35023484080556,2080336,
2011-06-09,88.84590911865234,89.2701793989062,87.34850610463336,87.79772700883906,2864422,
2011-06-10,87.94749450683594,88.87089636417166,87.44836306095408,88.37176491828978,2381526,
2011-06-13,89.84416961669922,90.4930411285682,87.62302513653802,87.62302513653802,3158617,
2011-06-14,90.24346923828124,90.74260040747042,89.81919906202101,90.09372897358244,1672045,
2011-06-15,88.4715576171875,89.8940904684791,88.02233671677963,89.84418008157466,851595,
2011-06-16,88.3468017578125,89.54472449351167,87.74784038996293,87.74784038996293,1190031,
2011-06-17,89.29512786865234,89.54469807810898,87.24868322514445,87.52320405795099,1443712,
2011-06-20,87.173828125,90.11871506361832,86.20051602134626,89.34506281776602,2329111,
2011-06-21,88.07227325439453,88.34679414452702,86.54991019582478,87.49826256672063,1105177,
2011-06-22,87.42337799072266,88.57139003739992,87.04902722978689,88.29686919252133,1349418,
2011-06-23,87.74781036376953,89.34504317795721,87.3484998753671,87.3484998753671,2211873,
2011-06-24,90.91734313964844,93.0636182287796,87.84766627128161,88.04731700486307,6495902,
2011-06-27,91.06707763671876,91.91560005461292,89.54471461490698,89.84419526579296,3580068,
2011-06-28,91.64105224609376,91.84070290821708,90.21851957233903,91.2667015424741,1512681,
2011-06-29,92.38977813720705,92.96377965506404,91.84072724658908,91.86568701325206,2470478,
2011-06-30,93.28824615478516,94.13677792497994,91.66606193532672,92.4397143845904,4758492,
2011-07-01,93.23829650878906,94.33638899559696,92.21506503255507,93.33811728250268,1770510,
2011-07-04,92.06532287597656,93.83725581644288,91.76584228202988,93.33811540025008,2086365,
2011-07-05,92.19012451171876,92.78908577732945,91.16689292335144,92.0154244294411,2608054,
2011-07-06,92.51454162597656,93.33811324027135,91.71592977374053,92.09028050751088,2039581,
2011-07-07,94.96028137207033,95.2348021262755,92.3647775272546,92.43964765471236,3378967,
2011-07-08,95.25983428955078,96.05844654299094,94.51113244587977,94.96035355208238,3419328,
2011-07-11,94.41128540039062,95.83381864591594,93.61267329148303,94.8355466552126,1983331,
2011-07-12,93.33814239501952,94.83554579782424,91.39151797137336,93.83728295557114,3924948,
2011-07-13,94.98526763916016,95.33466779138357,92.96377343907176,93.11351375018944,4368988,
2011-07-14,94.51109313964844,95.83379613355916,93.96204230282558,94.21161252673106,3746907,
2011-07-15,94.76063537597656,95.78386669286937,93.98698337277024,93.98698337277024,3132978,
2011-07-18,92.88892364501952,94.68580777231335,92.0903115238085,93.96206582307288,3092478,
2011-07-19,94.31140899658205,95.03515971753882,93.08853623530588,93.18835698760148,2232801,
2011-07-20,92.46465301513672,94.73571771461486,92.14021258966145,94.33640712475488,1738600,
2011-07-21,91.2667236328125,93.13847760395304,90.8923728385844,92.4896059404322,1575428,
2011-07-22,91.44141387939452,93.3131676491732,91.16688390021186,91.59115418097684,3658702,
2011-07-25,91.666015625,92.3398469181174,90.5928738524502,91.44140519396088,7181780,
2011-07-26,90.01887512207031,92.6143704664646,89.69443477673774,92.06531968346071,2944093,
2011-07-27,90.06875610351562,90.59284695366075,88.84587440670391,90.29336646786356,2418058,
2011-07-28,88.02233123779297,89.59460429135373,87.77277017938215,88.97069250590464,5296336,
2011-07-29,87.89754486083984,88.89581644633512,87.59806429913341,88.3467657033995,3249858,
2011-08-01,88.27191925048828,89.2452313372197,87.9225282145465,88.44661933817112,1179526,
2011-08-02,90.34331512451172,90.69271526563548,87.89755983376047,88.09721052910047,3289740,
2011-08-03,90.4681167602539,90.7925480406228,88.84592380071253,89.7443657575942,3805206,
2011-08-04,88.37176513671875,90.34334029345187,87.7228842021004,90.19359994537464,3271522,
2011-08-05,85.57657623291016,87.54815977585541,85.22718526735129,87.12388952543888,4148565,
2011-08-08,85.42684173583984,86.30032377868915,82.35716556478863,84.50344016636647,3918158,
2011-08-09,84.4285659790039,85.60153770724544,82.8562928933979,83.20569300536962,3509944,
2011-08-10,87.59808349609375,88.64626569177351,84.40362651763945,86.45007137816049,4474538,
2011-08-11,88.74610900878906,89.5447210890841,86.62478453183137,87.02409514169129,1848537,
2011-08-12,87.69791412353516,89.34505758713391,87.0240827066084,89.34505758713391,1856520,
2011-08-16,87.57311248779297,88.44660363166714,87.09894098166703,88.34677372223008,1001205,
2011-08-17,87.52320861816406,89.09548182687361,86.84937724300285,86.92424739579853,2473766,
2011-08-18,86.99916076660156,88.84595573984132,86.22549909024488,88.84595573984132,1322197,
2011-08-19,86.89930725097656,87.64800894796781,85.62651436609143,85.62651436609143,2246275,
2011-08-22,87.173828125,88.29688055229276,85.7762456780863,86.62477722518219,1214882,
2011-08-23,85.5516128540039,87.7977171221028,85.25213228492406,87.7977171221028,3145651,
2011-08-24,84.9027328491211,85.6015238202788,84.60325230997076,85.00256274197812,3411334,
2011-08-25,84.87779235839844,85.35197303283289,83.87952976090449,85.05249242570015,5370679,
2011-08-26,83.0809097290039,84.75301285236529,81.13428575889658,84.75301285236529,3569570,
2011-08-29,84.40361022949219,84.62822065664983,83.48020876025907,83.85455947218848,1295444,
2011-08-30,84.50345611572266,85.20224736554698,83.65493367603352,84.35371578643347,2753792,
2011-09-02,83.05594635009766,87.24867425725174,82.4070657000904,87.24867425725174,4693891,
2011-09-05,81.70830535888672,83.30552936611898,81.45873510925871,82.90622793402288,5148044,
2011-09-06,80.9595947265625,82.20742755678499,80.61019458813878,81.7332468771659,5362542,
2011-09-07,83.80467224121094,84.02928273041661,81.10934637074295,81.30899709245104,5322658,
2011-09-08,83.30314636230469,84.40649619265209,83.10253062356554,84.40649619265209,2700772,
2011-09-09,81.92393493652344,84.25602123866506,81.64809983281317,83.7545003637798,2820220,
2011-09-12,81.27196502685547,81.623028756145,80.24383473300011,81.49765082065127,2213281,
2011-09-13,82.02425384521484,83.07745425271546,81.24688857861908,81.97409532273848,2368801,
2011-09-14,82.32516479492188,82.8016064562155,81.27196443158888,82.47562198968373,2005693,
2011-09-15,82.5257568359375,83.15266476509075,81.29702023341368,83.15266476509075,1620182,
2011-09-16,86.48780059814453,87.03947999451906,82.75145029729555,82.85175814659391,6954804,
2011-09-19,84.55693817138672,86.68841802502246,84.25602380067004,85.63521772751409,1559473,
2011-09-20,86.26212310791016,86.58811676205006,84.75755113984673,84.90800833665307,2326687,
2011-09-21,86.91411590576172,87.44071612784444,86.26212855630179,86.26212855630179,2406962,
2011-09-22,83.12760162353516,86.06151697495403,82.7765378904078,85.9612091155554,1866160,
2011-09-23,83.75450897216797,84.73248074777672,82.17470841156921,82.65115007756731,2554398,
2011-09-26,82.07439422607422,84.45662992195876,81.74840059827528,84.38140132963422,1901102,
2011-09-27,83.07746124267578,83.42852501365415,82.14963869694348,82.55086099461845,2594641,
2011-09-28,84.55693817138672,85.03338898608072,82.55084542766814,83.47865861525935,2824125,
2011-09-29,84.33126068115234,85.40954034324955,82.55085354049861,84.48171788129712,3176624,
2011-09-30,84.08047485351562,84.75753208694644,82.57590322366939,84.00524627202331,2784331,
2011-10-03,82.42546081542969,83.47866114485242,82.04931784063585,83.00221949889897,1900468,
2011-10-04,82.22486114501953,83.05237575855587,81.17166072779146,82.24994040648934,1554122,
2011-10-05,82.19978332519531,83.17775515834478,81.4725765616054,82.60100559985477,1932661,
2011-10-07,83.70435333251953,84.85786160451522,82.87683872467409,84.50679786224644,4020384,
2011-10-10,85.56000518798828,85.9862975654272,82.95207403034674,83.98020444531639,4045412,
2011-10-11,88.4688491821289,88.76976363512934,85.71046975735166,85.76061910512496,7521440,
2011-10-12,88.9703369140625,89.57216559484122,87.59115230939585,88.04252381997989,3949242,
2011-10-13,87.01441192626953,89.39665707541936,86.73857678419927,89.07066341066083,1891143,
2011-10-14,86.7135009765625,88.71960320134528,86.2119800119564,86.7135009765625,2922464,
2011-10-17,84.38142395019531,86.86396816241353,83.95513154047045,86.7636694678784,1922998,
2011-10-18,84.43157196044922,85.63522961033655,83.7795846113075,84.20588615109533,1777351,
2011-10-19,86.2370376586914,86.48779348655205,84.38139310673202,84.50678020383923,1696239,
2011-10-20,85.91106414794922,86.13674995569339,84.2560348911586,85.33431458921822,1138090,
2011-10-21,84.98324584960938,86.11167494402665,84.65726134445293,86.11167494402665,1252420,
2011-10-24,85.81075286865234,86.76365458554908,85.50983847030152,85.86091139049658,2418790,
2011-10-25,87.0645751953125,88.94529031918027,85.03340286153528,86.18690201538799,7100366,
2011-10-28,89.54711151123047,91.77889020656,88.06760961802209,90.27431823596064,4579776,
2011-10-31,89.8981704711914,91.97949185897694,89.2712624556607,89.67248468758171,5984281,
2011-11-01,88.9452896118164,90.72569685385892,88.66944527372331,89.79787433906982,1417352,
2011-11-02,88.24314880371094,90.09878456375807,87.89208506077738,88.31837740456662,872137,
2011-11-03,89.32144165039062,89.74773405705055,87.59118357552711,87.96732663528005,1458592,
2011-11-04,89.94833374023438,91.10184209620904,89.37158415383678,89.77280644791047,1778904,
2011-11-08,89.34648895263672,90.47491784419336,88.5942030249323,89.67248258236792,1247601,
2011-11-09,87.29024505615234,89.84801715712894,87.01440076628154,89.77278856592373,925772,
2011-11-11,87.08964538574219,87.5660962787885,85.88598770493411,86.78873096554017,1579004,
2011-11-14,86.76365661621094,88.49391444722407,86.31228500812055,87.29025682564972,1165297,
2011-11-15,85.25907135009766,86.68841455376683,84.50678545342967,86.66333529615208,2677666,
2011-11-16,84.73248291015625,86.18689638887984,84.20588270985112,85.66029618857472,3668610,
2011-11-17,82.75146484375,85.56000246920368,82.3251724798571,85.18385944718663,2430165,
2011-11-18,81.39734649658203,82.7514613181518,80.49460328220219,82.70131197841253,3590655,
2011-11-21,78.38819885253906,81.64810781597541,78.01205586380327,81.47257136017257,4280265,
2011-11-22,77.9619140625,79.56678484745417,77.5606917746718,78.86465732272897,3104350,
2011-11-23,78.56372833251953,78.96494136276095,76.25671667592087,78.03712819504725,2966732,
2011-11-24,79.64201354980469,80.21877231110872,76.95886302857149,79.71724215491571,5260209,
2011-11-25,78.68912506103516,80.69521824117433,77.96191823466042,79.74232558766468,3437004,
2011-11-28,80.06832885742188,80.59492918367418,78.83959170177287,79.71725585113307,4262164,
2011-11-29,79.54170227050781,80.6701311684981,79.14048004571865,80.19368035050958,2780838,
2011-11-30,81.42241668701172,82.22485194933725,78.78941593840531,79.4413940150962,3427675,
2011-12-01,83.5288314819336,84.00527319529782,82.57592968884636,83.15268845392006,2193126,
2011-12-02,86.68841552734375,87.49085076507573,82.95205607647895,83.40342761954899,2224594,
2011-12-05,88.21807861328125,88.51899304764513,85.7606137937029,85.78569305762647,3236240,
2011-12-07,85.33431243896484,88.99543461127996,84.45663930884486,87.84192633970504,2888481,
2011-12-08,83.40345001220703,85.40955241991374,82.04933501943601,84.53187917284956,2456607,
2011-12-09,83.30314636230469,84.15573111081788,81.57288841896155,81.87380284389079,2344226,
2011-12-12,82.02425384521484,84.10557539897789,80.24383751041604,83.98019745914455,3548748,
2011-12-13,83.67928314208984,84.60709642752178,80.39429479323557,81.32211726184629,2473705,
2011-12-14,82.30007934570312,83.729422588453,81.84870779536107,83.50373681328198,3366631,
2011-12-15,83.45359802246094,84.00526830934135,79.79246664061677,81.69826093276608,3585348,
2011-12-16,80.7203140258789,85.38448874126054,79.94294851225474,83.30316652610243,4420815,
2011-12-19,80.39430236816406,80.87075327799351,78.51358717565257,80.7453753262193,2975494,
2011-12-20,77.68608093261719,81.14659726287138,77.28486777007046,80.39431110412046,4742794,
2011-12-21,80.61997985839844,81.34719577979106,77.81145158332339,78.73926486027733,3816535,
2011-12-22,81.94902038574219,82.45054129851805,79.81754043588289,80.64505499271108,2596674,
2011-12-23,79.39126586914062,83.00223928808047,79.04019288684572,82.50070907999643,2771540,
2011-12-26,80.51969146728516,80.79552664118891,79.59186888861998,79.64201823391707,1791708,
2011-12-27,78.68912506103516,80.92090406830923,78.01206757963045,80.74537676932418,2104622,
2011-12-28,80.92088317871094,81.44748330608472,78.81448266921583,79.24078413254148,2542332,
2011-12-29,80.56983184814453,81.04628271658503,79.59186003299432,80.99612419368886,2512920,
2011-12-30,80.67015075683594,81.47258621808389,79.8426360307058,80.74537936830231,1921291,
2012-01-02,79.31602478027344,80.6701395993811,78.73926605001576,80.6701395993811,1404067,
2012-01-03,80.41938018798828,80.99612977561063,79.59186551813995,79.99308781306564,2140398,
2012-01-04,80.3190689086914,80.74537044869584,79.6169414013531,80.74537044869584,1876118,
2012-01-05,78.63895416259766,80.69519612412938,77.76128117550692,80.46951035885073,3196855,
2012-01-06,78.71420288085938,78.99003804790328,77.86160893293324,78.48851705786537,2624210,
2012-01-09,78.71420288085938,78.99003804790328,78.01206614826258,78.43835853063582,2584994,
2012-01-10,79.24081420898438,80.31908494742095,78.61390599643732,79.71725600199368,7592079,
2012-01-11,80.09337615966797,80.46951914285862,78.99002647003485,79.6420045798392,7652688,
2012-01-12,80.67015075683594,81.44750695320174,80.11847121168915,80.69522083853798,2979742,
2012-01-13,83.35327911376953,83.67927273694637,80.72027841974251,81.19672922543519,4058114,
2012-01-16,81.17166900634766,83.20284144672893,81.02121178854163,82.62609183953245,2294924,
2012-01-17,83.85479736328125,84.15571171887099,81.64809821107474,81.72332679997217,4024894,
2012-01-18,82.50069427490234,84.85786011698937,81.94902400146181,83.85480906400323,3001603,
2012-01-19,85.98628234863281,86.51288250299889,82.75145282895546,82.8517606813226,5671336,
2012-01-20,87.51594543457031,88.16792360609261,85.78568754810263,86.2370591706594,4067755,
2012-01-23,88.04254913330078,89.0205210207452,86.78873289907284,86.78873289907284,3179276,
2012-01-24,87.9422378540039,88.84498109972508,86.73858019304235,88.06761579929434,2662366,
2012-01-25,87.64131927490234,88.8198976175396,87.3905542130562,87.94223367584623,4540281,
2012-01-27,87.29024505615234,89.72263004966851,86.6131877353056,89.34648709364255,2761042,
2012-01-30,86.13675689697266,87.71655767848918,85.63523590040828,86.03644902438788,3483304,
2012-01-31,88.15894317626953,88.33813114485943,86.64867404566263,87.23742112216217,2779754,
2012-02-01,87.46781921386719,88.90129512804702,87.05825064944052,88.05656640868571,2967338,
2012-02-02,88.00536346435547,88.64531251306144,87.33982282816262,88.05655601353712,4670977,
2012-02-03,90.51399230957033,90.82116650222068,87.59583747939183,87.59583747939183,2058243,
2012-02-06,90.94915771484376,91.28192349173312,89.33649327938733,91.12833640264203,3381099,
2012-02-07,89.97640991210938,91.35869335563416,89.36206171498723,90.89793220779256,1213438,
2012-02-08,90.74435424804688,91.58908310370325,89.82283186005809,89.84843282890571,1397892,
2012-02-09,92.1522216796875,92.66417534206062,90.38597076416016,90.61635131835938,2875066,
2012-02-10,92.33142852783205,92.89457485913675,91.46109868734652,92.10104792660444,1741236,
2012-02-13,92.6641845703125,93.35532630173964,91.79386419502548,92.15223085695486,1652396,
2012-02-14,92.99700164794922,93.89292339457876,92.20346506571428,92.2290660439199,1704975,
2012-02-15,93.22736358642578,94.4304593327928,92.04985943890549,93.04817552343886,4870018,
2012-02-16,94.17446899414062,95.01919782634783,93.48332722233472,94.14886802600368,6475116,
2012-02-17,96.19669342041016,97.65577051010504,94.6352312054734,95.22397848535034,5197779,
2012-02-21,95.30075073242188,97.22058857956978,94.63521007014668,95.81270436692525,3069835,
2012-02-22,93.5857162475586,96.04310931641535,92.7665883493432,94.96799984879053,2046350,
2012-02-23,94.73761749267578,95.2239796532761,92.25463287484624,93.25294879056608,2431582,
2012-02-24,94.04649353027344,95.94074059424766,93.32976001209984,94.73763544907727,3188020,
2012-02-27,92.58743286132812,94.7120609484716,89.84846566521757,94.7120609484716,5148733,
2012-02-28,92.17782592773438,94.09766394779126,91.94744536532754,92.66417864334272,1719670,
2012-02-29,92.68977355957033,93.9184698122241,91.9474393649948,92.61298004377944,1726953,
2012-03-01,90.33480072021484,93.5345283122346,89.43886987004888,92.9201800146173,2036619,
2012-03-02,91.6402587890625,92.56178091306133,90.28356719037016,91.10270421672983,2100890,
2012-03-05,89.92520904541016,91.30749236122348,89.25966835142145,91.02591925496068,1164562,
2012-03-06,89.36206817626953,92.02425013909296,88.56854128041755,89.33647658234541,1240345,
2012-03-07,87.13507080078125,89.28529001633459,86.82789662713077,88.56855652729136,1594531,
2012-03-09,88.90132141113281,89.4132846115769,87.05827638764227,88.28697306996929,3090069,
2012-03-12,88.1077880859375,90.10442005193798,87.21185723633502,89.59245688810482,2557352,
2012-03-13,88.69654083251953,89.38768270913657,88.36376569311486,88.38936666513418,1294404,
2012-03-14,90.9235382080078,91.12831782698284,89.23408057238603,89.59244724914488,1986541,
2012-03-15,91.9474868774414,92.15226656729764,90.61639545784269,90.92356967973366,3122120,
2012-03-16,88.23577117919922,92.8177822816386,87.64702387251124,91.74267279816704,1998697,
2012-03-19,88.0309829711914,89.49005998522104,87.62141436883243,88.79891824173332,1449897,
2012-03-20,88.64532470703125,89.23407191333523,86.64869314959002,87.36542643355769,1902884,
2012-03-21,90.00200653076172,90.23238709355375,87.87738890974916,88.05656754244802,2545670,
2012-03-22,87.67262268066406,90.51398369216756,87.05827435385248,90.10442439043422,2566596,
2012-03-23,87.95418548583984,88.69651975588567,87.26304377345633,87.67260298317362,762777,
2012-03-26,84.70328521728516,88.1845959242381,84.47290456846208,88.1845959242381,1741135,
2012-03-27,83.96092224121094,85.93195288841609,83.24417956304114,85.88076033076447,1925884,
2012-03-28,82.73224639892578,84.24251627950325,82.22028319849716,83.96094308121572,3546476,
2012-03-29,83.19300842285156,83.8073567696684,81.93871075669655,82.4250729893305,6598052,
2012-03-30,83.32101440429688,84.4473168506154,82.8602530343192,83.44900054899709,5082229,
2012-04-02,85.75277709960938,86.05995123772644,83.4489710637314,83.85853970595775,1633851,
2012-04-03,85.75277709960938,86.44391891037276,85.24082332748452,86.26474024594498,1577121,
2012-04-04,85.90636444091797,86.64870819319397,85.24082359762538,85.95756638024024,976076,
2012-04-09,83.4745864868164,85.36882420845258,83.21860486932576,85.08725099116153,997341,
2012-04-10,83.14179992675781,83.67935468786662,82.52745162834775,83.21859346405907,2181913,
2012-04-11,84.65209197998047,85.03605972501484,82.42507905878115,82.42507905878115,2074615,
2012-04-12,84.70328521728516,85.49682168796885,84.08893682042361,85.03606039032269,2519258,
2012-04-13,85.36881256103516,86.52071562126297,84.85685877011538,85.24082645685799,1876453,
2012-04-16,84.7288818359375,85.16404213660508,83.96094637934051,84.52409279803689,1527472,
2012-04-17,85.75277709960938,86.46951987995277,84.31930091313333,84.49848895177188,3725292,
2012-04-18,85.95756530761719,86.90467930852058,85.65039117235972,85.77837727064677,2782255,
2012-04-19,86.0855484008789,86.77669018108222,85.49680112025732,86.4695160565474,1112271,
2012-04-20,84.60087585449219,86.46952169193226,83.75614695696886,86.00876047510137,1153986,
2012-04-23,84.95923614501953,85.21520830175426,83.47455826427938,84.37047956126938,2223518,
2012-04-24,85.65038299560547,86.13673574719222,84.21689758511356,84.95924125725716,1450778,
2012-04-25,84.42169189453125,85.95756252102842,83.62815561277093,85.95756252102842,1056271,
2012-04-26,82.5018539428711,84.95924695513945,82.11788628470417,84.01212360692422,3097052,
2012-04-27,82.88580322265625,83.62813740577674,82.42504213502112,82.73221619344454,979243,
2012-04-30,83.19300842285156,84.1401225413863,82.6298526468655,82.6298526468655,1607512,
2012-05-02,81.8363037109375,83.57696334321557,81.52912958456025,82.93701412185948,2213557,
2012-05-03,80.37723541259766,81.81072107547664,79.73729549537342,81.81072107547664,3596024,
2012-05-04,79.32772064208984,81.04277935992774,78.86695943797315,79.86527538022597,1792617,
2012-05-07,79.94207763671875,80.40283889110907,78.07343633406,78.84136707093799,1848526,
2012-05-08,79.81407165527344,80.70999296882074,79.12292994574024,80.32602535241341,2709948,
2012-05-09,77.53588104248047,79.50691684716291,76.89593173517382,79.1741417074896,2126929,
2012-05-10,76.4863510131836,78.7133632414791,75.89759909161076,77.30548351009733,3231840,
2012-05-11,75.8464126586914,77.25429250378092,74.79689950167258,76.48635719062206,2377020,
2012-05-14,75.51364135742188,76.84473242515173,75.0016875810077,75.84641646790705,4292473,
2012-05-15,73.41461944580078,75.5648384253849,72.90266098353133,75.0016873978623,3087506,
2012-05-16,72.21150970458984,73.15863297001317,71.08520779715829,72.9026514288748,3723393,
2012-05-17,72.74906921386719,73.13303686398807,72.18591822272494,72.21151450369796,2849098,
2012-05-18,74.20813751220703,75.5136273682965,71.6995522860264,72.18590968965233,3615472,
2012-05-21,73.51700592041016,74.7457024243006,72.56988726102966,74.02896435939958,2252403,
2012-05-22,72.3651123046875,74.3617443816703,72.05793813899784,73.49141914125153,3123459,
2012-05-23,72.21150970458984,72.54428477064876,71.16200132207884,72.18591342531792,2071046,
2012-05-24,72.74906921386719,73.33782117308758,71.6483635125557,72.2371154717761,1496450,
2012-05-25,72.80025482177734,73.20981868737984,72.21150295670145,72.74905758091289,1659200,
2012-05-28,73.97779083251953,74.18257521120647,72.54431424303112,72.54431424303112,1184391,
2012-05-29,74.4897232055664,74.82249360253564,73.67059066636709,74.28493889899032,2030589,
2012-05-30,74.36174774169922,74.97609610083782,73.67060583766829,73.67060583766829,3206365,
2012-05-31,75.15526580810547,75.76961401719868,73.79857861732299,73.82417489700025,4196283,
2012-06-01,74.2849349975586,75.07847121442391,73.77298128866366,74.89928319791638,2183742,
2012-06-04,73.74739074707031,74.13135842657104,72.39070807090474,73.72179446413875,2960720,
2012-06-05,75.23207092285156,75.51364410398905,73.74739273077594,73.74739273077594,2169592,
2012-06-06,78.20140075683594,78.53417580633487,75.51362751836902,75.51362751836902,3583874,
2012-06-07,79.37890625,80.42842403909408,77.6894533367397,78.38059508234366,3421950,
2012-06-08,79.86527252197266,80.53081333491897,78.07342502134807,79.09733720926137,2060884,
2012-06-11,79.40452575683594,81.29876341417655,79.14854414803399,80.01887411859096,1621137,
2012-06-12,80.71001434326172,81.14517463236378,78.61099238005235,79.19974444349776,1974784,
2012-06-13,78.99492645263672,80.78677827161009,78.58536259917913,80.63319124067547,1654306,
2012-06-14,75.89762115478516,79.04616128681879,75.5648506782591,78.3294183860003,4732070,
2012-06-15,76.89592742919922,77.45908316306225,75.25766685592848,75.76962533568427,3417586,
2012-06-18,76.38397216796875,78.02223270974181,75.48804601739783,77.33109088455709,1941970,
2012-06-19,76.6143569946289,77.38229239822657,75.43685291770866,76.02560495616878,3410185,
2012-06-20,76.56314849853516,77.91983574141918,76.23037810153174,76.79352908579254,2631464,
2012-06-21,77.45907592773438,77.81744261169396,76.28157200299536,76.69114062338508,1689506,
2012-06-22,77.89424896240234,78.50859730699469,76.5631624448209,76.99832741794245,2769422,
2012-06-25,78.07342529296875,78.8925578584123,77.5358705722007,77.58706313515609,3171616,
2012-06-26,78.6877670288086,79.07173467757345,77.6382585802547,78.12461603965515,2233992,
2012-06-27,79.40452575683594,80.1468602358859,78.96936545866349,79.35333318476037,1903099,
2012-06-28,80.68441009521484,81.06837779772097,79.27653476883341,79.8652821212723,4530069,
2012-06-29,81.63152313232422,82.11788528481706,80.91478038773639,81.3243490095309,3074715,
2012-07-02,82.57864379882812,82.93701047242912,81.52912599708024,81.9130936381563,1479196,
2012-07-03,82.45064544677734,83.2441816686008,81.40113705601185,82.68102602335095,2126170,
2012-07-04,82.37388610839844,82.93704198737153,81.14518919006701,82.57867517759604,1878697,
2012-07-05,82.73224639892578,83.11621411214139,81.40115520170778,82.16909062813899,1726928,
2012-07-06,82.34828186035156,82.86023570630498,81.7595250945824,82.42507540595518,732764,
2012-07-09,81.93869018554688,82.19467172385896,80.63320027631136,81.52912159908942,1666530,
2012-07-10,81.8363037109375,82.27147330611223,80.63320817403005,81.6571250533577,1582414,
2012-07-11,81.98989868164062,82.78343504271794,81.19637169477461,81.19637169477461,2470233,
2012-07-12,81.37555694580078,82.09229982579924,80.37724085811566,81.3499653468733,2101722,
2012-07-13,81.78510284423828,82.47624455841495,81.24754817765644,81.52912130684378,996847,
2012-07-16,81.29875183105469,82.3226687461668,81.06837122822026,81.29875183105469,1446993,
2012-07-17,81.04279327392578,81.98990743996575,80.53083004309154,81.63154067775163,1894132,
2012-07-18,80.40283966064453,81.24756863511168,79.91647742939588,81.01718800571155,1656078,
2012-07-19,80.42843627929688,81.42675228598938,80.1212621233915,80.88919751315495,6217933,
2012-07-20,79.81407165527344,80.607598479709,79.63488364288023,80.22363086330166,1009934,
2012-07-23,78.71337127685547,79.81408170725241,78.0222294802782,79.63489367229182,6156342,
2012-07-24,78.27821350097656,78.9181581049205,77.97103934114656,78.84136456496299,2062909,
2012-07-25,76.81912994384766,78.30380805271001,76.33277245969224,77.89423941511093,4835923,
2012-07-26,77.38228607177734,78.02223062675432,76.4863599451253,77.3054925376959,3489912,
2012-07-27,78.45738220214844,79.58368873944332,77.89422658994872,78.0734145970598,1630782,
2012-07-30,80.8379898071289,81.11957234610567,78.6365783048422,78.6365783048422,1524061,
2012-07-31,80.37723541259766,81.40115240405244,80.07006125258236,80.9403911640295,2175207,
2012-08-01,80.6332015991211,81.40113685244606,79.96766083764267,80.40282102312361,2556146,
2012-08-02,83.7049560546875,84.21690984771612,80.6588155187188,80.68440711513298,9671479,
2012-08-03,85.11282348632812,86.21352438739618,83.03939838879762,83.44895759068883,7677819,
2012-08-06,84.8056640625,86.26474123528976,84.37049444570283,85.34321881036992,2442314,
2012-08-07,85.6760025024414,85.98317670845461,84.11453987134958,84.62649375663395,2661046,
2012-08-08,86.13674926757812,87.51903296124381,85.39441485312437,85.85517608434627,3725376,
2012-08-09,87.00707244873047,87.28864561023548,86.13674262106429,86.18794455894559,2002569,
2012-08-10,88.0309829711914,88.31255611232017,86.36711696887735,86.39271793596538,3726680,
2012-08-13,88.15894317626953,88.46611719430531,87.57019609976997,88.03095712682365,1285842,
2012-08-14,87.95418548583984,88.54293270868934,86.87907615546548,87.59580945957545,2061458,
2012-08-16,87.03266143798828,88.05656881573019,86.8534734284893,87.92858273706476,2729293,
2012-08-17,86.03437805175781,87.64704262194594,85.54801577093176,87.31426744304255,2073260,
2012-08-21,88.95250701904297,89.4900617188359,85.75277041365932,85.75277041365932,1429356,
2012-08-22,87.7494125366211,89.0293110798723,87.54463289435381,88.82452206339387,1054640,
2012-08-23,87.28863525390625,88.26135946771598,86.87907604471107,87.80059832671434,1564212,
2012-08-24,86.31592559814453,87.6214155760524,85.95755892502412,86.87908126237086,2305279,
2012-08-27,86.4951171875,86.90467643817564,85.54799384366814,86.23913562516995,1386114,
2012-08-28,87.97977447509766,88.23575600425602,86.36711052723919,86.95586710688251,1425577,
2012-08-29,88.21017456054688,88.5685506555213,86.98147794740305,88.5685506555213,1544942,
2012-08-30,87.77500915527344,88.69653156110309,86.67429871246225,87.62142208763517,4716608,
2012-08-31,86.03437805175781,87.23747389208121,85.70160287285442,87.03269421425523,2548046,
2012-09-03,86.41831970214844,87.64701614637704,85.80397148003414,86.1367371842061,1466667,
2012-09-04,87.21186828613281,87.44224892678378,84.85686930643816,85.75279089534338,3008527,
2012-09-05,86.29032897949219,86.82788370336903,85.44560012768574,86.52070957543941,1990410,
2012-09-06,88.06183624267578,88.67801233439806,85.23768955421467,86.05926394457838,2656502,
2012-09-07,88.44693756103516,89.44822361115214,88.21587154946968,88.39558329039832,2222132,
2012-09-10,88.31857299804688,88.72936020711359,87.75375116294414,87.88211805235815,999045,
2012-09-11,89.5252456665039,89.70495740753593,87.62536330225055,87.62536330225055,1182187,
2012-09-12,87.6253890991211,90.11577109240416,87.08623491309817,89.85902786978752,1961301,
2012-09-13,87.88211059570312,88.52396379251564,87.29161167197994,87.80508858816964,885174,
2012-09-14,86.41870880126953,89.2685236191367,85.7768554830311,89.08880243352539,3955598,
2012-09-17,86.77812194824219,87.47131998884025,86.36734419225085,87.0348650973119,4568103,
2012-09-18,85.41739654541016,87.6510345073731,84.72419855721476,86.77811538820501,6454300,
2012-09-20,84.26206970214844,86.29031887715358,83.87695969436896,85.54576659404674,4992526,
2012-09-21,86.6497802734375,87.00921326498191,84.2107525553306,84.31344232314163,5585490,
2012-09-24,85.4687728881836,87.75376595888885,85.13501703901314,86.77814734812144,6174492,
2012-09-25,84.69854736328125,86.88084112849808,84.26209237107881,86.59843018084972,5490320,
2012-09-26,84.72423553466797,85.18636772849342,84.36480251794934,85.08366855138658,2600833,
2012-09-27,84.3904800415039,85.18637760159345,83.5689147357404,84.67290046075435,4061846,
2012-09-28,86.31602478027344,86.59844517893686,84.51885021728933,84.72423917823221,4339984,
2012-10-01,87.36864471435547,87.75375480066309,85.9565712638603,86.26465933290639,2144904,
2012-10-03,87.31729125976562,88.06184370172946,86.77813713384096,87.29162352183708,3038714,
2012-10-04,87.72806549072266,88.78069644656908,87.3172783216141,87.77941036107357,1628727,
2012-10-05,87.83077239990234,88.19020532834219,87.8050952614062,87.90779441328954,5077770,
2012-10-08,88.0875015258789,89.39687568433287,87.3172814326707,87.47132545131234,3971575,
2012-10-09,87.1889419555664,89.01179361506694,86.5984428325403,88.31859531330007,4318512,
2012-10-10,85.49444580078125,86.82949733771048,84.98096877985574,86.7267981726844,3494575,
2012-10-11,86.18763732910156,86.470048258404,85.28905026161073,86.13629245161977,3171740,
2012-10-12,86.726806640625,87.42000491750387,82.2595288562944,86.13630753879966,3493448,
2012-10-15,86.34166717529297,86.62407805818738,85.57144712912621,86.31599003972067,1736847,
2012-10-16,86.11060333251953,87.2659334308986,85.64847129316792,87.16323428812032,2685001,
2012-10-17,86.80382537841797,87.0092143186301,85.64849496078152,86.49573726704824,2057521,
2012-10-18,86.62409973144531,87.08623187477035,85.82821175267613,86.90652008710119,2597175,
2012-10-19,85.3917465209961,86.52140912845745,85.26337961646284,86.26466591728851,2697148,
2012-10-22,86.85516357421875,87.18892880320031,84.85259100453393,85.4944443211593,7669023,
2012-10-23,86.77812194824219,87.31727597981846,86.59841020578354,86.77812194824219,3873270,
2012-10-25,86.93218994140625,88.03617544467971,86.2646688521796,86.2646688521796,6127437,
2012-10-29,86.13626861572266,87.26592142243308,85.67413663996396,86.95783343859395,6255356,
2012-10-30,85.31470489501953,86.70110099299391,85.134993150386,85.75116919393017,1727032,
2012-10-31,84.90393829345703,85.80252534103185,84.72421712310147,85.31471610841047,1363566,
2012-11-01,84.95530700683594,85.41743922990123,84.51885193019788,84.7242408953033,2032327,
2012-11-02,86.34166717529297,86.64975519375966,85.28903624623179,85.28903624623179,2905269,
2012-11-05,85.98223876953125,86.54706056476093,85.31470842665884,86.21330479542539,766225,
2012-11-06,86.59841918945312,86.90650723945757,85.62280076303824,85.8538668005416,4041392,
2012-11-07,86.93218994140625,87.49702126435359,86.03360277489696,86.5984340978443,1919007,
2012-11-08,87.29161834716797,87.7280732891999,86.08493386880127,86.52139821293444,1124715,
2012-11-09,85.5971450805664,87.4970185224301,85.28905698717757,87.39431935726633,996217,
2012-11-12,86.00792694091797,86.39303707558193,85.69983883318679,85.75119311921058,492702,
2012-11-15,85.69981384277344,86.36734414960503,84.9039260646206,86.26464500960782,3604822,
2012-11-16,85.4430923461914,86.41870140869062,85.13500428412833,85.28904831515987,1615603,
2012-11-19,86.44440460205078,86.6754707182409,85.44311809856025,85.4944629903455,1715472,
2012-11-20,86.44440460205078,86.98355887316107,86.00794011451099,86.57277153256607,1722382,
2012-11-21,83.18379211425781,86.49573939288103,82.87570399531612,86.36737247735641,1422200,
2012-11-22,84.15939331054688,84.74990175012985,82.9783952355856,83.31215106446048,2491532,
2012-11-23,81.8487319946289,85.69983308286587,81.28391010308899,84.95529000650747,5589343,
2012-11-26,81.87440490722656,82.56760306730655,80.6420526226399,82.31085987398374,1546052,
2012-11-27,81.41226959228516,82.51625493775644,81.15552640907984,82.38787864510309,2755759,
2012-11-29,82.46491241455078,82.92704456893264,80.7447601079757,81.77171418297799,5650854,
2012-11-30,83.38919067382812,83.69727882829068,82.05414827255997,82.87571355042532,2863034,
2012-12-03,82.38788604736328,83.3891723290942,81.74604213483471,83.3891723290942,1932320,
2012-12-04,81.43795013427734,82.72164729974284,81.15552980031961,81.92574998001926,4846658,
2012-12-05,81.48930358886719,82.31086873298156,81.25823751063788,81.64334764102006,2524453,
2012-12-06,82.7216567993164,83.28648812999407,80.41099599486623,81.84873736137871,3501546,
2012-12-07,82.07979583740234,83.44052445313571,81.66901800051478,82.87569317478778,2357289,
2012-12-10,80.5650405883789,82.15682601918829,80.10290842439204,82.15682601918829,2455482,
2012-12-11,79.17864990234375,81.28392193780248,76.86798891297573,81.02717869383815,6035736,
2012-12-12,78.66514587402344,79.58941470949868,77.99762491097255,79.07592836675094,4750851,
2012-12-13,77.33010864257812,78.92189393345771,76.94499853977644,78.71650501266419,4176156,
2012-12-14,78.45976257324219,78.66515148372721,76.68825618926654,77.4841487947604,6661347,
2012-12-17,79.33267974853516,79.71778984440184,78.25437148010847,78.79352561432181,3585450,
2012-12-18,79.82048034667969,80.35963442241645,79.12728224930386,79.56373717658093,3748833,
2012-12-19,79.46105194091797,80.07722813536024,78.74218128108573,80.05156039532687,3176259,
2012-12-20,79.10160827636719,79.74346152624295,78.74217064447879,79.53806322110597,2750454,
2012-12-21,78.63947296142578,79.1016050258416,78.33138491848189,78.79351698289771,2311826,
2012-12-24,79.22998809814453,79.51240846328179,78.35707336513119,78.35707336513119,960300,
2012-12-26,79.74346160888672,79.92317337344119,79.10160835834576,79.589417580925,1804845,
2012-12-27,79.84615325927734,80.35963963276825,79.48672031951493,79.97452955370083,3842102,
2012-12-28,80.4366683959961,81.1041894550073,79.846159957157,79.846159957157,2341050,
2012-12-31,80.3339614868164,80.74474870004134,80.10289544227139,80.38530636268149,1004433,
2013-01-01,79.84615325927734,81.0014834964796,79.48672031951493,80.5650285409037,3199340,
2013-01-02,80.87310028076172,81.12984341568624,80.23124714450024,80.25692427862259,1543059,
2013-01-03,80.89878845214844,81.8487203169819,80.51367839826975,81.0014781984488,2398482,
2013-01-04,81.59200286865234,81.84873668785448,80.92447237368008,81.10419356880381,1718414,
2013-01-07,80.92446899414062,81.7717112467516,80.48801399804184,81.64334434251134,1578249,
2013-01-08,80.8474349975586,81.12985530800368,80.35963519242802,80.87311213544479,3392466,
2013-01-09,79.9488525390625,81.77170378212352,79.6921093519167,80.92446160685407,2654666,
2013-01-10,78.97323608398438,80.53934399340328,78.74216535674758,80.28261023237432,2174938,
2013-01-11,78.40840148925781,79.66643071136382,78.20300790786192,79.07592240195679,2170936,
2013-01-14,79.10160827636719,79.30699717940286,78.45975972754208,78.56245417905991,3964070,
2013-01-15,79.92318725585938,80.35965167896437,78.61381749180177,79.1529669822658,3461724,
2013-01-16,80.20558166503906,80.48799253991776,79.76911738319937,80.07720539292156,4860046,
2013-01-17,80.66773223876953,80.77042199756939,79.76913573560736,80.179922977113,3404166,
2013-01-18,84.46748352050781,84.72422673555886,80.64205944739102,80.74475861383195,6943551,
2013-01-21,82.9783935546875,86.00792010519524,82.51626142981999,84.5188339709125,5915312,
2013-01-22,84.3904800415039,84.98098862567875,83.7486359659812,83.97970208967448,7570783,
2013-01-23,83.49186706542969,85.0066302772938,82.74732402944595,84.72421934683825,3527212,
2013-01-24,82.33653259277344,83.51753993612044,82.02844453816998,83.05540785421526,6844473,
2013-01-25,81.82305908203125,83.18377824647362,81.64333790857596,82.4135580775248,3140762,
2013-01-28,80.95014190673828,82.38788312626517,80.20559885767825,81.66901721755268,2397241,
2013-01-29,80.7704086303711,81.38658468960368,80.53934260815888,81.02715178908484,2255316,
2013-01-30,80.00019836425781,81.10418373976363,79.58942054247557,81.07850660011411,2663178,
2013-01-31,80.66773223876953,81.23255411847494,79.48672479575467,79.69211371545644,4363621,
2013-02-01,80.59071350097656,81.43795575714384,80.10290421945216,80.87312445233151,4770735,
2013-02-04,79.87183380126953,81.10418610678575,79.58942286528938,80.38531079453398,2970045,
2013-02-05,79.82048034667969,80.97581050897274,79.07592797402356,79.15294998484309,4846429,
2013-02-06,77.94628143310547,79.56374379485963,77.20173369956676,79.56374379485963,8673577,
2013-02-07,76.02074432373047,77.45849046424614,75.76400578833726,76.55989853879238,38729497,
2013-02-08,76.02074432373047,77.40714087674682,75.22485157327533,75.48159010866854,63758158,
2013-02-11,75.81532287597656,76.58554290079532,75.53291200090965,76.48284846450281,11176224,
2013-02-12,75.68697357177734,76.22612771428072,75.43023036988455,75.94371207261908,10261694,
2013-02-13,76.12342071533203,76.58555278989604,75.68696577894418,75.89235467805004,7550848,
2013-02-14,76.66259002685547,77.25309380641752,76.09776339056882,76.50854597140896,8997776,
2013-02-15,76.99634552001953,77.74088855958917,76.48286383327599,76.50853627224534,8293090,
2013-02-18,77.58685302734375,77.74089708014526,77.02202640075535,77.02202640075535,5849097,
2013-02-19,78.81919860839844,78.92189306766862,77.612523433558,77.66386831266759,7641879,
2013-02-20,78.25436401367188,79.20430529354081,77.92060352944931,79.20430529354081,7359352,
2013-02-21,78.0489730834961,78.4340831557848,77.8435841789759,78.17734467460923,9864001,
2013-02-22,77.81790161132812,78.25436122982359,76.81661549322999,77.99762276655879,6687661,
2013-02-25,76.94499969482422,78.53678971064977,76.61123916773624,78.04898043907758,6820570,
2013-02-26,77.53549194335938,78.10031845193181,76.25179020454881,76.50852867189076,15489027,
2013-02-27,78.99891662597656,79.33268185194437,77.38145888150258,78.048979931336,17892289,
2013-02-28,77.48413848876953,80.20558585070543,76.97065687875234,79.22996750093763,52061134,
2013-03-01,79.01119232177734,79.35346328678722,77.40516832737819,78.43197158070055,13675105,
2013-03-04,78.64260864257812,79.22182945102138,77.80010170414363,78.93221663637266,7401386,
2013-03-05,78.74790954589844,79.09017568354662,77.77376449514375,78.98486413831337,9228073,
2013-03-06,78.168701171875,79.4587858831052,77.98439991251762,78.95854993810865,4036280,
2013-03-07,78.01072692871094,78.58994771699372,77.80009899621992,77.9843954241158,2665459,
2013-03-08,78.48462677001953,79.2481438948388,76.37836215969855,78.45829526857513,10352704,
2013-03-11,78.77423858642578,79.01119318593794,78.19501783901393,78.5899421715342,4646602,
2013-03-12,77.82642364501953,79.37979436220976,77.56314235193034,78.77424208516533,8030983,
2013-03-13,77.29985046386719,77.82641297787318,76.77328312900796,77.66844325950073,5181219,
2013-03-14,77.3261947631836,77.72111914910384,77.03658193989065,77.3788529549244,5177648,
2013-03-15,76.85226440429688,78.06336391505661,76.61530983778825,77.5104699265365,7339272,
2013-03-18,76.79960632324219,76.93124935619626,75.85178805602006,76.35202868873374,4130010,
2013-03-19,75.98345184326172,77.45783782416419,75.69383901999848,76.87861217763769,6481281,
2013-03-20,73.37693786621094,76.11508139569024,73.21896813991124,76.11508139569024,7130020,
2013-03-21,72.6397476196289,74.24577156786926,71.69192925918803,73.37693807079843,11669824,
2013-03-22,73.3506088256836,74.95663271777867,72.45544385821465,72.53442871882348,8164497,
2013-03-25,75.00929260253906,76.24671889962052,73.92983120941064,74.19311247713688,17176969,
2013-03-26,75.14092254638672,75.50952013727137,74.24576247807016,74.24576247807016,9908035,
2013-03-28,74.74600982666016,75.06194929027528,73.98249267015936,74.79866801088055,12897687,
2013-04-01,75.56218719482422,76.2993776423889,74.79866524569596,74.79866524569596,6271503,
2013-04-02,75.87812805175781,76.27305237398963,75.29890249858212,75.40421886507963,6370066,
2013-04-03,76.56266021728516,77.37884036260131,75.5885151641618,76.06242435014401,9689164,
2013-04-04,76.24671173095703,77.14187663459964,75.93077231104857,76.35202808482849,4413603,
2013-04-05,74.24577331542969,76.08875189715937,73.35061311645018,76.08875189715937,8237944,
2013-04-08,74.16677856445312,74.95662711146541,73.71919611419519,73.74552761299756,4069069,
2013-04-09,74.53539276123047,75.43055304027187,74.1141368950959,74.56171944504362,10948111,
2013-04-10,75.19359588623047,75.4042238121908,73.79819491584423,74.03514952472942,5051772,
2013-04-11,73.85084533691406,75.0356182567576,73.45592103029955,74.77233699263238,5210389,
2013-04-12,74.0351333618164,74.50904247612573,73.40325454273732,73.71919395227685,3156195,
2013-04-15,74.2194595336914,74.4300826636742,73.29796767223979,73.7192187530598,1725936,
2013-04-16,75.79914855957031,76.29938446290028,73.79819530454266,73.79819530454266,7185793,
2013-04-17,75.90445709228516,76.90493367998798,75.66750249158083,75.8254722253837,5234630,
2013-04-18,76.79960632324219,77.11554574564956,75.95710441072451,76.24671233402927,3661954,
2013-04-22,78.43194580078125,78.7215584865532,76.37833996913945,76.37833996913945,5182513,
2013-04-23,78.48462677001953,78.82689290111598,77.95805941222594,78.45829526857513,6070285,
2013-04-25,81.74933624267578,82.091607208963,78.2213439572967,78.2213439572967,22359763,
2013-04-26,81.56504821777344,83.039439048476,80.74887274454997,81.61771123139707,9053696,
2013-04-29,82.14425659179688,82.67081912527793,81.61769405831583,81.61769405831583,5796454,
2013-04-30,82.8551254272461,83.19739639791824,81.95996038794598,82.64450232929029,6730076,
2013-05-02,84.38216400146484,84.777088310923,82.40754245417398,82.40754245417398,11285049,
2013-05-03,83.88191223144531,85.77754866605424,83.67128917483504,84.03988193432939,12211286,
2013-05-06,82.77613830566406,84.77709142771862,82.30222911689117,83.59231845578641,7553244,
2013-05-07,83.11841583251953,84.51381200689269,82.24958225114025,83.67130992976088,8094973,
2013-05-08,82.3022232055664,83.46066459212649,81.85464555110815,83.11840329706693,3415879,
2013-05-09,82.3022232055664,83.14472515563679,81.61769097374088,82.14425348732156,2189985,
2013-05-10,81.6176986694336,84.250521127291,80.72253363440596,82.40754733513228,9048691,
2013-05-13,81.01214599609375,82.1179341881054,80.45925672094185,81.09113086695172,4008868,
2013-05-14,81.06478881835938,81.61768277668793,80.48556336239908,81.14377366954918,6171589,
2013-05-15,82.82878112792969,83.19738354454024,81.17009917829986,81.1964306771166,8046690,
2013-05-16,82.38121032714844,83.7239529691058,82.065270881982,82.82878799389866,6904082,
2013-05-17,84.19786071777344,84.7770862380518,82.19690771820811,82.19690771820811,8793200,
2013-05-20,84.01356506347656,84.75076035251735,83.48700250942295,84.32950452425015,7932806,
2013-05-21,80.19596862792969,84.01356901837099,79.72205941446028,83.75029254980417,5568141,
2013-05-22,81.48605346679688,82.09161055814192,80.09065732558568,80.56456654052998,3607292,
2013-05-23,78.19499969482422,81.61767966304481,77.90538697789253,80.74884151224978,6475280,
2013-05-24,78.9848861694336,79.6957501449585,78.51097685241699,79.51145368418145,4042612,
2013-05-27,80.19596862792969,80.51190810357598,79.24815020099085,79.48510480772556,5049696,
2013-05-28,81.67034912109375,82.24957466918823,80.06432516505758,80.06432516505758,6506010,
2013-05-29,81.09114074707031,81.64403491044058,80.45926652407309,81.22278864234545,6831055,
2013-05-30,82.460205078125,82.90778279855446,80.30128688418031,80.30128688418031,7456255,
2013-05-31,81.19645690917969,82.72350114147841,80.38028142009209,82.40756162043103,6589592,
2013-06-03,80.14330291748047,81.11744787705034,79.43243920677604,81.09111637756664,3084902,
2013-06-04,81.11744689941406,81.93362695651042,80.16962862989801,80.19595530821135,3852181,
2013-06-05,81.06478881835938,81.82830583262556,80.61720638799964,80.61720638799964,3213481,
2013-06-06,79.3797836303711,80.66986805920384,79.1954872322102,80.38026012221574,2024972,
2013-06-07,77.82642364501953,80.4065976723677,76.87860520487375,80.0380000053597,2976812,
2013-06-10,79.01119232177734,80.03799557509971,77.95806238685947,77.95806238685947,4559923,
2013-06-11,79.09016418457031,80.24861029712275,78.56360171410788,78.56360171410788,7900899,
2013-06-12,79.59040832519531,80.09064414055547,78.24766577057062,79.7483780375041,4622372,
2013-06-13,78.8268814086914,79.35344868971507,77.93172136971863,78.27398745091502,3067269,
2013-06-14,80.0379867553711,80.1959564692441,78.72157568699811,79.56407761375208,3247035,
2013-06-17,79.32713317871094,79.98534361785123,78.6162693754541,79.69573083179534,3494604,
2013-06-18,77.29985046386719,79.24814044322518,77.16820742493907,78.9322010064803,2014850,
2013-06-19,76.35204315185547,77.2998615986198,75.69383268325541,77.2998615986198,3829286,
2013-06-20,73.82452392578125,75.77281409689783,73.1926449900994,75.77281409689783,6945070,
2013-06-21,75.29891967773438,75.82548716779561,72.66609186913747,73.82453841893035,4564035,
2013-06-24,74.77233123779297,76.6942944417756,74.03513604161508,74.77233123779297,5461852,
2013-06-25,72.6924057006836,75.95711681250235,72.32381286159557,74.56171586208688,3104718,
2013-06-26,74.40374755859375,74.7196870386727,73.21897450829766,73.40327093139243,4420333,
2013-06-27,73.87718200683594,75.27258301917955,72.9293635427959,75.11461327517287,7682696,
2013-06-28,75.69381713867188,76.14139958690131,73.48224121706063,73.90349698745996,6238158,
2013-07-01,78.01072692871094,78.2740082286842,75.69383413387176,76.03610512677642,4106786,
2013-07-02,76.66796875,78.08969616268017,76.37835600342895,77.87906827236912,2199507,
2013-07-03,75.90445709228516,76.79961731021693,75.66750249158083,76.06242682608804,2415169,
2013-07-04,75.851806640625,77.35251926475267,75.43055558115458,76.85228333032818,5206243,
2013-07-05,75.64118957519531,76.64166152411623,75.19360697434885,76.40470688028951,1406809,
2013-07-08,73.92984008789062,75.56219571387659,73.16631805268116,75.37789446556678,3593552,
2013-07-09,74.93032836914062,75.48322255817996,74.03516313488805,75.0093132532891,3879142,
2013-07-10,74.29843139648438,75.72015896864411,73.90350707088444,75.56218923840414,2820000,
2013-07-11,75.7464828491211,76.74695937726327,75.21991549417469,75.69382466737044,3935263,
2013-07-12,76.93125915527344,77.24719861792343,74.66702473266393,75.878129220058,3788784,
2013-07-15,74.95663452148438,77.40516525927787,74.69335325340397,76.8785979022636,3253920,
2013-07-16,75.40420532226562,75.87811442382835,74.43005562181823,74.77232652018198,2046444,
2013-07-17,77.69476318359375,78.45828016139748,75.85178019661006,76.16771958628128,6237286,
2013-07-18,77.14189147949219,78.11603660471974,76.24672640358742,77.82642380712068,3095780,
2013-07-19,75.6675033569336,77.6684517343689,75.21992083242219,77.4314971309547,2725862,
2013-07-22,75.32522583007812,76.06241621132969,74.69334698304735,75.66749193193546,3454150,
2013-07-23,75.45684814453125,76.19404319131517,75.11458211478643,75.95708867360291,2947651,
2013-07-24,74.35108184814453,76.08874881274663,73.7192029519256,74.90397588233611,3835554,
2013-07-25,73.85084533691406,74.85132185395527,73.24529312648735,74.77233699263238,5287524,
2013-07-26,74.27210998535156,75.00930537386782,73.08733684757999,74.7723507463135,2027745,
2013-07-29,74.77233123779297,75.24624036925606,74.50904517307816,74.7459997388097,4503955,
2013-07-30,72.50809478759766,74.7986555161819,71.87621596591924,74.56170095805248,2955787,
2013-07-31,68.82215118408203,72.06053098258896,67.24245372139573,71.63927993282397,11718688,
2013-08-01,69.26972198486328,71.29700165826608,67.92697936942123,69.50667656405894,5328572,
2013-08-02,68.37456512451172,71.27067357288574,66.63689812714591,70.71777952826935,12243422,
2013-08-05,71.21802520751953,71.84990415998298,68.55886634228456,68.55886634228456,4082802,
2013-08-06,71.00739288330078,72.13950766269812,70.40184065109342,70.82309647386964,5535063,
2013-08-07,71.82356262207031,73.40325978253266,69.87527267140219,71.03371404183913,3382635,
2013-08-08,72.19214630126953,73.03465289787769,70.69143428844227,71.11268517632024,8062657,
2013-08-12,72.8503646850586,73.69287143163531,70.84941658539859,72.00786275933494,3215958,
2013-08-13,75.69381713867188,76.06241473255805,71.8235592758522,71.84989077453524,7877853,
2013-08-14,75.98345184326172,76.79962730046174,75.0619600025909,75.79915540346929,5916610,
2013-08-16,73.53490447998047,76.08874667344402,72.66607102210745,75.61483751460419,7385864,
2013-08-19,72.00787353515625,73.71920914221654,70.87575387046293,73.40326966757725,7231168,
2013-08-20,71.69194793701172,72.61343503583427,70.53350136549068,71.5603048568136,4212328,
2013-08-21,68.79581451416016,72.13950538455244,67.92698103579532,71.7445810762048,8885953,
2013-08-22,69.05908966064453,69.8752697061498,66.39993610061316,68.63783870934864,6463108,
2013-08-23,67.95330810546875,69.76995993427812,67.1897909855236,69.53300534791168,6045550,
2013-08-26,69.71730041503906,70.29652107915224,68.45354273271722,68.55885426595972,5208382,
2013-08-27,65.53109741210938,69.9279174201689,64.97820347401844,69.9279174201689,6612222,
2013-08-28,66.50526428222656,67.13714327778216,64.55696910564542,65.03087835231211,6510321,
2013-08-29,68.87480163574219,69.4276956855704,65.82071861069235,66.82119516495172,7207062,
2013-08-30,68.92745971679688,69.48035376580634,67.13713452257699,68.348234165837,4771605,
2013-09-02,68.82215118408203,69.00645243529816,67.26878522634321,68.98012093035067,3644349,
2013-09-03,67.42672729492188,69.26970530458891,66.16296984352687,68.6114999056047,4505785,
2013-09-04,68.45355224609375,68.8221450740944,65.82072016145507,67.08447801940846,5532195,
2013-09-05,69.7637939453125,71.12751698401541,68.96160392254609,70.86011704564038,14049868,
2013-09-06,71.82273864746094,72.14361462786088,68.72094076771408,69.95096372718757,6917160,
2013-09-10,74.12235260009766,74.60366657802037,72.19709668840682,72.19709668840682,6076485,
2013-09-11,73.5875473022461,75.37910789870452,72.35752449717687,74.6036560780205,6099210,
2013-09-12,74.57693481445312,75.35238191329137,73.37364976848406,73.37364976848406,3425737,
2013-09-13,75.45934295654297,75.67325703140139,73.80148194740383,74.01540091844159,4770879,
2013-09-16,76.44869995117188,77.81242282543202,75.6197719929949,76.36848095856834,3363045,
2013-09-17,74.95128631591797,77.19741838428405,74.06887728905987,76.74284730123429,3253344,
2013-09-18,77.49153900146484,78.02633386334804,74.60365556041647,75.08496946725786,3385705,
2013-09-19,78.66810607910156,81.07467623553724,77.91939209964634,79.2028961830787,6172186,
2013-09-20,79.30986022949219,80.21900734736916,77.35786111991978,78.61462720042178,7444515,
2013-09-23,76.36849212646484,79.4702952594595,75.61978305140246,78.07982925354149,3949818,
2013-09-24,77.78569030761719,78.18678529906902,75.43259642698041,75.43259642698041,5242308,
2013-09-25,79.68421173095703,80.11204969769699,77.17068448512308,77.78569850219952,6482338,
2013-09-26,80.05854797363281,80.21898594552385,78.16003034086263,79.41679608606862,5339222,
2013-09-27,79.1226806640625,80.21900874902576,78.4274525190241,80.21900874902576,3507892,
2013-09-30,78.85528564453125,80.0853088139798,76.8498104246805,78.53440960935512,3204026,
2013-10-01,76.93002319335938,79.36333129734258,76.74284715341584,78.98897921745554,2797074,
2013-10-03,76.95674896240234,78.21351476330818,76.71609199389987,77.81241981580405,3279723,
2013-10-04,76.26155090332031,77.59853132207621,76.04763188199995,76.47546502846018,3612411,
2013-10-07,76.0743637084961,76.31502075175268,75.00477848163793,76.20806369792089,3224995,
2013-10-08,77.19742584228516,77.46482580704357,75.45935055225455,76.52893572274876,3346064,
2013-10-09,77.6252670288086,78.18680012330799,75.94066774531044,76.82307689380947,4318908,
2013-10-10,79.095947265625,79.39008528034961,77.54504797090804,77.67874306254467,2296868,
2013-10-11,77.0369873046875,79.68421462323592,76.84981124755714,79.68421462323592,2701158,
2013-10-14,76.82308197021484,77.09047706749045,75.99414884515386,76.90330098901556,3127916,
2013-10-15,77.59849548339844,78.561123290482,76.66261060174158,77.01022456668456,2091946,
2013-10-17,76.76957702636719,78.56113292156869,76.47543908386173,77.27762902144133,2833284,
2013-10-18,77.99960327148438,78.7750552094072,76.87653731126879,76.90328024110757,3187678,
2013-10-21,78.96221923828125,79.14940013399251,77.3311015093211,77.545020434629,1621572,
2013-10-22,79.55049896240234,79.95159390692508,78.21351418193372,78.21351418193372,2660610,
2013-10-23,77.73222351074219,80.085312924071,76.5824192910781,79.6842178595161,3086637,
2013-10-24,76.6358642578125,78.80177672713546,75.99411241505014,77.7054539265351,3471686,
2013-10-25,77.65199279785156,78.82853977533331,76.26153174895805,77.01024079125776,2065893,
2013-10-28,77.0369873046875,78.42745340279238,76.87654928538153,77.54504429660957,1760308,
2013-10-29,78.1065673828125,78.32048145043082,76.50218739477923,77.01023942559671,3765444,
2013-10-30,78.7483139038086,79.52376091333309,77.38459100878,78.34721893468254,4905508,
2013-10-31,79.73767852783203,80.19225445062708,77.83916074034788,78.61461263307383,6810687,
2013-11-01,78.21353149414062,79.73769262069311,77.94613643733163,78.8820215842529,3012600,
2013-11-05,78.7483139038086,79.20288493803224,77.4380670738776,77.83916204300365,3613442,
2013-11-06,81.60948181152344,82.01057691363803,78.21354491234665,78.50768295262418,8141023,
2013-11-07,81.66292572021484,83.1068674323601,81.18161181616642,82.67902958686491,6367130,
2013-11-08,81.58271026611328,82.27793822681207,80.37942545392872,81.18161532871842,2839766,
2013-11-11,80.37944793701172,81.28859508401314,78.40071072699475,81.02120001634914,3062167,
2013-11-12,79.76441955566406,81.39554239485915,79.30984851197533,80.21899549553171,4151676,
2013-11-13,79.95161437988281,81.0211995404359,78.69484826650259,79.25638133262443,5285791,
2013-11-14,81.71642303466797,82.73253200092243,80.00508110243105,80.05856206786945,6291426,
2013-11-18,83.45449829101562,83.88232640565765,81.98381344199429,82.0907704706548,5252539,
2013-11-19,82.91969299316406,83.69514976050611,82.67903602240769,83.42774986221328,2224850,
2013-11-20,82.7057876586914,84.22994863397281,82.11751663362494,82.3581687335429,4429058,
2013-11-21,80.3259506225586,82.54534441078773,79.76441766738317,82.49186834584262,2906565,
2013-11-22,80.67355346679688,81.23508631019412,79.92483974481533,80.53985353869064,1809681,
2013-11-25,80.2992172241211,81.28858323684744,79.79116520075013,80.75379317946087,3740748,
2013-11-26,79.55049896240234,80.67356480706601,79.06918502897506,80.2189889045474,3962067,
2013-11-27,78.40069580078125,79.68419971509788,78.24025781149167,79.20288574722915,3264091,
2013-11-28,79.095947265625,79.89813740016481,78.45419515799315,78.61463318490112,4352876,
2013-11-29,78.7483139038086,80.96770280218689,78.48091399360534,78.7483139038086,3303144,
2013-12-02,78.641357421875,79.68420441374968,78.02634835745296,78.69483838685137,2954820,
2013-12-03,77.91938018798828,78.53439409934131,77.35784723732904,78.37395611343868,3767403,
2013-12-04,77.73222351074219,78.50767560094168,77.11720944636465,77.86592349765381,7639952,
2013-12-05,76.93002319335938,78.98897921745554,76.47544721500584,78.98897921745554,4989733,
2013-12-06,79.6574478149414,80.11202367085238,76.95674049999886,77.01022145251133,6979000,
2013-12-09,82.06401824951172,82.91968412321782,80.67355753260576,81.8768422576719,8053626,
2013-12-10,72.75860595703125,77.97283901900151,72.19707316574214,77.57174416808073,70340673,
2013-12-11,74.4699478149414,75.05822357020318,73.61428200103333,74.33625278561826,17877327,
2013-12-12,74.68388366699219,74.89780261710978,73.98865075124414,74.5234456784487,4172881,
2013-12-13,73.42713928222656,74.49672944968668,73.07952517070117,74.49672944968668,4479121,
2013-12-16,73.77474212646484,74.14909419649602,73.13299012506371,74.14909419649602,4046638,
2013-12-17,72.17034912109375,73.82820489525577,71.95643019377226,73.37363390694279,7933232,
2013-12-18,72.437744140625,72.73188205380178,71.87621124031007,72.17034915348685,3735968,
2013-12-19,72.19710540771484,72.75863844977485,71.4751343536377,72.46450046235023,5380558,
2013-12-20,72.70516967773438,72.78538869720087,71.66232242467002,72.22385556093545,6570934,
2013-12-23,73.15972137451172,73.74799235584368,72.19709346168919,72.54470746481552,6055507,
2013-12-24,73.69451904296875,74.12235205480408,73.18646213922418,73.26668113495448,4551934,
2013-12-26,73.3469009399414,74.81758580867614,72.91906792338568,73.48060089969339,13055290,
2013-12-27,73.40037536621094,73.85495127194098,73.2934183456421,73.69451329299844,1860684,
2013-12-30,72.75860595703125,73.80145256942531,72.67838698684709,73.45383866401974,1614116,
2013-12-31,73.26668548583984,73.37364741728473,72.73189541333232,73.0260284843577,2409212,
2014-01-01,73.90843963623047,74.14909664470174,73.05277353689661,73.53408755383917,1455872,
2014-01-02,72.14362335205078,74.2293174768694,72.00992827483593,74.2293174768694,5717758,
2014-01-03,70.4590072631836,72.46448189967059,70.32531221820334,72.19708691353176,8674634,
2014-01-06,70.67293548583984,71.12751142862946,69.71030753370582,71.02054950316193,3642922,
2014-01-07,69.44291687011719,71.020553959885,69.25573593689239,70.67293992074924,4134439,
2014-01-08,69.282470703125,71.07402654993899,69.04181372835093,69.87074167606869,7126702,
2014-01-09,71.4751205444336,71.66229655689745,69.25572684159665,69.41616482261671,8778927,
2014-01-10,70.2718505859375,71.60883567663394,70.05793160049576,71.52861666911575,2977110,
2014-01-13,70.99382019042969,71.34143425045104,69.7370541331532,69.7905351024563,2740131,
2014-01-14,70.19161987304688,70.86010985882581,69.950962890625,70.43227685546874,3258642,
2014-01-15,70.7264175415039,71.04729353050706,70.29857962538036,70.7264175415039,6699776,
2014-01-16,71.20773315429688,71.7692661479007,70.88685715795184,70.88685715795184,6285789,
2014-01-17,70.37879943847656,71.52860834318602,70.13814244393446,71.23447038446375,11623734,
2014-01-20,70.51250457763672,71.39491362240805,70.32532853353291,70.59272358170684,2745912,
2014-01-21,69.92422485351562,71.12750976554833,69.38942992721925,70.37879588949764,10881428,
2014-01-22,70.9403305053711,71.23446845613098,69.79052652796616,69.79052652796616,5326298,
2014-01-23,70.11140441894531,70.80663736866045,69.92422838855931,70.45901844571334,4757301,
2014-01-24,70.3253402709961,70.53925438676622,69.87076420666912,69.95098322412798,3696074,
2014-01-27,69.22901153564453,69.89750171061077,69.04183546173724,69.65684466008129,3239786,
2014-01-28,68.72093963623047,70.59271452568524,68.53375871995982,69.41616765153088,4517826,
2014-01-29,68.34657287597656,69.79051455645494,68.05243497567159,69.38941964521095,4822945,
2014-01-30,68.56050872802734,69.60335575483809,67.46418073444859,67.94549474682277,7202320,
2014-01-31,69.80252075195312,70.07852745306494,68.17406959150513,69.38850817335317,5243067,
2014-02-03,69.55413055419922,69.71973562694731,69.05731533595494,69.55413055419922,3485053,
2014-02-04,71.87259674072266,72.12100433314451,69.22291575488957,69.49892250629205,12610135,
2014-02-05,73.0870361328125,73.25264119576157,70.16134331813525,72.09340575511806,10196260,
2014-02-06,73.74947357177734,74.02548038972682,72.20382427275368,72.86624467892574,9847101,
2014-02-07,75.04671478271484,75.1295173385817,73.28026194217733,73.80467644471184,14496663,
2014-02-10,74.63268280029297,75.4055098254456,73.58385406508896,74.60508364006095,12770959,
2014-02-11,72.94903564453125,74.35667878409656,71.78980011783041,74.19107370885358,4323632,
2014-02-12,72.17621612548828,73.14224239503217,71.78980258535113,72.9766373140971,7385424,
2014-02-13,71.81741333007812,72.56263631447355,71.56900566861297,72.42463542734856,8281903,
2014-02-14,73.0042495727539,73.36305893635316,71.56900201062378,72.53503344045752,2701371,
2014-02-17,73.88748168945312,74.10829019775596,73.0318569323137,73.0318569323137,1433607,
2014-02-18,73.88748168945312,74.27389531551631,73.41827055837689,73.74948079389759,2029621,
2014-02-19,73.0594482421875,74.1910847764505,72.89384314224007,74.1910847764505,1336074,
2014-02-20,72.36941528320312,73.19744062969286,72.09340851899509,72.86623049109697,2206638,
2014-02-21,73.11466979980469,73.9702946775807,72.14863812537718,72.61785437647646,2003629,
2014-02-24,64.53077697753906,70.98937501301626,64.22717103742296,70.93417668964928,36210670,
2014-02-25,63.95115661621094,65.57960816693087,62.84712449330875,64.83438534685212,19414470,
2014-02-26,63.73036575317383,64.44798449990266,63.15074789027232,64.06157596054612,13113314,
2014-02-28,62.04671096801758,64.28237988477196,61.82590753066904,64.0339722273548,12666675,
2014-03-03,61.38428497314453,62.57112482003437,61.08067901089795,62.377915512568805,13692330,
2014-03-04,62.84711837768555,63.01272343269921,61.16346866966836,61.54987709545678,13353066,
2014-03-05,62.95753479003906,63.26114581320625,62.12950932127982,63.20594243066684,7578528,
2014-03-06,64.42037200927734,64.75158214814252,62.59871624551886,62.59871624551886,9094195,
2014-03-07,64.2271957397461,64.66880776585919,63.95118380129105,64.19959151357989,8511816,
2014-03-10,64.58599090576172,65.88323257866209,63.31635345292027,64.58599090576172,11137770,
2014-03-11,64.80680084228516,65.19320939306073,64.03397363300031,64.5859923462228,4559572,
2014-03-12,64.66878509521484,65.082797803891,64.25477238653869,64.58598255347961,4020171,
2014-03-13,64.17198944091797,65.30362620815454,63.86837834388678,64.61360144707164,5828080,
2014-03-14,64.61357879638672,64.80678808761569,63.50954664109395,64.1167635684251,4629595,
2014-03-18,65.08280944824219,65.46922306343085,64.03397538065413,64.75159922204249,5970177,
2014-03-19,64.00636291503906,65.63481454014715,63.64755359582511,65.13799930406664,6197394,
2014-03-20,63.89595413208008,64.30996678292753,63.61994232893819,63.75794823050913,6169582,
2014-03-21,62.84711837768555,64.25476134530169,62.68151332267188,64.1995579756754,10357064,
2014-03-24,62.902339935302734,63.61995867861541,62.26751868957228,63.37155102426872,10494283,
2014-03-25,63.53715515136719,63.86836535207608,62.84713558451252,63.426753435753085,9248385,
2014-03-26,63.42675018310547,64.25477564241494,63.20594170933417,63.86836207678174,8384493,
2014-03-27,64.4755859375,65.02759955672211,63.61995623613274,63.64756045480037,13665529,
2014-03-28,66.76643371582031,67.34605138568773,64.80677734408334,65.05518491688366,6616512,
2014-03-31,66.18684387207031,68.36731463038042,65.52442339944287,67.34607969916834,10660725,
2014-04-01,67.31846618652344,67.59447297335088,65.99362552356602,66.68364501756766,6046722,
2014-04-02,67.84288024902344,68.61570733435455,67.18045992094879,67.45647176022392,13108323,
2014-04-03,67.89810180664062,68.53292314230079,67.2080821314395,68.50531891866292,12946982,
2014-04-04,66.40763854980469,67.92568346544836,66.02122500329685,67.92568346544836,5541157,
2014-04-07,65.91083526611328,67.12527445145128,65.46922331411174,66.79406422398337,6490387,
2014-04-09,66.54563903808594,66.6836398939634,65.71761368735847,66.4628365030132,9281888,
2014-04-10,68.28449249267578,68.53290009868729,66.57323841108568,66.57323841108568,10141159,
2014-04-11,68.78129577636719,69.11250586027607,67.5116537521399,67.89806720132188,6236364,
2014-04-15,69.2229232788086,69.49893006021057,67.8980826418936,69.00211482136744,5485220,
2014-04-16,67.6772689819336,69.49892471765654,67.01484871439797,69.00210951700483,5616406,
2014-04-17,67.87049865722656,68.17410466850183,66.65605945052425,67.73249270873148,6867484,
2014-04-21,68.75372314453125,68.89172909416598,67.89809838607704,67.89809838607704,4605685,
2014-04-22,68.33969116210938,68.97451228755308,67.92567848331254,68.78130805540313,3041050,
2014-04-23,67.40127563476562,68.94692491789185,67.2356705349259,68.17409774939546,13376614,
2014-04-24,67.40127563476562,67.40127563476562,67.40127563476562,67.40127563476562,0,
2014-04-25,65.41400146484375,68.1740842302153,65.24839639784415,67.62207070946033,12876661,
2014-04-28,65.11040496826172,65.91083132135942,64.91720069842435,65.57962111371441,6154653,
2014-04-29,64.94480895996094,65.607229468023,64.86200639645318,65.1932166504842,5773446,
2014-04-30,64.2271957397461,65.66243861501451,63.675176916703855,65.13802401813848,9712130,
2014-05-02,63.1783332824707,64.58597635691632,62.98512905491376,64.58597635691632,3966110,
2014-05-05,62.84711837768555,63.564741967366494,62.65391416479134,63.17832848771288,3026912,
2014-05-06,63.09553146362305,63.86835343647336,62.81952469914771,63.09553146362305,4540122,
2014-05-07,63.89595413208008,64.47557184326652,62.92992292881421,63.205929678090726,10973022,
2014-05-08,63.78555679321289,64.42037796939277,63.42674746086744,64.06156863704733,4068682,
2014-05-09,65.22079467773438,65.41399889702785,63.757948292039806,63.757948292039806,7282917,
2014-05-12,66.84925842285156,67.34607373331174,65.2760099397277,65.2760099397277,9694725,
2014-05-13,67.78768157958984,71.98300693348718,67.51166974171812,68.45010190429636,31052673,
2014-05-14,69.27812957763672,69.66453807711859,68.00848721115011,68.61570923124933,11972526,
2014-05-15,71.37578582763672,72.50742216768519,69.05731482627498,69.74733427301074,27813334,
2014-05-16,72.64542388916016,76.53714311632704,72.03820697096171,72.86623233844402,33854530,
2014-05-19,80.37367248535156,82.1401251040422,73.9702722665987,73.9702722665987,37340962,
2014-05-20,78.52442169189453,83.63058095987557,77.5859944152509,82.91295712840285,27876390,
2014-05-21,80.40126037597656,81.47769331612866,78.99361730039304,79.65603757125588,19178840,
2014-05-22,85.12102508544922,86.55627271683491,81.03610079320816,81.53291611471856,21883489,
2014-05-23,88.43310546875,89.75794600011704,85.61781933959504,86.97026408460927,31643096,
2014-05-26,86.25264739990234,92.51804669026149,82.94055066423337,90.39277463682136,30787939,
2014-05-27,85.09339141845703,87.8258747411889,82.52651819945275,85.75581161790718,15720531,
2014-05-28,83.60297393798828,86.55626648794888,83.13375781681704,84.5138019618777,16776397,
2014-05-29,83.98939514160156,85.5074403927144,82.80256013101278,83.87899341271594,19643784,
2014-05-30,88.5987319946289,90.42038816648108,84.4034009445289,84.43100516486209,73948783,
2014-06-02,87.90869140625,89.97875486250182,85.83862794999817,89.97875486250182,23162924,
2014-06-03,90.64116668701172,91.0275852345085,88.26749751519624,88.59870763720448,17474580,
2014-06-04,91.08282470703124,91.57964011452415,89.28877243810757,90.6412076422369,15352701,
2014-06-05,90.64116668701172,91.82800632678484,89.42673294222509,91.35879535651677,15279402,
2014-06-06,91.35880279541016,93.23565693703618,89.70275205052498,91.60721040714294,19315740,
2014-06-09,91.27600860595705,92.43524423339638,90.19957552333476,92.18683659894508,25865088,
2014-06-10,90.28236389160156,92.13161369698403,89.31632761527186,91.63479850609365,14224449,
2014-06-11,87.27387237548828,90.69638054377084,86.55625377074008,90.5307754728496,14206075,
2014-06-12,88.46072387695312,89.09554003085313,86.69426618243794,87.24627978984087,12429926,
2014-06-13,84.65181732177734,89.42676673646406,83.6305874109525,88.9575555888818,10967294,
2014-06-16,84.40339660644531,86.08704675169727,82.83014817525145,85.72824244447509,12481705,
2014-06-17,85.5074234008789,86.11464542375207,83.24415555833826,84.12738437551162,10358026,
2014-06-18,83.63058471679688,86.52867428619084,82.83015829396093,85.45224101755879,8380605,
2014-06-19,84.18258666992188,85.06581547570116,83.10615361601148,84.07217991053314,5728864,
2014-06-20,83.71337890625,85.28662737234174,83.40976786852237,83.90658317360398,6774481,
2014-06-23,84.21017456054688,84.56898384586512,83.35455008608088,83.68576021217939,4848633,
2014-06-24,85.4798355102539,86.1698500192709,84.210193045599,84.210193045599,7600201,
2014-06-25,86.5838623046875,87.02547926997357,85.61783593259057,85.61783593259057,6841432,
2014-06-26,84.07218170166016,87.02547413557053,83.85137828591078,86.77706650245283,8401051,
2014-06-27,84.04457092285156,85.20380638385642,83.40974981910801,84.37578105456724,5560653,
2014-06-30,86.22504425048828,86.55625439471842,84.43098761795316,84.62419185079882,6654506,
2014-07-01,85.34181213378906,86.94266456486216,85.20381127356491,86.30784847855308,6297392,
2014-07-02,88.18470001220703,88.40550340355719,85.86622902597061,86.08703241732077,7988010,
2014-07-03,86.85986328125,88.62632081318856,86.4182463713324,88.57111238211648,8342023,
2014-07-04,87.52228546142578,88.10190324593853,85.45222194530879,87.21867951497262,5265894,
2014-07-07,89.06793975830078,89.37155584739477,87.21868954310332,88.01911082545446,8956964,
2014-07-08,84.4585952758789,89.39914372179237,84.04458255393833,89.04033943459885,12156387,
2014-07-09,83.1613540649414,85.12101597466108,82.25052607299465,84.45859561688161,9043510,
2014-07-10,83.43736267089844,85.50742115456819,80.40126779789058,83.35456012939702,13559970,
2014-07-11,82.63692474365234,84.29297533971751,80.89807161778391,83.3545483532357,10351554,
2014-07-14,81.58810424804688,83.0233517000037,80.40126947965649,82.63693814695898,11540643,
2014-07-15,80.37367248535156,82.80254546778447,78.71762157599586,82.38853274044554,10179867,
2014-07-16,80.95328521728516,81.28449537834616,79.24203103384791,80.62207505622413,7859427,
2014-07-17,83.0233383178711,83.40974675476632,80.3736573614908,80.42885567883849,9859254,
2014-07-18,82.63692474365234,82.85773317441615,81.25688089564291,82.7749306446129,6878970,
2014-07-21,81.69850158691406,83.3821514205489,81.53289651954455,82.9129353783801,5186373,
2014-07-22,82.7197494506836,83.16136137674236,81.80892137865405,81.89172393065674,5630430,
2014-07-23,82.58173370361328,82.99574641445002,81.28449724556889,82.80254216734824,6522207,
2014-07-24,82.63692474365234,83.24414161092113,82.14010956483278,82.69212811480963,4997533,
2014-07-25,82.22290802001953,83.07853243429699,81.14647518592058,82.5541181228192,5286123,
2014-07-28,82.27813720703125,82.58174319395805,81.33970491871202,81.75371767712736,5082846,
2014-07-30,82.692138671875,83.02334883337268,81.47769972842819,82.25052175396743,9857760,
2014-07-31,80.07005310058594,82.69213511769861,79.54563871870971,82.30572159460436,15144315,
2014-08-01,77.6963882446289,79.1592349261428,77.30997972790176,79.1592349261428,12284623,
2014-08-04,78.00000762939453,78.57962552048345,77.3927905709713,77.88960590619038,7652047,
2014-08-05,77.66878509521484,78.24840289443286,76.78555628797486,78.02759442915634,6931879,
2014-08-06,77.53077697753906,78.35880238154934,77.33757273455868,77.9447896795442,3887728,
2014-08-07,77.7515869140625,78.02759370268883,76.95116065702022,77.28237082491826,6392932,
2014-08-08,76.15072631835938,77.28235749423487,75.62630694040223,77.08915328090947,7064228,
2014-08-11,74.99150848388672,77.25477641926447,74.54989153025224,76.84076368389864,10713357,
2014-08-12,77.00635528564453,77.88958398429526,75.405508007339,75.405508007339,9039367,
2014-08-13,78.23623657226562,78.45985024419812,76.69890601266802,77.0343239615309,11213353,
2014-08-14,79.41018676757812,79.6338004039575,77.76104707518098,78.37598329570652,6022137,
2014-08-18,79.71766662597656,80.55621148838841,78.87912176356473,79.35429377355032,4284195,
2014-08-19,80.44440460205078,80.72392297694812,79.74561890095107,79.99718236751558,4693840,
2014-08-20,81.22705078125,81.45065934187993,80.08103771525211,80.64006935297067,5256523,
2014-08-21,79.66177368164062,81.59042714972244,79.38226039229059,81.59042714972244,5082678,
2014-08-22,79.66177368164062,80.19285046682742,78.96298789922932,79.7176783867396,2244943,
2014-08-25,79.27043914794922,79.88537545801795,78.37599470833015,79.54995751364288,3546333,
2014-08-26,78.8232192993164,79.38225092944897,77.87287013435568,79.15863725378158,4221902,
2014-08-27,77.98465728759766,79.10271518426366,76.72684023457188,79.07476540021999,6853485,
2014-08-28,76.81069946289062,78.26417533040055,76.503231347081,77.70514890647343,9693754,
2014-09-01,78.09648895263672,78.51576145080419,76.81072166428063,77.53746236712841,8027535,
2014-09-02,78.3759994506836,79.10273496208823,77.59335412107126,78.26419005041214,9808087,
2014-09-03,78.09648895263672,79.01888844860515,77.56541216098208,78.79527986163083,8610758,
2014-09-04,79.63380432128906,79.94126732860558,77.53744237108025,78.54369610718048,8089474,
2014-09-05,79.85741424560547,80.22078706870343,78.82321070479327,79.49404654057875,7229092,
2014-09-08,78.5157470703125,80.47235511544798,78.32008831302758,79.94127330299074,7560633,
2014-09-09,78.59959411621094,79.15862566449803,78.09646725817387,78.59959411621094,5354294,
2014-09-10,77.92876434326172,78.65550490053425,77.59334641191616,78.26418227460728,5533008,
2014-09-11,78.26416778564453,79.04681289260823,77.64923673137636,78.79524949067073,5190961,
2014-09-12,77.00635528564453,78.34802684121624,76.86660124398635,77.87285491066514,7044129,
2014-09-15,75.97215270996094,77.56538770056717,75.80444376358133,76.7547927537088,7995969,
2014-09-16,73.87578582763672,76.30756538382454,73.68012710959914,76.0280521983322,7761553,
2014-09-17,74.71434020996094,74.79819468831106,73.62423199140932,74.09940907475043,5975778,
2014-09-18,76.53120422363281,76.72686300614902,74.07146895564985,74.07146895564985,5870170,
2014-09-19,77.28588104248047,77.70515344394407,76.19577279867511,76.44733623955327,14600485,
2014-09-22,76.27963256835938,76.72685478824145,76.08396868872774,76.72685478824145,5239893,
2014-09-23,76.53120422363281,77.25793976901997,75.80446356017345,76.30759053070558,12491337,
2014-09-24,77.14612579345703,78.04057533476735,76.05601749420167,76.05601749420167,12957994,
2014-09-25,76.27963256835938,77.6492541354225,75.77650565171517,77.5374498599699,14047449,
2014-09-26,77.90082550048828,78.34804776576232,75.80446313502841,75.80446313502841,4189016,
2014-09-29,77.70514678955078,78.26417319824833,76.81069737033548,78.2082736282211,7595924,
2014-09-30,77.76104736328125,77.9846610004891,77.14611625854835,77.6492431037128,7381887,
2014-10-01,77.73311614990234,78.48780659795965,77.42564796504013,77.90082513835952,5986074,
2014-10-07,78.6275634765625,79.13069042710273,77.20203711669849,77.5374550837253,6849505,
2014-10-08,80.1648941040039,80.50031207096626,78.93502651911791,79.27044448608028,7143752,
2014-10-09,79.8853759765625,80.86367490862557,79.6617623061704,80.61211144871135,6538282,
2014-10-10,78.96297454833984,79.52200103252092,77.76105685940024,79.41019675929903,7176824,
2014-10-13,78.40393829345703,78.99091964966473,77.34177984762887,78.99091964966473,6121364,
2014-10-14,78.65550994873047,79.21454157620948,77.56540160189306,78.79526913511818,5801583,
2014-10-15,78.65550994873047,78.65550994873047,78.65550994873047,78.65550994873047,0,
2014-10-16,77.28588104248047,79.49404731749831,76.81070394813129,79.38224304979846,9212728,
2014-10-17,78.79527282714844,78.96298181144314,77.53745544493823,78.1523866813281,5521873,
2014-10-20,80.22078704833984,81.03137693766068,78.87911537710947,79.35428734862272,4201047,
2014-10-21,82.48484802246094,82.79231099790312,80.94751267296755,81.08727182784985,9211314,
2014-10-22,81.92582702636719,83.18364422738614,81.3667954532239,82.79232161437871,7053908,
2014-10-27,81.53449249267578,83.01592312997495,81.1152201536355,83.01592312997495,3982344,
2014-10-28,82.59666442871094,82.84822787367148,80.91957479564066,81.1152335468084,4233316,
2014-10-29,81.75813293457031,82.93209586901541,81.33886045798276,82.90414607660033,6073100,
2014-10-30,82.23330688476562,82.59667464418133,81.1990980710815,81.67427523191128,7233876,
2014-10-31,83.91036987304688,84.35759198137131,81.75810356047418,82.23328056924228,6155059,
2014-11-03,82.56871032714844,83.85447727263852,82.00967877264047,83.65881853169273,4335784,
2014-11-05,81.19908905029297,83.23955154158712,80.94752560216668,82.54076077363314,4020102,
2014-11-07,80.75186157226562,82.00967873071214,80.52824792696255,81.05932969479848,3223794,
2014-11-10,81.70220947265625,82.06558228098238,80.55620171182441,81.11522814020593,3246072,
2014-11-11,81.5065689086914,82.4289683510737,81.28295521663526,82.23330956931972,2340984,
2014-11-12,79.49403381347656,81.75810439677178,79.3542746640398,81.4226865325799,4937146,
2014-11-13,79.7735595703125,80.22078687178585,79.18657821544107,80.22078687178585,4270273,
2014-11-14,79.99718475341797,80.47236191045806,78.43189920875267,79.68971657908943,15135165,
2014-11-17,81.56246185302734,81.78607039477548,79.66175853973957,79.88537219955914,7888070,
2014-11-18,82.06558227539062,83.07183598809402,81.50655072897615,82.06558227539062,13447417,
2014-11-19,80.61211395263672,82.5407672052191,80.22079641488529,82.12149475900553,5766080,
2014-11-20,79.66177368164062,80.86368645572544,79.04684239784157,80.86368645572544,4545574,
2014-11-21,79.74561309814453,80.61210771390216,79.38224537890517,79.88537227542344,6864394,
2014-11-24,79.9692153930664,80.30463327640948,79.38223409721604,79.38223409721604,3173155,
2014-11-25,78.34803771972656,80.36054533251787,77.92876530039504,80.36054533251787,13297497,
2014-11-26,79.27043914794922,79.60585709232429,78.26418531482403,78.3200900115771,8072104,
2014-11-27,78.90706634521484,79.91332011369792,78.73935738380099,79.38224344191119,4327850,
2014-11-28,79.7735595703125,80.08102770031653,78.73935603203897,78.96296968277564,9783045,
2014-12-01,78.34803771972656,80.89162714238549,78.01261978426135,79.43814600998853,4072693,
2014-12-02,78.5157470703125,79.27043742878922,78.32008831302758,78.37599300856822,1309962,
2014-12-03,80.02513885498047,80.30465725327036,78.51575792927518,78.51575792927518,3013027,
2014-12-04,79.41018676757812,80.3325859802955,79.0468190867737,79.99716808476191,2677798,
2014-12-05,78.85118103027344,79.4661174519633,78.62757243881585,79.18659903553242,15389958,
2014-12-08,78.20828247070312,79.5499541921844,78.04057350551797,78.8511634251986,3148736,
2014-12-09,75.44107818603516,78.12442140281216,75.07770538004927,78.12442140281216,5846587,
2014-12-10,75.55288696289062,76.22372280717822,75.10566477272268,75.41312778930694,4026793,
2014-12-11,74.6304702758789,75.6926284877013,74.46276135391064,75.6926284877013,4008484,
2014-12-12,74.3230209350586,75.07771127402407,73.95965321861753,75.07771127402407,4555370,
2014-12-15,74.3509750366211,75.30132411752975,73.2049620875317,74.04350689953093,13114453,
2014-12-16,71.72352600097656,74.32301472925054,70.85703146424224,74.0155517325773,12018054,
2014-12-17,71.61173248291016,72.59003654525799,70.82909230387496,72.50618205757308,6434833,
2014-12-18,74.3230209350586,75.02181169800016,72.11485461225746,72.4223227526746,11566800,
2014-12-19,75.7485580444336,76.22373521752694,74.26713205914803,74.91001310254661,6249310,
2014-12-22,77.70514678955078,78.37598257444454,76.1119118004281,76.19576627353982,11170360,
2014-12-23,79.9133071899414,80.41643399281617,77.2579140243011,78.09645869575904,8724402,
2014-12-24,77.90082550048828,80.36055563660378,77.4815530273963,80.22080155762124,13971313,
2014-12-26,77.87285614013672,78.51573702528421,77.28587482530672,78.1523693459369,2238376,
2014-12-29,78.32007598876953,78.79525303091341,77.90080363336926,77.90080363336926,2363034,
2014-12-30,79.35427856445312,79.60584197496186,78.18031598207904,78.40392960855482,2466861,
2014-12-31,80.50028991699219,80.97546694544242,78.8511503272525,79.3542771392337,4589858,
2015-01-01,79.63380432128906,80.6400580573893,79.43814046055546,80.61210315267239,1478980,
2015-01-02,80.72393035888672,81.05934834497894,79.6617716969039,79.6617716969039,2383093,
2015-01-05,80.50028991699219,81.00341672897339,79.96921332148001,80.80775800811534,2197057,
2015-01-06,77.81695556640625,80.77981208237932,77.28587891188337,80.22078564121982,5923512,
2015-01-07,79.68970489501953,79.94126833220275,77.9008110477403,78.5436970932323,5848555,
2015-01-08,81.03136444091797,81.22702827484441,80.05306574356757,80.10896530920046,7564225,
2015-01-09,78.40393829345703,81.33884507449552,77.98466589616582,81.14318632845004,3778993,
2015-01-12,78.26416778564453,79.04681289260823,77.42562311251952,78.82319927375138,3190536,
2015-01-13,77.67719268798828,78.45983785715407,77.20202074749933,77.84490163594225,4515434,
2015-01-14,77.00635528564453,78.403931528722,76.69889229953988,78.09646342454654,2736211,
2015-01-15,77.81695556640625,78.57164586823562,77.36973338986442,78.18032326496704,7016253,
2015-01-16,78.48778533935547,79.270425367485,77.34177252260767,77.50948146564049,6225934,
2015-01-19,79.24249267578125,79.88537880210255,78.18033410143994,78.76731552866795,5186906,
2015-01-20,79.85741424560547,80.22078706870343,79.43814184823954,79.80151467133751,6449028,
2015-01-21,80.22078704833984,80.58415475327432,79.54995121272465,80.08102787656293,6947634,
2015-01-22,78.3759994506836,80.33260253857051,77.90082229470981,80.22079825637103,6729064,
2015-01-23,79.32633972167969,79.49404868515046,78.51574469221377,79.1586307582089,9045246,
2015-01-27,80.02513885498047,80.33260704587045,78.65551712842013,79.66177107889033,17981989,
2015-01-28,79.85741424560547,81.03137695823004,79.13067883555203,79.94126872507864,6764469,
2015-01-29,79.29837799072266,79.77354990361032,78.87910564519198,79.77354990361032,17553748,
2015-01-30,80.30465698242188,82.40101937216424,79.43815711594686,79.82947980138952,22309884,
2015-02-02,79.41018676757812,80.75185834971249,79.1306735606571,80.75185834971249,10364854,
2015-02-03,80.50028991699219,80.94751204384085,79.46608650949881,79.63379544682589,7781553,
2015-02-04,80.24742889404297,80.97797442946296,79.82596130531375,80.4722133229879,4036543,
2015-02-05,78.75823974609375,80.41601393561338,78.14008901290734,79.9102528416787,6143088,
2015-02-06,78.6739273071289,79.09539478403292,77.718602741102,78.75822080250971,5976495,
2015-02-09,77.99958038330078,78.89871272763108,77.6062141628605,78.11197514188378,3114468,
2015-02-10,77.0723648071289,78.84252852965584,76.84758554211659,77.5500297487984,4506774,
2015-02-11,78.75823974609375,79.23590471643247,76.87568627807065,76.98807591732239,3522442,
2015-02-12,79.85404205322266,80.16311994039859,78.7020342957676,78.98301091919397,5162803,
2015-02-13,80.50028991699219,80.75317040887803,79.57306144674412,79.85403805610612,3614205,
2015-02-16,80.92176818847656,81.28703834381594,79.9102460861206,79.9102460861206,1945558,
2015-02-18,82.07378387451172,83.0572047429856,80.69698642686006,80.94986696073066,4976054,
2015-02-19,82.41094970703125,82.72002245438298,79.79785111744276,82.1580691983614,3709054,
2015-02-20,81.84899139404297,82.80431604619932,80.97796024486708,82.27045890894534,3178180,
2015-02-23,82.07378387451172,82.49525143096271,81.0903578611702,81.84899946278198,6031716,
2015-02-24,82.38285064697266,83.84394149940131,82.04567662639178,82.18616751658956,5885637,
2015-02-25,82.07378387451172,83.50677356644508,81.82090334064112,82.60764106439376,7538304,
2015-02-26,86.17607879638672,87.01901919242582,81.90521028703456,82.66385201308812,25489447,
2015-02-27,89.04204559326172,89.63210014846221,85.41741960930557,85.97937804349993,12085627,
2015-03-02,89.63211059570312,89.91308212824835,87.4966713837848,87.66525841920635,7853508,
2015-03-03,89.18254852294922,89.9130889687763,88.7329796310435,89.63211741485495,5796930,
2015-03-04,88.5081787109375,89.80068252837374,87.52475793294964,89.35111374627976,4580594,
2015-03-05,88.87345886230469,89.18253162896477,87.21567967541498,87.80573423250642,4307704,
2015-03-09,85.3050308227539,88.84535818891564,85.08024641788306,88.5081841540431,3058852,
2015-03-10,84.26541137695312,86.14796466278219,83.73154906622193,86.14796466278219,3849673,
2015-03-11,86.40084075927734,86.96279401723115,82.38284872608533,84.01252655080589,4759294,
2015-03-12,89.74447631835938,92.5823643474291,85.97937007818042,86.54132331544677,23732349,
2015-03-13,89.60400390625,90.6436273250396,89.12634409802878,90.08166371447123,16271358,
2015-03-16,87.5809555053711,89.63210097952147,86.93470870216643,89.51970620472002,12014666,
2015-03-17,88.70487213134766,89.07013714137507,87.2718824880872,87.72144100654171,6403596,
2015-03-18,85.78269958496094,89.54781152414897,84.96786058267122,88.78916991180368,19386136,
2015-03-19,86.96281433105469,87.58097026201418,84.3778163929511,86.26037002209345,24922042,
2015-03-20,81.76470184326172,83.3381823565758,80.19122132994762,80.80937714492853,20606029,
2015-03-23,84.37779998779297,84.57448312129358,81.59611427390969,81.59611427390969,8907972,
2015-03-24,85.81077575683594,86.20414710525435,84.06870852225902,84.29349288490761,7701613,
2015-03-25,82.80432891845703,87.04710084640752,82.32666909055831,86.82232156676152,19117210,
2015-03-26,80.92176818847656,83.05720202293887,80.33171362876891,82.18617081642151,26353953,
2015-03-27,81.82090759277344,82.41096220246924,80.64079837338184,81.9894946241151,5357637,
2015-03-30,82.94481658935547,83.2819906405317,81.87709704567479,82.10188146141486,4959049,
2015-03-31,82.52336120605469,83.4505899836508,81.42754537798655,83.4505899836508,8397256,
2015-04-01,83.02911376953125,84.23731912465644,82.6076461869448,82.6076461869448,3645848,
2015-04-06,85.47361755371094,85.95128248313523,83.28198633438502,83.45057335125624,4071922,
2015-04-07,87.83382415771484,88.22719038174097,85.13643224500191,85.9512711002562,5508952,
2015-04-08,87.72144317626953,88.7610665691629,86.23226125380214,87.83383795353062,3068680,
2015-04-09,88.42388916015625,88.78916445504466,86.20416184948373,87.74954110173752,3480921,
2015-04-10,87.46858978271484,89.35114886481075,86.68185696700121,88.22723161269909,3200816,
2015-04-13,88.39579010009766,89.1825329511283,86.26035624344487,87.49666276301623,3189088,
2015-04-15,86.738037109375,89.07015453468722,86.20417983337614,87.77766067956813,4110085,
2015-04-16,87.72144317626953,88.00242497455467,86.26035737568361,86.54133402910118,3141138,
2015-04-17,88.78916931152344,89.26682911578489,87.41237185370059,87.41237185370059,3831186,
2015-04-20,86.76610565185547,89.91305586744075,86.4289316794904,89.57588189507568,2855564,
2015-04-21,85.05216979980469,87.83385622536818,84.8554866159837,87.04711320034687,3864529,
2015-04-22,85.81077575683594,86.23224322126048,84.46207987067741,85.36121217640527,3322204,
2015-04-23,84.01253509521484,86.54133530293022,83.67536104820377,86.54133530293022,2880820,
2015-04-24,84.18111419677734,84.85546222733933,83.11339476676513,84.54638433170936,4004778,
2015-04-27,83.3100814819336,86.17606073524986,83.0010087178601,84.77117237432016,4911789,
2015-04-28,85.0240478515625,85.50170760219385,82.55143501648871,83.1695907976907,3926425,
2015-04-29,85.1926498413086,85.83889671050811,84.51830170310528,85.08025505502938,4480990,
2015-04-30,84.46209716796875,85.36122965783312,83.9563361070827,85.02405561724242,6908986,
2015-05-04,85.6141128540039,86.00747915036274,83.92824259855826,84.85547123905336,2244895,
2015-05-05,84.57450103759766,85.4736336788268,83.39439169686435,85.13645958147443,2478207,
2015-05-06,81.2589340209961,84.32159614016513,80.41599902077829,84.06871564009978,5876370,
2015-05-07,80.07884216308594,81.5680293638818,79.79786548448728,81.37134105848149,3870685,
2015-05-08,79.79783630371094,81.25892170094404,79.54495584198601,80.50028031576925,2922648,
2015-05-11,81.45561981201172,81.76469770385485,79.68545625347465,80.02263026462458,2935518,
2015-05-12,79.60118865966797,81.73662818858206,78.84254688765425,81.28705926414288,5078632,
2015-05-13,77.77481079101562,80.13502898552032,75.44268871720399,79.82595107842701,12966652,
2015-05-14,78.14009857177734,80.72510174973371,77.38145683807076,78.33678175074509,11796906,
2015-05-15,76.48231506347656,79.46068938924223,76.11704487611085,78.67394647740667,3487633,
2015-05-18,76.51041412353516,77.38144538128066,75.8922582613836,77.38144538128066,3840517,
2015-05-19,76.48231506347656,77.49383725452122,75.7798708124293,76.65090209531735,3091772,
2015-05-20,76.51041412353516,77.38144538128066,76.11704267897214,76.93188169097132,4418476,
2015-05-21,75.83604431152344,77.04424927743219,75.30218211564933,76.98805190290167,4420716,
2015-05-22,76.06083679199219,76.25752506473654,75.44268614375883,75.639369271636,5611028,
2015-05-25,75.44270324707031,76.341835875958,75.30221232681238,75.89226698907997,1798695,
2015-05-26,74.4592514038086,75.5831680883425,74.17827480510842,75.5831680883425,8415657,
2015-05-27,75.44270324707031,76.341835875958,73.78492890955286,74.45927709500154,8322991,
2015-05-28,75.66746520996094,76.17322619878756,75.30218995478604,75.7517587080987,9531386,
2015-05-29,76.73519134521484,78.47725895901019,75.33030292122379,75.72366921040482,55394842,
2015-06-01,77.85911560058594,78.28058319650238,76.7632998512032,76.7632998512032,5682194,
2015-06-02,77.52191925048828,78.05577633697351,76.31370905942173,77.83099196877974,4976767,
2015-06-03,77.80290222167969,78.53344761946805,76.48230231083417,77.38143471235315,8343859,
2015-06-04,76.931884765625,78.33677328331471,76.5104171813445,77.85911345104212,6126315,
2015-06-05,78.70204162597656,79.15160529430396,76.20133246650775,76.20133246650775,6811179,
2015-06-08,77.80290222167969,78.9549151287946,77.57811783508319,78.7582268611975,5851057,
2015-06-09,78.11198425292969,78.36486477193752,76.84758165789054,77.9433972402578,5823418,
2015-06-10,78.6739273071289,79.09539478403292,77.99957934408246,78.33675332560568,4557562,
2015-06-11,76.73519134521484,78.89872651518102,76.53850820062432,78.81443300394685,5646832,
2015-06-12,76.70708465576172,77.26904303486214,76.20132365803141,76.42610803864497,4680678,
2015-06-15,76.34183502197266,76.79139875895335,75.63938557340921,76.4261285442108,2415729,
2015-06-16,77.35334014892578,77.5500232756111,76.08893759551907,76.08893759551907,2201316,
2015-06-17,76.98807525634766,77.52193761416277,76.7351947115514,77.18476355443443,4718553,
2015-06-18,76.76329803466797,77.49383842039013,76.566609731316,77.04427471034049,3119080,
2015-06-19,76.45419311523438,77.15663712901137,76.2013126528907,76.8756605524738,3558112,
2015-06-22,76.98807525634766,77.26905706936651,76.42612192004566,76.53851155833249,2489085,
2015-06-23,78.25245666503906,78.67392412489541,76.36990372596955,76.93186205406683,4895708,
2015-06-24,76.87567901611328,78.75823230630353,76.56660110628276,78.61774655672663,1151251,
2015-06-25,76.20133972167969,77.18476580620015,75.86416565211474,76.76329821924395,13284873,
2015-06-26,77.3814468383789,77.66242350700458,76.0889479888594,76.22943375073831,3012900,
2015-06-29,77.91529846191406,78.39296339468699,76.08894252958392,76.79138672318263,2735258,
2015-06-30,77.35334014892578,77.88719728985289,76.51040511332131,77.43763365248623,5584984,
2015-07-01,77.71861267089844,78.30866721395299,76.93187499511482,77.18475551356677,2692186,
2015-07-02,77.35334014892578,78.02768817740935,77.18475314180489,77.83099990585687,2130937,
2015-07-03,78.02771759033203,78.50537752731933,76.48233267927213,76.84760809563784,1848141,
2015-07-06,77.55003356933594,77.88720762833306,76.81948805988625,76.81948805988625,1829578,
2015-07-07,75.55506896972656,77.71860376118661,75.302188480265,77.55001676821225,11870942,
2015-07-08,74.74024963378906,75.21790944245626,73.81302099419452,74.2063872901713,6979066,
2015-07-09,73.67251586914062,74.82452870180587,73.44773149707098,74.45925345408435,3690094,
2015-07-10,72.97007751464844,74.03779178993082,72.01474771693204,73.75681516141448,6700296,
2015-07-13,74.79644775390625,74.96503479252878,72.5486240021846,73.0543851180522,3433429,
2015-07-14,74.79644775390625,75.33031013945634,74.68405810978061,74.85264514840313,2489889,
2015-07-15,74.82453918457031,75.30219896794574,74.74024567634318,74.74024567634318,2469536,
2015-07-16,75.6955795288086,75.9203639595146,74.74025470182715,75.04932750607135,1189351,
2015-07-17,76.1732406616211,76.31372642194653,75.35840164328881,75.72367182294985,1445403,
2015-07-20,76.25753021240234,76.5385068633177,76.11703931451089,76.22942894590354,886364,
2015-07-21,76.20133972167969,76.45422027385341,76.03275268689721,76.14514232846287,1367409,
2015-07-22,77.29714965820312,77.46573668035842,76.08894438104605,76.08894438104605,1659378,
2015-07-23,77.7467041015625,78.05578198709341,77.04425997430171,77.04425997430171,2745640,
2015-07-24,77.55003356933594,78.05579465783161,76.93188284279718,77.49383617788047,3777370,
2015-07-27,75.41458129882812,78.2805601056668,74.93691644939948,77.5500147732818,3031380,
2015-07-28,77.01618957519531,77.26907016284295,74.5716772279349,75.10553453134588,3351928,
2015-07-29,76.14513397216797,77.21285345690633,75.58318068114141,76.98806905357524,3799195,
2015-07-30,76.34183502197266,77.94341194449747,76.1451467068381,76.34183502197266,8104052,
2015-07-31,75.89225769042969,76.9318811121961,75.77986805491483,76.42612003507764,5377446,
2015-08-03,75.89225769042969,76.70709669629865,75.69557454206175,75.9203589579592,2878239,
2015-08-04,75.94845581054688,76.3699233788629,75.10552067391482,75.94845581054688,4383127,
2015-08-05,76.84758758544922,77.10046812396273,75.63937713819509,75.97655118954644,2769999,
2015-08-06,76.36990356445312,77.55001244955504,76.00463348163896,76.98805412264626,12025086,
2015-08-07,75.21791076660156,76.65090050756511,74.90883797787423,75.92036014796615,4762880,
2015-08-10,73.8130111694336,75.63936693805329,73.5601306650216,75.30219293217063,4761007,
2015-08-11,73.50393676757812,74.34687182225218,72.82958872383887,73.67252377851294,6722565,
2015-08-12,71.95854187011719,73.22294417663116,71.42467968856718,73.05435720242929,5033044,
2015-08-13,71.84616088867188,72.6048024179241,71.14371674320886,71.98665177571134,6023696,
2015-08-14,72.85767364501953,73.02626063004068,71.70566601061931,71.95854648815103,2001253,
2015-08-17,71.95854187011719,73.05435720242929,71.76185363697091,72.85766896928301,1299099,
2015-08-18,71.50900268554688,72.5205249481866,71.3123195161008,72.49242882251382,2115512,
2015-08-19,70.80655670166016,71.59329450561144,70.72226318177722,71.36851521583573,2073483,
2015-08-20,70.77845001220703,71.76187083414291,70.24458770272109,70.35698247570097,3895869,
2015-08-21,69.34546661376953,70.49747455373257,68.44633407354533,70.24459400912588,8286668,
2015-08-24,64.79361724853516,68.55872417486763,63.33252621769256,67.99677083519084,21259096,
2015-08-25,66.9571304321289,68.78349118592644,60.18555478768563,66.31088374060356,12442059,
2015-08-26,67.37862396240234,69.1206918958724,65.35557932154754,66.9852576010374,10884993,
2015-08-27,66.9571304321289,68.3901198318357,66.31088374060356,68.2215328436349,12451533,
2015-08-28,68.33395385742188,70.27270496672702,67.46291732043038,68.50254091040493,4771845,
2015-08-31,68.24964141845703,69.31735569489928,67.49099989025838,67.99676090905749,4827870,
2015-09-01,67.57530212402344,68.83970483438021,67.09763716293273,67.49100860999965,3799548,
2015-09-02,65.46796417236328,67.99676958917301,65.04649660289499,67.99676958917301,6875404,
2015-09-03,67.09395599365234,68.12090429967763,65.92437423734714,66.03848308690274,5062188,
2015-09-04,65.32532501220703,67.0939600540617,64.55511373607622,66.75164393133689,10292604,
2015-09-07,64.24132537841797,65.61058982539434,64.12721652561704,65.4394317695223,8050246,
2015-09-08,65.29679107666016,66.26668487797366,64.55510450899173,65.04005402131287,5787757,
2015-09-09,68.97669982910156,69.23343692523966,65.72469661135236,66.75164499590474,12015592,
2015-09-10,68.03533935546875,68.97670883082743,67.29365257316697,68.83407535102663,2798323,
2015-09-11,68.26354217529297,68.89111999521616,67.72153816309022,68.37764580891641,2404740,
2015-09-14,71.82933044433594,72.11459735858672,68.29206562825938,68.46322368747808,5742222,
2015-09-15,72.37133026123047,73.88322288132338,71.0305904671268,71.68669806395697,5089286,
2015-09-16,72.94185638427734,73.42680595023327,71.42996370668247,72.34280318887917,3290786,
2015-09-18,72.3427963256836,74.16848556353168,71.5155359498835,72.94184946424932,7200021,
2015-09-21,72.31428527832031,72.8562840974818,71.31586145249983,71.37291588416466,2233722,
2015-09-22,68.97669982910156,72.65659820708093,68.49175023973085,72.45691554008339,6530800,
2015-09-23,69.20491027832031,70.34596226412246,67.92122483554436,67.92122483554436,3839610,
2015-09-24,69.6328125,69.8324951813858,68.6058640414502,69.49017902853586,3772704,
2015-09-28,69.00521087646484,70.1747924924485,68.83405284599546,69.63279380373831,2310477,
2015-09-29,69.23344421386719,70.03218018927477,67.89270416288826,67.97828320394373,3975267,
2015-09-30,70.6026840209961,70.973524660603,69.03373722830561,70.1177345512576,3470785,
2015-10-01,70.46007537841797,71.82934003499179,70.23186808454243,71.42997465904452,3822145,
2015-10-05,72.85628509521484,73.1700766386739,70.6882845655493,70.6882845655493,4026033,
2015-10-06,71.74374389648438,74.11143187533567,71.20174517353266,73.883219412516,8623933,
2015-10-07,72.88481903076172,73.02744728492056,71.45849992586199,71.91491974116462,3385142,
2015-10-08,71.88639068603516,73.17007623400006,71.48702010778057,72.9703935565377,3521266,
2015-10-09,71.88639068603516,72.45691933735174,71.60112897204179,72.39986490522112,3262202,
2015-10-12,72.59954833984375,73.59797218422814,71.71523336091067,73.59797218422814,2117947,
2015-10-13,72.71366882324219,73.25566773907995,72.39987722810939,72.685138990656,2506449,
2015-10-14,71.80081939697266,73.08450508345013,71.42997860643376,72.68513446210255,2665834,
2015-10-15,71.31584930419922,72.34279755925166,71.05911224043611,72.17163951674293,2725071,
2015-10-16,72.3427963256836,72.99890388522233,71.4299569300884,71.48700612773257,19650850,
2015-10-19,72.62808227539062,72.8277649662287,71.94344993728272,72.45692419086365,4176244,
2015-10-20,72.99890899658203,74.05438190684922,72.28575218946412,72.65659289343276,5440894,
2015-10-21,74.13996887207031,75.13839268761706,72.51396720798749,72.99891681382387,4227984,
2015-10-23,75.68038940429688,76.42207609443825,74.79607447540765,74.79607447540765,3888451,
2015-10-26,75.79448699951172,76.16532767780716,74.88164237986658,75.88006601937442,2554590,
2015-10-27,75.68038940429688,76.0227055346191,74.79607447540765,75.4236523065552,8433085,
2015-10-28,73.85472106933594,75.8800936856578,73.62650852538495,75.10988222607028,4449216,
2015-10-29,72.99890899658203,74.85312296308365,72.62806829261339,74.19701535760449,9820096,
2015-10-30,75.76598358154297,78.53304300363442,73.05598382368358,73.05598382368358,10949250,
2015-11-02,75.70893096923828,76.051247152636,73.9973500522497,75.56629748504575,11462052,
2015-11-03,77.42050170898438,78.61860819338037,75.88007908618953,75.88007908618953,11192800,
2015-11-04,77.04965209960938,77.8769178027262,76.76439040554439,77.73428434402895,4315034,
2015-11-05,77.59165954589844,78.16218295930206,76.82144823680679,77.02113090916508,7694065,
2015-11-06,77.33492279052734,79.47439865873328,76.67881511650093,79.01797365796284,7245621,
2015-11-09,76.19387817382812,76.7073524675267,75.39514212474054,76.16535356528841,3002449,
2015-11-10,74.93871307373047,76.87850112962171,74.36818440964659,76.10828978360695,2695531,
2015-11-13,74.62491607666016,75.73744349523422,74.05438745423025,74.68197050590203,2186415,
2015-11-16,74.85313415527344,75.30955395327419,74.05439297960963,74.33965992377384,3069470,
2015-11-17,75.36659240722656,76.02269474836866,74.62490582231715,75.02427632547281,2031129,
2015-11-18,75.82302856445312,77.1067141496301,75.30955433038234,75.36660876416688,8835048,
2015-11-19,76.42207336425781,76.7643894823508,75.30954598045562,76.3935487621932,1697204,
2015-11-20,76.53617095947266,76.99259589648489,76.10827584560433,76.45059193669898,4503478,
2015-11-23,75.93712615966797,76.8499709108548,75.4521817927843,76.59323381427065,1590408,
2015-11-24,74.8245849609375,76.30795806134432,74.65342692806968,75.76595414171048,2367228,
2015-11-26,75.82302856445312,76.22239915428486,74.56786758450342,74.96723817433515,5874213,
2015-11-27,75.70893096923828,76.45061255104638,75.45219383169,76.16535080599175,4532130,
2015-11-30,74.68196868896484,76.27944043557632,74.22554371279344,75.88007511058818,8954815,
2015-12-01,75.68038940429688,75.82302286637434,74.73902004591073,74.79607447540765,1776526,
2015-12-02,75.93712615966797,76.13681405034204,75.02428663181072,75.7374434923235,1556103,
2015-12-03,76.16533660888672,76.96407248015474,75.53775879741396,75.79449588710683,2710232,
2015-12-04,74.39671325683594,76.0797695166879,74.16850595685383,75.93713603670139,2029555,
2015-12-07,74.28258514404297,74.76753463762896,73.02742451417082,74.1684815316286,3599509,
2015-12-08,74.197021484375,74.73902028467347,73.76912632010526,73.8547053529592,2817922,
2015-12-09,74.25408172607422,75.4521882798078,73.54091958091753,74.42523980517902,4174069,
2015-12-10,75.99417877197266,76.25091586241851,74.2825981690003,74.2825981690003,4689330,
2015-12-11,75.7374496459961,76.13682023646352,75.1098717666873,76.13682023646352,7819576,
2015-12-14,75.79448699951172,76.10827325678906,74.96722139972928,75.30953747918011,3892008,
2015-12-15,75.1954345703125,76.02269495457536,74.45374798339131,75.59479985122253,2294697,
2015-12-16,76.19387817382812,76.96408961437598,75.19545941830131,75.19545941830131,2827382,
2015-12-17,77.33492279052734,77.81986717176751,76.5932360817727,76.73586954742967,5617645,
2015-12-18,77.50607299804688,78.78975838875802,77.13522706962195,77.53459759895294,7227156,
2015-12-21,77.81986236572266,78.39039096978578,77.02112649869783,77.02112649869783,2724703,
2015-12-22,78.16217041015625,78.96091141800888,77.87690874925396,78.0480667904611,5186119,
2015-12-23,79.30323791503906,79.75965767708851,78.27628953293063,78.27628953293063,2906598,
2015-12-24,79.4743881225586,79.8167042160896,79.18912122906337,79.44585829921164,2214117,
2015-12-28,82.12734985351562,82.55524503298282,79.47439974081895,79.47439974081895,6195141,
2015-12-29,82.61226654052734,84.9228997348687,82.21290132248953,82.41258393150844,11830292,
2015-12-30,82.75492095947266,83.86744833534975,82.0988133300251,82.1558677570773,7060556,
2015-12-31,83.4395523071289,83.81039302071747,82.18439148857856,82.7549200830704,6167425,
2016-01-01,82.44112396240234,83.468072241062,82.21291671603068,83.468072241062,1087959,
2016-01-04,81.75648498535156,83.86743579057769,81.49974793701307,81.72796038775682,1660154,
2016-01-05,81.15745544433594,83.0972487807396,81.01482719160798,82.55524992904702,2183413,
2016-01-06,80.70101928710938,81.52828492335027,79.90228347429928,81.0148107815447,2555581,
2016-01-07,78.64713287353516,80.38723817097643,78.19071309633657,80.38723817097643,4397205,
2016-01-08,79.61701965332031,79.98786558560346,78.21923062111331,78.84680841088046,5000222,
2016-01-11,80.7865982055664,81.55680941727202,78.30480652340388,78.30480652340388,9595707,
2016-01-12,82.84051513671875,83.23988575245492,81.44272581663768,81.87062103945131,5331380,
2016-01-13,82.29850006103516,83.83892255991763,80.6154441081834,83.23986936590778,6335397,
2016-01-14,81.69944763183594,82.49818349021648,80.04491626495779,81.52828957480229,2617408,
2016-01-15,77.8484115600586,82.44115046730336,77.39198647391609,82.09883426436186,5813482,
2016-01-18,76.79290771484375,79.04649212091908,76.02269651301955,77.53459431696932,7094769,
2016-01-19,77.10670471191406,78.81828528265578,76.67880956922863,77.24933816725233,3276105,
2016-01-20,75.42365264892578,76.90702603594201,74.62491674899141,76.62175911049215,4893918,
2016-01-21,75.88008117675781,77.19229133566282,75.48071059651286,75.82302674434285,3672420,
2016-01-22,78.81828308105469,79.47439068928867,76.53617397603458,77.0496481329144,4081641,
2016-01-25,78.70417022705078,79.70258859949207,77.79132564739463,79.58848498578328,3248101,
2016-01-27,82.01323699951172,82.49818658708786,78.98944628618474,79.75965757174885,6462206,
2016-01-28,82.29850006103516,82.92607785650713,81.64239244077173,81.64239244077173,10947943,
2016-01-29,81.27154541015625,83.69628259915154,80.10196371452541,82.15586022002606,9604422,
2016-02-01,80.01638793945312,82.24144257734167,79.7596508658506,81.01481163346155,4772776,
2016-02-02,76.47913360595703,80.15903215521674,75.73744688592653,79.87376521956587,5540090,
2016-02-03,73.3982925415039,76.33650454016868,72.59955134361688,75.05281892570395,5409084,
2016-02-04,71.82933044433594,74.7960718785698,71.08764900327455,74.16849406921106,8947989,
2016-02-05,72.11827850341797,73.15844598183266,71.65598360986657,72.2049591266192,2917293,
2016-02-08,71.22257232666016,72.75392630056884,70.93363342207888,72.11827023350664,2578603,
2016-02-09,72.72503662109375,73.10065085919078,70.03793753259087,70.03793753259087,2829949,
2016-02-10,72.08937072753906,72.92727970548884,71.4826064997858,72.23383487377085,3106880,
2016-02-11,69.8934555053711,72.20493994004222,69.48894956496252,72.08936757000606,2946543,
2016-02-12,71.6270751953125,72.6672425089543,69.43116818559021,69.92236006944258,4086475,
2016-02-15,72.11827850341797,73.53406025218283,71.33815289460696,72.34942859547635,4458290,
2016-02-16,73.8229751586914,75.75884001649167,71.77153264720263,73.24510276193989,6067938,
2016-02-17,73.96745300292969,75.09430094663735,72.6961409011744,74.1697112890998,4187010,
2016-02-18,73.67852020263672,75.26766299250535,72.37831102259018,74.80536815867704,2623275,
2016-02-19,75.00762176513672,75.52770544137549,73.38958718832592,73.64962902644531,1806504,
2016-02-22,73.38960266113281,76.7701472694086,72.84062180453985,76.7701472694086,2703391,
2016-02-23,71.5403823852539,72.23382714275415,70.90472645439989,71.22255706510872,11574602,
2016-02-24,68.56437683105469,70.61582012639491,68.36212379566491,70.38467002125968,21683338,
2016-02-25,68.47767639160156,68.853290574532,67.55308152912184,67.6686591935344,40502397,
2016-02-26,70.24018859863281,70.50023043872305,68.24653449127425,68.76661817145474,8436524,
2016-02-29,69.05554962158203,70.44243928567697,68.04427414465808,70.44243928567697,6291750,
2016-03-01,70.99141693115234,71.07809753790589,68.93997414113035,69.344485402835,4792212,
2016-03-02,73.27399444580078,73.82297507378057,70.67357659925544,71.48259901188976,7180521,
2016-03-03,73.04285430908203,74.45863568429982,72.78281250808914,73.96744385223634,4161891,
2016-03-04,72.84060668945312,73.76520165824849,71.65597517223927,73.67852104525407,7395987,
2016-03-08,73.7074203491211,73.96746221466941,71.94491613503752,72.81172235353195,4202145,
2016-03-09,73.12954711914062,73.79409497225512,72.86950527473107,73.56295019315654,4332384,
2016-03-10,73.27399444580078,73.96743920487954,73.04284971981697,73.15842208280888,4072078,
2016-03-11,73.04285430908203,74.40084685389118,72.60945130742721,73.27399904958862,2484648,
2016-03-14,73.62073516845703,73.85188524259715,72.84060962011974,73.2451209272237,2195317,
2016-03-15,73.56295776367188,73.90968025856654,72.8117239278783,73.79410256655804,2454310,
2016-03-16,73.7074203491211,74.05414283651886,73.18733661802443,73.79410097097053,6045006,
2016-03-17,73.30290222167969,74.11191946203225,72.81171034866327,73.62072758901583,5303053,
2016-03-18,73.64962005615234,73.90966186259945,73.01395878001668,73.10063938216572,6395342,
2016-03-21,73.47628021240234,74.37197826481254,72.98508822724028,73.64964146709887,3162202,
2016-03-22,74.11193084716797,74.42976155389394,73.2740164151987,73.7363165869029,4386978,
2016-03-23,73.59185791015625,74.14083349264641,73.3029242284087,74.11194171164145,2682230,
2016-03-28,74.63199615478516,75.26765212080518,73.53404013114698,73.96744312856154,6322756,
2016-03-29,73.56295776367188,75.15210076841726,73.30291589250088,74.92095067496568,5982391,
2016-03-30,75.06541442871094,75.32545628008062,73.44737447888912,73.96745818162844,4581528,
2016-03-31,74.45863342285156,76.19224537681784,74.16969986071179,75.00760877808628,12576144,
2016-04-01,75.09429931640625,75.70106358061498,74.14081261550682,74.37196267015547,6204711,
2016-04-04,75.75885772705078,76.10558018804414,75.06541280506404,75.18098519520687,2727397,
2016-04-05,73.30290222167969,76.19225404342264,73.12954100656383,75.75885100563296,4594977,
2016-04-06,72.92727661132812,73.85187144457814,72.7250236408463,73.85187144457814,4536128,
2016-04-07,73.12954711914062,73.302908348747,72.2627409711088,72.98507766428037,9263898,
2016-04-08,76.01888275146484,76.56785809637304,73.21621190879374,73.79407902220328,9962676,
2016-04-11,77.7813949584961,78.0125450035094,75.84552986452303,76.01889107564195,4473735,
2016-04-12,78.30149841308594,78.7637986201392,76.82792774555568,77.83920349659833,4394954,
2016-04-13,79.25497436523438,79.6594856678747,78.73489067208176,78.87936012814579,4541049,
2016-04-18,80.61296081542969,80.84411085369065,78.59041517497971,80.5551719832234,5881213,
2016-04-20,81.65313720703125,81.91317904527021,80.38181978989701,80.61296985407544,3941576,
2016-04-21,81.56645202636719,82.40436633284462,81.27751843024869,81.91317445793517,5878872,
2016-04-22,83.0111312866211,83.21338427654955,80.93079667970736,81.13304966963581,5904096,
2016-04-25,81.10415649414062,83.12670223013583,79.77505032455815,83.09781045794992,3757774,
2016-04-26,81.01748657226562,81.82650391525064,80.32404162383129,80.55518641293267,6118725,
2016-04-27,81.30642700195312,81.6242577267477,80.7863432471432,81.19085459773943,2213048,
2016-04-28,79.25497436523438,81.73982044048515,79.05272135919665,81.39309797838341,7582244,
2016-04-29,80.49739074707031,81.21972736279824,78.64820096914907,79.68836823526816,4812152,
2016-05-02,80.06398010253906,81.07525021023692,77.89696517095251,80.49738308885638,2710262,
2016-05-03,78.90824890136719,81.76870910489117,78.27259284188344,79.86173563587519,5122599,
2016-05-04,80.20845031738281,80.52628096162825,78.76377711386176,78.76377711386176,7557462,
2016-05-05,80.72853088378906,81.33529508765217,80.23734434103778,80.55516968268532,4772552,
2016-05-06,80.90190124511719,81.16194307621637,79.65948092672033,80.75743708821625,3943374,
2016-05-09,82.7510986328125,83.6756883668785,80.90190858355032,80.90190858355032,8002119,
2016-05-10,81.27751922607422,82.86666195613266,80.95968856383672,82.86666195613266,5002198,
2016-05-11,81.76870727539062,82.98223581943101,80.55517873135022,81.27752067746495,5366452,
2016-05-12,81.73979949951172,82.51992483937981,80.90188533391,81.50864948714073,2931638,
2016-05-13,81.47977447509766,81.8842857572899,80.95969080823534,81.19084086814014,3152124,
2016-05-16,80.9596939086914,81.710927664228,80.38182138208134,81.479777595471,6137539,
2016-05-17,79.16827392578125,81.8264805664615,78.67708742117468,81.1908246419664,8913270,
2016-05-18,78.648193359375,79.77504112197343,78.33036803030001,79.11049340440663,6099468,
2016-05-19,78.21479797363281,78.59041745803918,77.0879501015423,78.47483979026909,5504425,
2016-05-20,79.1104965209961,79.39943009260067,78.18590168507184,78.2147934550631,5662137,
2016-05-23,78.41706085205078,79.74616178494499,78.18591079350041,79.31275873176594,2955597,
2016-05-24,80.03508758544922,81.07525481164524,78.59041440944195,78.64819795052121,5846558,
2016-05-25,81.97096252441406,82.0576431314929,80.35292276208752,80.38181453425901,2999689,
2016-05-26,81.59535217285156,82.3465859485353,80.52629299598874,81.53756862203628,9645368,
2016-05-27,80.9596939086914,81.88428889315453,80.55518261100788,81.76871121349362,3192600,
2016-05-30,82.98223114013672,84.25354844953591,79.54390398628288,81.1041548834965,11452723,
2016-05-31,82.72219848632812,85.49597816637898,80.84412202167029,83.27117924171478,49654994,
2016-06-01,83.56011199951172,83.90683445594124,81.79760794285,82.5777334698164,5578209,
2016-06-02,83.76236724853516,84.3402397882697,83.21339177465458,83.38675300751844,3890110,
2016-06-03,85.29371643066406,86.27609486993481,83.76235729220183,83.79125435462096,5230866,
2016-06-06,85.0047836303711,85.72712025796834,84.60027236782315,85.52486727197656,3080890,
2016-06-07,85.78490447998047,86.21830749134689,84.9758819983871,85.23592380520695,4160961,
2016-06-08,85.61154174804688,86.47834775531511,85.06256108306766,85.98715592100845,3645885,
2016-06-09,87.28738403320312,88.00972076714254,85.66934403536847,85.69824110231036,7092262,
2016-06-10,87.54740905761719,88.269745652657,86.70949479816481,87.25847547771409,2818471,
2016-06-13,85.9582748413086,87.05622572668764,85.61155239528055,86.68061150701215,1383117,
2016-06-14,85.6693344116211,86.189418071369,85.00478659565292,85.72712324844794,2696526,
2016-06-15,89.0787582397461,89.56995535222744,85.842684324422,85.842684324422,4583678,
2016-06-16,87.72077178955078,89.28102267118311,86.73839336834072,89.07876440022497,3753651,
2016-06-17,88.00971221923828,88.50090411332678,87.3451643931614,87.89413983439114,3636291,
2016-06-20,89.25212860107422,89.54106748625286,87.114010477913,87.114010477913,2779868,
2016-06-21,87.72077178955078,89.33880621383037,87.34515760008664,89.04987791946559,3185960,
2016-06-22,88.18305969238281,88.61646268118969,86.79617012820084,87.83633730133732,2958055,
2016-06-23,86.16053009033203,86.6228249335996,84.57138726801584,85.52487401951852,7649942,
2016-06-24,86.21831512451172,86.6517181742486,82.77998249974426,84.34023347879705,3570870,
2016-06-27,86.21831512451172,87.48962721003018,84.94699774842867,84.94699774842867,2847684,
2016-06-28,85.52487182617188,87.05622576984513,85.03367993053374,87.02733399618336,3265359,
2016-06-29,87.89412689208984,88.12527691831222,85.52485896292495,85.52485896292495,3666712,
2016-06-30,90.32119750976562,90.72570350451927,88.03860982886253,88.0963933763618,9291400,
2016-07-01,90.58122253417967,91.07240904958732,89.56995244441313,89.74331363586612,3022617,
2016-07-04,90.11894989013672,91.30359211258045,89.13657656070853,90.14784695787188,3504501,
2016-07-05,88.18305969238281,90.09003813369686,87.98080672779422,90.09003813369686,3307670,
2016-07-07,88.35643005371094,89.07876667980061,86.6806067533346,88.18306884020427,6193146,
2016-07-08,88.87652587890625,89.25213481655402,87.05622770532217,87.98082267926627,1792663,
2016-07-11,91.10131072998048,91.70807493084618,89.62774052787802,89.62774052787802,3684830,
2016-07-12,91.47694396972656,92.08370826198694,90.92796322587635,91.13022151700636,2558658,
2016-07-13,91.10131072998048,92.11258087104734,90.49454652911476,91.9392196708,3752023,
2016-07-14,91.70807647705078,91.99701534271054,90.5812286564443,90.5812286564443,3467246,
2016-07-15,90.29229736328124,90.58123625317327,82.54883140244854,82.54883140244854,24967578,
2016-07-18,89.91667175292969,90.61011649503163,89.36769113838996,90.14781647325466,3678940,
2016-07-19,90.26341247558594,90.49455724290534,89.42549285443587,89.85889590636549,3266539,
2016-07-20,90.9279556274414,91.30357511354266,89.83000481262131,90.26340784230406,3747645,
2016-07-21,89.51216125488281,91.39024794448288,89.22323298042723,91.30356734592064,3602185,
2016-07-22,90.49456787109376,90.7835068000245,89.04989438870086,89.56997811209796,4439348,
2016-07-25,91.01463317871094,91.3035720491782,90.1478271484375,90.1478271484375,2762284,
2016-07-26,91.36134338378906,91.79474634101766,90.78347630119322,91.18798220089762,2391322,
2016-07-27,91.91033935546876,92.69046480890086,90.78349147828906,91.82365874953186,3822085,
2016-07-28,91.65030670166016,92.4593187172109,90.32120041735575,91.93923502958698,9605690,
2016-07-29,91.50582885742188,92.4593155857728,90.75460041667336,91.39026176261709,3023502,
2016-08-01,92.1125946044922,92.45931705668116,90.98574663487804,91.65030505565991,4640031,
2016-08-02,92.0836944580078,92.92160339943018,91.59249733620165,92.40151979831396,2760872,
2016-08-03,91.01463317871094,92.08369747642428,90.552333102189,91.82365566734224,3387386,
2016-08-04,91.91033935546876,92.17038117327944,90.92795562780768,90.92795562780768,3007062,
2016-08-05,93.2972412109375,94.19293386827871,91.91035133517816,92.45932152357956,3142065,
2016-08-08,92.37263488769533,93.64395757839353,91.82366473506274,93.64395757839353,2541385,
2016-08-09,92.37263488769533,93.7595246730902,91.96812889399826,92.19927366452094,3574959,
2016-08-10,91.24578094482422,93.38390961098034,90.5812331600074,92.8060318509296,3919809,
2016-08-11,92.19924926757812,92.45929103352974,90.84125690576192,91.88142396956836,2147083,
2016-08-12,92.77715301513672,93.21055608032556,92.02591398138968,92.17038872387232,2793805,
2016-08-16,93.23944854736328,93.73064577351856,92.2859617427598,92.60379773171444,5136718,
2016-08-17,93.35501098632812,93.6150527996605,92.51710200374436,92.77714381707676,1653793,
2016-08-18,96.38883972167967,97.51568766806624,93.383915391692,93.47059600295252,8815767,
2016-08-19,96.35994720458984,98.2380342579436,95.83986351248508,96.88003089669462,5195581,
2016-08-22,94.56852722167967,97.5445644498626,93.78840188254576,97.02448089043996,8943697,
2016-08-23,91.88145446777344,94.53965654168454,91.15911246220986,94.30851175560142,7852124,
2016-08-24,93.21053314208984,94.51074201768722,91.36134365864238,91.73696308307947,6789516,
2016-08-25,91.67919158935548,93.32612323815304,91.3613662017184,92.86383368906814,8434987,
2016-08-26,91.24578094482422,92.3437423402434,90.87017204003276,91.82365870487494,3957362,
2016-08-29,92.19924926757812,92.45929103352974,90.61011219640264,91.30355690560695,1646781,
2016-08-30,93.47059631347656,93.78842169544453,91.79476762982968,92.45931545799152,2913315,
2016-08-31,92.02590942382812,93.7595215987268,91.62140344339475,92.63267368504266,11099280,
2016-09-01,91.73697662353516,92.83492742016688,91.30357360103204,92.28594673128678,3383041,
2016-09-02,92.45931243896484,92.92161254583787,91.15910330819284,91.9970229132208,4700020,
2016-09-06,94.5107650756836,94.77080691424604,92.7482557539394,92.7482557539394,5273948,
2016-09-07,93.18167114257812,94.53966406319378,92.77716508946794,94.30851925872092,3051766,
2016-09-08,93.32771301269533,94.64218784386004,92.91876885318526,92.94797227350654,2926024,
2016-09-09,92.772705078125,93.99954820250862,92.53902423922152,93.47375829205848,2551233,
2016-09-12,89.29666137695312,92.42218701217152,88.94613473759316,91.60429865181432,3768448,
2016-09-14,90.96163940429688,91.4874292274431,88.80005723738105,88.80005723738105,3852837,
2016-09-15,89.61796569824219,91.72111986785347,89.00454417209394,91.37059328148308,3226718,
2016-09-16,89.41349029541016,91.69191850651936,89.03375493453098,90.28981212959762,7863216,
2016-09-19,90.64034271240234,91.1369185103394,89.29665380964987,89.79322960758694,2220804,
2016-09-20,89.61796569824219,90.55270504476708,89.38427952445817,90.494276815557,3677742,
2016-09-21,89.968505859375,90.78640496534491,89.50113876211532,89.50113876211532,3328227,
2016-09-22,91.72111511230467,91.89637839640288,90.55270034979812,91.57506594129686,2877253,
2016-09-23,91.66271209716795,92.30534780635652,91.31218547346944,91.83797540901725,4637128,
2016-09-26,88.88771057128906,91.42903401875476,88.39113473840379,90.84481583006438,5557129,
2016-09-27,88.91691589355469,89.58875497713888,88.21586269425889,88.82928424364272,2940974,
2016-09-28,89.20901489257812,89.73480476424362,88.88769707702328,89.09217448174508,2364836,
2016-09-29,87.31034088134766,89.82245021494525,86.60928761137735,89.55955523870638,9046064,
2016-09-30,86.46322631835938,88.71243501249445,86.05427685187517,87.16427949026875,3917944,
2016-10-03,87.98217010498047,88.59559160969646,86.75532709554847,86.90138161763691,2458561,
2016-10-04,88.94612121582031,89.2966478018925,87.89454145760372,88.09901351660875,3592586,
2016-10-05,89.06295776367188,89.85164789672257,87.83611476565456,89.53033009056199,3460152,
2016-10-06,87.0182113647461,89.88084113695317,86.75531646636317,89.5011058443813,5083105,
2016-10-07,86.63848876953125,87.71927728285318,86.28796218698238,87.0474328834308,2824920,
2016-10-10,85.67454528808594,87.31033252912711,85.23638703626929,86.93059716042318,5757795,
2016-10-13,84.5645523071289,85.87902721345733,83.71744447351323,85.87902721345733,7622096,
2016-10-14,84.71058654785156,85.06111310549976,83.83427015373107,84.88584982667567,3912372,
2016-10-17,86.1711196899414,86.81375534802194,85.35322608256145,85.87901597629387,9453096,
2016-10-18,86.46322631835938,86.93059331676189,85.9666452053865,86.46322631835938,10349815,
2016-10-19,87.07665252685547,87.74849162032669,86.25875354989957,86.72612592204909,8062418,
2016-10-20,87.04742431640625,87.57321413848241,86.66768900555479,87.48558250146972,3200011,
2016-10-21,87.33955383300781,87.63165757538847,86.6969181117137,86.6969181117137,1824866,
2016-10-24,88.42032623291016,88.80006156303219,87.45637817685265,87.54400981831243,1329955,
2016-10-25,88.8000717163086,89.12138955460377,87.3687565250147,87.98217808537088,2033961,
2016-10-26,88.71244049072266,89.32586205402376,88.27428223122186,88.47875965139662,1938522,
2016-10-27,88.62480926513672,89.26744494790354,87.92375604656316,88.62480926513672,3302029,
2016-10-28,88.94612121582031,90.5234908531452,87.77770104511673,88.74164915681527,7337786,
2016-11-01,90.5527114868164,91.45823143454498,88.04060232290958,88.62480977601415,4078814,
2016-11-02,91.42901611328124,92.07164101887538,89.47190588917475,89.939278209152,8157837,
2016-11-03,89.41349029541016,91.89638522167198,89.09217781643984,91.60428685796175,4332021,
2016-11-04,89.6763916015625,90.84481188233276,89.26744744502938,89.73481448761513,2394276,
2016-11-07,90.61111450195312,91.66269416735295,89.58874359994414,90.05611055725159,4567302,
2016-11-08,90.05612182617188,91.48744233781088,89.70560057578787,90.78638913982,4490103,
2016-11-09,90.02690887451172,91.13690608804866,85.06111413171571,86.28795709828559,8218180,
2016-11-10,90.43585968017578,91.34139026467808,89.99770144529121,90.8448038003272,4426790,
2016-11-11,88.62480926513672,89.9684928178655,88.09901935120655,89.9684928178655,3641463,
2016-11-15,87.71929931640625,89.12140599878637,87.04745474822826,88.44956143060838,4077310,
2016-11-16,87.71929931640625,88.68324766054258,87.1935093105137,88.39114388458422,3384367,
2016-11-17,88.6832275390625,89.20901742565773,87.16428076065783,87.63164776587205,6488716,
2016-11-18,92.9187469482422,93.4737401701936,88.88768640101952,89.20900417798197,13243760,
2016-11-21,90.49427032470705,93.38611445484077,90.2313754037858,92.88953872550788,9888339,
2016-11-22,90.02690887451172,91.19532361595428,88.2450619525625,91.13690608804866,10578529,
2016-11-23,93.38612365722656,94.05797343060026,88.18664760284703,90.20218087713396,10153308,
2016-11-24,91.72111511230467,93.47374795328643,90.64033199184722,92.77269481689376,5111353,
2016-11-25,94.3500747680664,94.90507879459454,90.84480869993736,92.27612924349776,5798672,
2016-11-28,96.01508331298828,96.36560994594988,93.53219346099294,93.53219346099294,4603195,
2016-11-29,95.22638702392578,96.51165832287542,94.75902536723738,96.1027035017448,6154771,
2016-11-30,95.31402587890624,95.81061238536832,94.49613756924538,95.3432399961168,9674742,
2016-12-01,94.5837631225586,96.36559951577284,94.14560487878089,95.31401973070628,3768108,
2016-12-02,94.43770599365234,95.1971874364688,93.3569227590046,94.61296929626798,3513333,
2016-12-05,94.90506744384766,95.3432256499596,93.79507022077134,93.79507022077134,3422251,
2016-12-06,95.28479766845705,96.71610718658825,94.81742540080282,95.22636944923735,5353840,
2016-12-07,95.31402587890624,96.86219223826666,94.93429584128636,95.72298073096012,3689476,
2016-12-08,95.2555923461914,96.48243530189212,94.23322678218136,95.78138218434886,4154828,
2016-12-09,95.83981323242188,96.04429065295936,94.11639430773572,95.4892866241994,2481586,
2016-12-12,96.6576919555664,98.147429728227,95.54769482795176,95.75216150840497,3724072,
2016-12-13,96.27796936035156,97.56324069351678,95.25560367475356,97.18349997727849,3550705,
2016-12-14,95.54772186279295,97.21272337393084,95.25561276878186,96.45324186894672,3354277,
2016-12-15,93.59059143066406,96.13190898823828,93.327696510915,95.05111519686272,3354172,
2016-12-16,93.4737548828125,94.75902619296193,93.21085993717594,93.73664982844906,4329195,
2016-12-19,93.41534423828124,94.20402913335116,93.03560350083974,94.05797994074604,3143113,
2016-12-20,94.55455017089844,94.93429088592012,93.76586532239234,93.99954615620874,2882146,
2016-12-21,95.60612487792967,96.33639215340106,94.08717279594929,94.84665418555063,3838824,
2016-12-22,93.76585388183594,95.86901322124162,93.47374485228907,95.4308550255321,2898685,
2016-12-23,94.0871810913086,94.55455347248363,92.24691638053736,93.53218775446294,3019249,
2016-12-26,93.4445571899414,94.72981788161349,93.09403057428328,93.53218884385596,2883518,
2016-12-27,93.70743560791016,94.32085707701413,93.1816457772496,93.41532658069156,3137931,
2016-12-28,93.91191864013672,94.8174492940216,93.47376037168006,93.70745191300584,2598544,
2016-12-29,95.54772186279295,95.95666603662936,93.76587457460587,93.76587457460587,5976016,
2016-12-30,96.2487335205078,96.65767751755008,95.22635748207324,95.34320320860786,4244060,
2017-01-02,96.27796936035156,97.65087234363156,96.04428852578648,96.4240292420248,3152186,
2017-01-03,96.6576919555664,97.12506423429826,95.95663888607908,96.33637953112502,2448501,
2017-01-04,96.30718231201172,97.8553378795849,96.01507324941907,96.42402807649331,3729337,
2017-01-05,96.3948211669922,97.15429194983942,95.83981711574408,95.83981711574408,6652960,
2017-01-06,95.81060791015624,97.1542860835045,95.57691637783424,96.42402946236136,4947444,
2017-01-09,95.2555923461914,95.98585957603952,94.1163810301836,95.81059629665371,4569656,
2017-01-10,94.81744384765624,95.69376033423347,94.46691725302536,95.43086538826032,2423820,
2017-01-11,96.10269927978516,96.27796256764934,94.55454380272562,95.22638284046424,2763603,
2017-01-12,101.47746276855467,101.85720352945762,96.10271736360372,96.39482646408476,12138549,
2017-01-13,99.9001007080078,102.23694160327216,99.69562325192813,102.17852405748869,6432948,
2017-01-16,99.69561767578124,101.15615251370312,98.73166938953152,98.93614683417448,5560533,
2017-01-17,102.6458511352539,102.9379494322584,99.46189839903089,100.0753197988487,7873125,
2017-01-18,100.92243957519533,102.9671814969029,100.48428135605955,102.82113232293167,6211531,
2017-01-19,101.74034118652344,102.23691694899708,100.3382348480356,101.06850213173884,7877224,
2017-01-20,99.57877349853516,101.71113662375394,99.19903276379246,101.47745577780182,4372642,
2017-01-23,99.08219146728516,100.74719297580005,98.84851061077876,99.31588302101548,4522695,
2017-01-24,100.6887664794922,101.76956040199012,99.14061088555432,99.14061088555432,7209640,
2017-01-25,100.10456848144533,101.36061512626124,99.57877852857614,100.80562175193757,13115185,
2017-01-27,103.69747161865234,104.13562993436886,100.13377685267494,100.19220509292016,6091371,
2017-01-30,102.6458511352539,103.93111145484636,101.94479810689069,103.31769005502856,5516523,
2017-01-31,100.6887664794922,103.81429178329158,100.33823987730077,102.82114020856446,7441196,
2017-02-01,99.84164428710938,101.2437504177781,98.906899735183,100.86400977498172,10397133,
2017-02-02,100.80560302734376,102.8211308056256,100.3382307014218,100.89323466987774,7142464,
2017-02-03,100.45508575439452,101.44823733021532,100.16297668650569,100.7763982410162,4129434,
2017-02-06,101.41900634765624,102.17847688108957,100.54269007937933,100.77637085184648,6082885,
2017-02-07,101.0685043334961,102.52902823549734,100.68876362614226,100.95165857033584,6618921,
2017-02-08,100.42587280273438,102.38298325555604,99.46192463447078,101.88639676466543,10220055,
2017-02-09,98.2642822265625,101.6234879506089,97.79690991570509,100.42585910698747,7504140,
2017-02-10,99.52033996582033,100.2798213948721,98.52718840048009,98.87771499935847,4783242,
2017-02-13,100.77642059326172,101.12694727358613,99.87088977001528,99.87088977001528,7380872,
2017-02-14,99.81246185302734,101.01009098730762,99.25745776776368,101.01009098730762,5174097,
2017-02-15,100.2930145263672,101.21259325843371,99.84805882749244,100.1150322468173,4591172,
2017-02-16,101.03459167480467,101.36088883724376,100.32266269262914,100.55996873229628,4049570,
2017-02-17,100.70828247070312,101.42021144454768,100.1743357403197,101.27189652938809,3268471,
2017-02-20,101.9245147705078,102.3991269051054,100.559980441395,100.85662117290008,7358422,
2017-02-21,102.33980560302734,102.6661028114277,101.1829208440366,102.01350839462698,2167004,
2017-02-22,98.89881896972656,103.22971728055327,98.45386329179314,103.1407261449666,8138626,
2017-02-23,98.18688201904295,99.31409935844492,97.32662720183832,99.31409935844492,8046589,
2017-02-27,98.12754821777344,98.75048612243349,97.05965466692764,98.57250386395918,8850588,
2017-02-28,96.67401123046876,98.57248097117132,96.25871214836246,98.48348986260176,16850186,
2017-03-01,94.8941879272461,97.4749300449824,94.33057395863705,96.97063986032134,11781903,
2017-03-02,92.5210952758789,95.4578021661632,92.1058070134622,95.4578021661632,16388160,
2017-03-03,92.61009979248048,93.26270503913072,91.77952314748028,92.52110866171792,9776836,
2017-03-06,93.97461700439452,94.33058146274452,92.6100829596619,93.08470585851958,5028422,
2017-03-07,93.38136291503906,94.9535359275833,93.14404599237857,94.92386859645696,4820226,
2017-03-08,93.20338439941406,94.06362840489037,92.6990940658801,93.50001426989526,3653134,
2017-03-09,93.9153060913086,94.47890931884938,92.3134658091249,92.93640369664078,5600349,
2017-03-10,93.20338439941406,94.59757520756712,92.78808519965956,93.94496993879255,2902393,
2017-03-14,94.6865463256836,95.48746636039331,93.79663517600612,95.19082568944307,5506806,
2017-03-15,94.1229476928711,94.9238678584797,93.91530896612628,94.6272380022228,3038296,
2017-03-16,95.66545867919922,95.813773598729,94.36025914308377,94.5975651869663,3935551,
2017-03-17,94.8941879272461,96.02140500129188,94.18225906718092,95.93241389378372,7716466,
2017-03-20,95.7544403076172,96.02141365419976,94.38990624847072,94.38990624847072,2691794,
2017-03-21,96.19940948486328,96.43671553875996,94.92386636092216,95.78412117475038,3637201,
2017-03-22,95.36882019042967,96.11041653163944,95.07219034448548,95.69512822941276,2992011,
2017-03-23,97.5342788696289,97.77158492951854,95.57647400180788,95.75445626251889,6384273,
2017-03-24,97.65293884277344,98.21654210163248,97.0003335890061,97.8012537746034,4581844,
2017-03-27,96.91133880615234,97.86057388781732,96.70368921887336,97.29697065019197,3264932,
2017-03-28,97.8309097290039,98.09788309315536,97.23762834432912,97.35628679389886,1686946,
2017-03-29,97.26729583740234,98.4538477455894,96.94099867949988,98.4538477455894,4597850,
2017-03-30,96.76300811767578,98.186865939821,96.46636745033784,97.32661126349286,9615726,
2017-03-31,98.48350524902344,98.92846086138826,96.76301745666218,97.05964728945598,3814359,
2017-04-03,97.68257904052734,99.254762681387,97.3266145728872,98.4834990927177,3542816,
2017-04-05,98.78014373779295,99.67005494263796,97.712250291979,98.42417925585498,6131202,
2017-04-06,99.49208068847656,99.69973027400091,97.89024039116656,98.78015166744989,5319375,
2017-04-07,99.81838989257812,100.4413278610139,98.48352281735862,99.07680431512912,7405474,
2017-04-10,98.92845916748048,100.2336695168515,98.03854795798836,99.69972279115623,2686148,
2017-04-11,99.0768051147461,99.6107519491432,96.88168310899606,99.10646158565072,17414233,
2017-04-12,97.8605728149414,99.81837761784408,97.47495183830434,99.31409818360922,8425531,
2017-04-13,97.68257904052734,98.15720195177204,97.41560568979725,97.89022860104193,4090750,
2017-04-17,94.50857543945312,97.89023821412285,93.97462868555792,97.71225596282444,9580728,
2017-04-18,95.93243408203124,96.97066026705564,94.92386436363569,95.22050507214604,5073410,
2017-04-19,97.8309097290039,98.4241802505047,95.57646436622248,95.93242885175776,5434806,
2017-04-20,97.11898803710938,97.8309170615398,96.82234732253842,97.77158240072072,2381107,
2017-04-21,99.19544982910156,99.37343210203844,97.26731216001052,97.3266359632642,9538297,
2017-04-24,98.809814453125,99.93703173018116,98.33519150654512,99.19543541299528,2517796,
2017-04-25,98.15721130371094,99.07678988711876,97.0299940031792,99.04712255759772,3704083,
2017-04-26,98.2461929321289,98.75047230619374,97.53426399783812,98.15720181534256,4119194,
2017-04-27,97.35628509521484,98.75047568484402,96.70367992872887,98.03854672619528,4868335,
2017-04-28,97.59359741210938,98.00889657351578,96.94100306676988,97.29696756901852,3063996,
2017-05-02,96.16974639892578,98.24620976748542,95.69513427018524,97.6825956435338,4025983,
2017-05-03,96.16974639892578,97.62327184323506,95.72479073874696,96.7036931911404,3870368,
2017-05-04,96.49606323242188,96.91135159862382,96.19942247760548,96.46639589798735,3344888,
2017-05-05,94.74588775634766,96.3477281240308,94.5975728248428,96.31807165563497,2507920,
2017-05-08,95.27982330322266,95.72477890841076,94.56789433492168,94.56789433492168,3692730,
2017-05-09,95.66545867919922,95.84344092790472,94.83487123084883,95.72478247437628,3186598,
2017-05-10,96.22907257080078,96.67402819171512,95.63579116746544,95.7247822916483,2730601,
2017-05-11,95.07219696044922,96.37739661768504,94.77555623068751,96.28840548507408,4567666,
2017-05-12,94.24160766601562,95.87311535431697,93.73732821174438,94.95353671353983,2748128,
2017-05-15,94.77554321289062,94.92385812581216,93.61865864785064,94.33058761095218,2060881,
2017-05-16,94.8941879272461,95.45779103268283,94.56787995760136,94.7755294961778,5617327,
2017-05-17,94.27125549316406,95.991743093271,94.03393861763884,95.22049040574628,8423958,
2017-05-18,93.6186752319336,94.53825392656314,93.32203449036822,93.73733370119488,6185143,
2017-05-19,94.3899154663086,95.33916136675158,93.79664492591247,94.56789771474486,2852978,
2017-05-22,93.85597229003906,95.07219160938534,93.58899890723254,94.50857751351327,3324104,
2017-05-23,93.1144027709961,93.97464686428832,92.01684172128232,93.73734077104343,2820800,
2017-05-24,92.81774139404295,94.24159936365436,92.313461984197,93.20337321520412,2830014,
2017-05-25,92.75841522216795,93.23302729109064,91.83883668597268,92.93639746380744,5992188,
2017-05-26,92.55077362060548,92.90673813453088,92.25413290460934,92.69908854701607,3186957,
2017-05-29,92.847412109375,93.61866491665424,90.85993999990876,93.08471815857447,8203143,
2017-05-30,95.66545867919922,97.00032554449038,92.78807537073573,92.84741002908711,5871019,
2017-05-31,95.04253387451172,96.52571586323012,94.80522779800602,94.98321007117926,6385513,
2017-06-01,95.30949401855467,95.87310809288157,94.65688882002748,95.04252064595369,2350266,
2017-06-02,96.46638488769533,96.94100786859472,95.39849132805293,95.48748245802314,5955807,
2017-06-05,96.46638488769533,96.76302560865432,95.81377964685552,96.2587352967065,2986412,
2017-06-06,93.796630859375,96.70367019347832,93.5889813129488,96.70367019347832,5236093,
2017-06-07,93.64833068847656,94.03395165411337,93.11438393928,93.55933956361048,10697568,
2017-06-08,93.64833068847656,93.91530406307484,93.02539281441392,93.79664560886192,1812870,
2017-06-09,93.6186752319336,94.65690153264865,92.75843120352258,93.73733370119488,2940114,
2017-06-12,93.7076644897461,94.21194396344086,92.43212127607627,93.7373318222607,3738913,
2017-06-13,94.92386627197266,95.10184852802207,93.7966489380512,93.88564006607592,4090297,
2017-06-14,94.8941879272461,95.10182660265023,93.97460952860446,95.10182660265023,2630623,
2017-06-15,94.36027526855467,96.40707147845008,93.88565223650572,94.6569051583061,6250599,
2017-06-16,95.27982330322266,95.66545511544368,94.36025562794988,94.36025562794988,5082594,
2017-06-19,95.48748016357422,95.93243580273348,94.53824508775944,95.57647129140608,3415876,
2017-06-20,94.30091857910156,95.39847933177504,94.12293634154229,95.07218218397423,2603080,
2017-06-21,94.80520629882812,95.51713523007544,93.61865445902475,94.47889829655747,4094097,
2017-06-22,94.30091857910156,95.39847933177504,93.91529763983893,94.95352373787682,5139614,
2017-06-23,93.64833068847656,95.45780965197083,93.2923661890122,94.27126856253922,4643132,
2017-06-27,93.677978515625,94.21192521558076,91.95749083566092,93.44067249225802,3746638,
2017-06-28,94.71621704101562,94.98319039547214,93.29235915058094,93.6779800871246,5058873,
2017-06-29,94.1229476928711,94.86454405986332,93.64833557759007,94.33059728279092,10103880,
2017-06-30,94.30091857910156,94.8348652917794,93.173701362284,93.91529763983893,6122950,
2017-07-03,92.99571990966795,94.2712629106671,92.13547604192831,94.2712629106671,8945122,
2017-07-04,93.7669906616211,94.77556049767848,93.61867572165048,94.38992861794388,5282948,
2017-07-05,94.33060455322266,94.98320984100168,93.61867546225494,93.85598153818556,5059808,
2017-07-06,93.7669906616211,94.12295520809124,93.14405270529832,93.79665799488556,5379126,
2017-07-07,94.36027526855467,94.68657249255172,93.5000203440174,93.67800262313877,4768952,
2017-07-10,94.95352172851562,95.45780110320436,93.73731341865523,95.1611712889985,1170691,
2017-07-11,96.88167572021484,97.71226324254567,94.86454700961175,94.95353814189092,5956020,
2017-07-12,97.32662200927734,97.53427158565768,96.52570189589146,96.94100104865218,4097499,
2017-07-13,97.23763275146484,98.60216696225334,97.0003267047438,97.89023795891578,3014683,
2017-07-14,99.2547607421875,99.84803122227218,96.91132442161712,97.29695620841746,4127641,
2017-07-17,99.996337890625,100.2633112141507,99.34374367523264,100.14466364580971,4854055,
2017-07-18,99.4030990600586,101.95417467479976,98.60217883486564,99.55141399922093,4280904,
2017-07-19,99.55139923095705,101.2125741011163,98.95812869914252,99.7293814768188,4443198,
2017-07-20,98.15721130371094,100.14468339178288,97.80124680215624,99.61073663945083,3079837,
2017-07-21,97.7715835571289,98.83947710640524,96.05109563652258,98.12754807355437,4679146,
2017-07-24,97.32662200927734,98.78014731759129,97.17830709081952,97.3562893382386,4095321,
2017-07-25,97.23763275146484,98.3055262564712,97.089317830161,97.3562912064126,5238774,
2017-07-26,98.69115447998048,99.165777419247,97.29696385380105,97.29696385380105,4710169,
2017-07-27,98.12754821777344,99.19544176861923,97.44528651468026,99.07679417175302,13313542,
2017-07-28,97.23763275146484,98.3945173818884,95.99175699562409,97.83091416302914,5825488,
2017-07-31,97.41560363769533,98.92845259329714,96.08073691216428,98.30551478804932,11319219,
2017-08-01,98.00889587402344,98.4835079648513,96.76302012504506,97.65293137431532,7131372,
2017-08-02,101.95415496826172,102.60676012815144,98.39451021099714,98.39451021099714,22272063,
2017-08-03,102.3694839477539,103.37804301427336,100.88629095763984,102.04317584107685,7242470,
2017-08-04,105.21720123291016,105.7214807692804,100.61931814364335,102.2508260975616,9251462,
2017-08-07,103.4966812133789,106.28507349424156,103.11104937341156,105.18751263474968,4356682,
2017-08-08,101.53884887695312,103.02203031106608,100.50062295939124,102.22111038127416,4508409,
2017-08-09,103.0220718383789,104.03064170349778,101.15325791556158,101.44989866722624,3248853,
2017-08-10,102.42878723144533,103.37802229889164,100.50064976647866,103.02205779070243,2957564,
2017-08-11,100.17431640625,102.51775244725322,99.34374000585215,100.55994814704523,6021926,
2017-08-14,101.89483642578124,102.9923972368696,100.0853466265652,100.8566102724864,4955436,
2017-08-16,100.91593933105467,102.93306794824208,100.648965946581,101.74652681492,6909514,
2017-08-17,104.890869140625,105.27650097036582,100.44131288659432,101.44988259189942,6198212,
2017-08-18,102.87374114990234,105.98843054457932,102.42878552209136,105.24683421050284,9086977,
2017-08-21,102.04315185546876,103.88230899280144,101.83551314167342,102.75508084716544,4958263,
2017-08-22,99.49208068847656,103.14071692123822,99.19543997532386,103.11104959097052,5514501,
2017-08-23,101.00492095947266,101.5092003505472,99.43274813094116,99.67005416265144,5016500,
2017-08-24,100.26332092285156,101.80583722920028,99.81836534055611,101.44987276336391,5959692,
2017-08-28,102.81438446044922,103.22967262581793,100.67859813025989,100.67859813025989,6243884,
2017-08-29,99.9073715209961,100.20401224164486,98.54284810499684,98.63183923487396,26027901,
2017-08-30,99.6404037475586,101.65754338058548,98.335204056852,98.48351899394856,24858153,
2017-08-31,100.1150131225586,100.38198649088542,97.14863874231362,97.29696452238908,100020078,
2017-09-01,99.81838989257812,100.20402177981134,98.92847850909844,99.34377773017302,6407655,
2017-09-04,99.81838989257812,100.38200405650728,98.98781317678116,99.07680431512912,5787289,
2017-09-05,100.55998229980467,100.70829723671046,99.40309754768305,99.90737702370316,3431329,
2017-09-06,100.82695770263672,101.00493997572168,100.11502861029685,100.23368708007877,2789814,
2017-09-07,102.2211456298828,102.58171404480304,100.86901407393198,100.95915617766204,5341582,
2017-09-08,100.80891418457033,102.22113668487096,100.087777417834,101.68028410981874,3959727,
2017-09-11,102.4915771484375,102.94228768998735,100.2079734033598,100.65868394490964,13794789,
2017-09-12,102.3713836669922,103.27280474713498,101.71034887733768,102.4314857414519,4997685,
2017-09-13,101.5300750732422,103.00238898601135,101.31973979841383,101.98078565953406,5065327,
2017-09-14,101.34976959228516,102.16104847753824,101.01924122917708,101.53005378900804,7281802,
2017-09-15,100.56851959228516,101.07933209550748,100.29809332716964,100.95913897645408,6626685,
2017-09-18,100.95915985107422,102.3713825263374,100.77887563705444,100.95915985107422,3664866,
2017-09-19,101.56008911132812,101.92065748805908,100.2680597638246,100.95914548466774,2329150,
2017-09-20,100.83895874023438,101.8004818081567,100.14787297565056,101.56009553933896,4668108,
2017-09-21,101.07933807373048,101.25962226113684,100.38824135289036,100.41829238534925,3728936,
2017-09-22,99.75724792480467,100.95914619019828,98.8858780095067,100.62862884377635,6742154,
2017-09-25,99.90750122070312,100.89906435430998,99.03612022205336,100.35821173597895,5028435,
2017-09-26,100.32816314697266,100.62864049904212,98.64551418346856,100.29811211066324,4261666,
2017-09-27,99.15630340576172,100.62862794240512,98.8558260911864,100.50843481584027,3760716,
2017-09-28,99.7873077392578,100.0577340474943,98.61546040356644,99.1563130200394,6199570,
2017-09-29,100.62864685058594,100.92911321794548,99.30655522097162,100.05774314672176,4245489,
2017-10-03,101.19953155517578,101.53005993830271,100.71878100391352,100.95915627954466,5038693,
2017-10-04,100.98918914794922,101.68027481836276,100.47837664907271,101.19951334991218,6354854,
2017-10-05,102.82211303710938,103.12259045340916,100.83898629762074,100.86903734035393,13895436,
2017-10-06,105.7967758178711,106.9686231339588,102.8521375120038,102.91222857827064,18944218,
2017-10-09,105.1056900024414,106.72824782409144,104.6549794964275,105.13574103740048,6961627,
2017-10-10,105.4662628173828,105.67659806354274,104.74512597760584,105.10569439749432,5929921,
2017-10-11,105.07563018798828,106.51790368672498,104.71506181330412,105.82681796980484,5036053,
2017-10-12,106.18739318847656,107.50947364630473,105.16577905980184,105.16577905980184,19542392,
2017-10-13,105.67657470703124,107.20899015286469,105.04558011168808,106.96860392361896,6797923,
2017-10-16,105.43622589111328,106.45784021873928,105.10570846320915,105.7667543226938,2658920,
2017-10-17,105.70663452148438,106.0672029291798,104.41460506302546,105.5864523880356,23635226,
2017-10-18,106.9986572265625,108.17050435709773,105.16576445706522,105.94700321320386,8205376,
2017-10-19,105.19583129882812,107.26909961063022,104.68502973047848,107.20900854484626,556915,
2017-10-23,106.33763122558594,106.90853488301585,104.35450494613708,105.19583491440092,6443756,
2017-10-24,109.1620864868164,109.91327434468054,105.91697078613484,106.36768130011838,14176243,
2017-10-25,110.18368530273438,111.38557250346544,109.25221336904563,109.31230442798024,10983906,
2017-10-26,110.96491241455078,111.2353386836358,109.67287212769804,110.12358257617306,11019600,
2017-10-27,109.34239959716795,112.97813570563684,108.92174000747316,110.87481574980758,7227376,
2017-10-30,109.73297882080078,110.06349616240632,109.4325015079126,109.4325015079126,5224491,
2017-10-31,108.92169952392578,110.09354673451485,108.23060280753964,109.97335360912736,9992200,
2017-11-01,108.62122344970705,110.87477580343538,108.20056401156891,108.89164973215443,9539526,
2017-11-02,108.3207778930664,108.6813463753775,106.307611202614,106.42779336093314,7958055,
2017-11-03,109.34239959716795,110.51424724330414,107.56960810808523,107.56960810808523,10815914,
2017-11-06,107.71981811523438,109.31232500804208,107.35924968639677,109.31232500804208,4282537,
2017-11-07,107.20901489257812,108.65128858618375,106.45782700926684,107.99024280872284,10390363,
2017-11-08,105.97705841064452,107.68975830814286,105.67659208019964,106.90853044384208,7184114,
2017-11-09,106.9986572265625,108.02027121338156,106.09723635692002,106.09723635692002,5041654,
2017-11-10,106.09725189208984,107.2090081286608,105.49630822555994,106.87847975894616,6573186,
2017-11-13,106.33763122558594,107.53952960829504,105.9169717432914,106.99867698662716,5605167,
2017-11-14,106.3977279663086,109.2822751373473,105.9169664365774,106.66815426359348,11136588,
2017-11-15,104.68502807617188,106.33762589034758,104.294408645563,106.03715956250156,8244417,
2017-11-16,106.03716278076172,107.20901010448004,104.62492918306177,105.46625913464848,8639272,
2017-11-17,106.6981964111328,108.200572094973,105.8268264371511,107.02872478348836,8639323,
2017-11-20,108.4409408569336,108.86160030126098,106.45781475647428,106.45781475647428,5624824,
2017-11-21,109.9433364868164,111.65603678438907,108.53111359355228,108.65130675601108,12956512,
2017-11-22,109.28227996826172,111.17526413293682,108.861609484773,110.6043604788734,7199913,
2017-11-23,108.41088104248048,109.67287027691384,107.53951119135792,109.3123019242186,6313909,
2017-11-24,108.35079956054688,109.22216948867774,107.62966279142508,108.17051536826642,4985976,
2017-11-27,111.98653411865234,112.28700043580989,107.93013980396152,108.1705150584223,12239492,
2017-11-28,109.85317993164062,111.74616422233278,109.58275360439887,111.74616422233278,21490923,
2017-11-29,109.37242126464844,110.814694903287,109.13203498909228,110.45412649362736,14803374,
2017-11-30,108.86161041259766,110.00341773045608,108.1404735818133,108.77146830874962,21081258,
2017-12-01,108.95172882080078,110.394002168693,108.47097837395164,109.8531496632334,5247830,
2017-12-04,108.29071807861328,109.5226565002998,107.96018969440668,109.31232125613876,10381372,
2017-12-05,106.4277801513672,107.90010493928828,105.94702957040656,107.90010493928828,9543513,
2017-12-06,105.55642700195312,106.81841673553753,104.9855232164868,105.79680233093391,10349719,
2017-12-07,108.35079956054688,109.04188529639728,105.22587722891043,106.367673445462,13097042,
2017-12-08,108.41088104248048,109.16206877848654,106.99865866231504,107.0287096929306,13832593,
2017-12-11,107.178955078125,109.37241647539769,106.7883356502068,109.13203021036766,8522901,
2017-12-12,105.70663452148438,106.87848184649452,105.10569084321683,106.78833974457066,9448897,
2017-12-13,105.7967758178711,106.36767946026684,105.3761163466542,106.18739525779182,8234570,
2017-12-14,106.54796600341795,106.90853441628909,104.29441342297342,105.8268291776757,8551278,
2017-12-15,106.63810729980467,107.3291930846873,105.82682837698285,107.02872674535118,6455800,
2017-12-18,106.8183822631836,107.11885958019772,104.47468780002514,105.4061597801973,6610290,
2017-12-19,108.20057678222656,108.38086099180336,106.33763261414984,106.8784852428802,7419950,
2017-12-20,107.23902130126952,108.41086830989865,106.78831091333528,108.2906862088972,5873828,
2017-12-21,108.23062133789062,108.3808655212669,107.26910918118912,107.47944443571068,6576799,
2017-12-22,108.02027893066406,108.56113149108964,107.68975058573275,107.87003477254127,3793356,
2017-12-26,107.23902130126952,108.47097036407092,106.30756050198644,108.47097036407092,11741056,
2017-12-27,106.66817474365234,108.35082391526518,106.12732204524004,107.23906747841446,7842159,
2017-12-28,105.85687255859376,107.38928820248414,105.496304171796,106.90852668552918,17995456,
2017-12-29,106.36768341064452,107.1188712834136,105.6465465739622,106.3376323745578,8900653,
2018-01-01,106.09725189208984,106.57801342751836,105.58645032572312,106.39772922719196,6689762,
2018-01-02,107.5094757080078,107.7198109453882,106.09725312361668,106.2474862910744,10171537,
2018-01-03,106.3977279663086,108.35080311214132,106.21744376811868,107.87004158241014,12409998,
2018-01-04,106.4277801513672,106.90854173600326,106.09726275149733,106.63811540783462,8712321,
2018-01-05,106.66817474365234,107.1188853256626,106.0672199651878,106.54798158722416,12431070,
2018-01-08,106.75831604003906,107.26911769450174,106.30760546149072,106.72826500024377,7290126,
2018-01-09,106.18739318847656,107.20900731715128,105.61648955720624,106.9085299843236,7868696,
2018-01-10,104.53478240966795,106.24748226779413,104.2042650523069,105.88691387660968,9836607,
2018-01-11,104.26435089111328,105.10568076293876,103.96388458263336,104.56482820326671,6643371,
2018-01-12,103.6634292602539,104.62494145796433,103.2427697369448,104.38456615945567,8369301,
2018-01-15,103.93384552001952,105.40617021435835,103.24275972651752,103.9638965557978,5463837,
2018-01-16,104.1141128540039,104.92539165546368,102.5216062819924,104.3244480630141,10138000,
2018-01-17,104.71505737304688,105.07562573244178,102.67184033770008,104.08406274410578,7596332,
2018-01-18,103.45305633544922,105.0756137679733,103.15259007261488,105.0756137679733,8280381,
2018-01-19,103.81365203857422,104.23432252338502,102.28123628140207,103.39299255743816,3836697,
2018-01-22,103.6033172607422,104.14416982590208,103.03241366296,103.96388563751546,5422626,
2018-01-23,103.78360748291016,105.91696683495688,103.42303908517412,103.42303908517412,6478592,
2018-01-24,104.56482696533205,104.98548639442788,103.12255348994816,103.7535481354286,11677422,
2018-01-25,103.33290100097656,105.46626043591984,103.00237262109228,104.29441309774296,13565392,
2018-01-29,102.79205322265624,103.8136564349178,102.46152482721118,103.3629458990156,12918822,
2018-01-30,102.3413314819336,103.66341190794064,102.04085415633809,102.79204196848984,9204885,
2018-01-31,102.311279296875,102.73193874503548,101.40985833390694,102.16104613760494,7820538,
2018-02-01,101.59016418457033,102.0408747621416,100.59860091391346,101.71035733981472,11024756,
2018-02-02,99.27650451660156,101.28967077551094,99.03611824413888,100.65867606672676,4803742,
2018-02-05,99.90750122070312,100.59858700956784,97.3534712995818,97.3534712995818,7129994,
2018-02-06,99.33660888671876,99.75726841435431,96.90277182688082,97.35348239351748,4853142,
2018-02-07,101.09638214111328,101.58521697191556,97.06352555524838,100.51589147881404,11374195,
2018-02-08,100.02706909179688,101.27969507515658,99.59933441380583,101.09638340986216,7486767,
2018-02-09,99.75210571289062,100.24092938155646,98.07174498215323,99.2632708557682,4518222,
2018-02-12,100.76031494140624,101.00472676367814,99.0493986201349,100.0881684445885,10466476,
2018-02-14,99.56878662109376,101.24913603817063,99.07995180039472,100.82141256284382,4921964,
2018-02-15,99.7215347290039,100.42422563762162,99.38546710983108,99.87429070345432,2581964,
2018-02-16,99.47713470458984,100.08816986315792,99.01885553854974,99.90485819674188,7340724,
2018-02-19,99.5382308959961,99.99651004376771,98.65222827312289,99.81319838465906,2634882,
2018-02-20,100.33257293701172,100.88250788828972,99.04939138402972,99.2021585516882,6225978,
2018-02-21,99.1716079711914,100.821412909714,98.68277314881055,100.821412909714,9316350,
2018-02-22,98.22450256347656,99.17161661802648,97.85787921183876,98.92720477975354,5934736,
2018-02-23,99.93543243408205,100.21039998478254,98.285627129879,98.40782747121814,4571212,
2018-02-26,99.56878662109376,99.99651009642056,98.68277280929824,99.96595442373444,3486711,
2018-02-27,101.15747833251952,101.43244581622778,99.32436177446448,100.21037556982812,3844933,
2018-02-28,99.75210571289062,100.94363158650556,99.32437101723728,100.21038489505024,5257828,
2018-03-01,99.5993423461914,100.05762154592612,98.98830714269748,100.02707705824848,2576112,
2018-03-05,99.78265380859376,100.88252388555972,97.7967810102242,98.68278373162778,3945470,
2018-03-06,99.81320190429688,100.79086039119883,99.11051091575384,100.39369257476226,6137704,
2018-03-07,99.90486145019533,100.63810813973802,98.9272029269572,99.59933826673364,3130801,
2018-03-08,101.0047378540039,101.4324613870578,99.14106533773828,100.2103909530589,5446693,
2018-03-09,100.45480346679688,101.00473852227204,99.32437767883437,100.88252700268067,4485285,
2018-03-12,104.57929229736328,105.55695066355922,100.27146868826944,100.6991921256449,3493401,
2018-03-13,103.50997924804688,104.33488165034946,102.22679773335396,103.50997924804688,3752316,
2018-03-14,103.69332122802734,103.96828877590208,102.74620705586162,103.44889817094436,4448883,
2018-03-15,103.81549835205078,103.96826552567916,102.22680477857864,103.2655633792822,4383296,
2018-03-16,100.72976684570312,103.54054217287648,99.99652013527034,102.53232794603142,14854449,
2018-03-19,102.04351806640624,102.5934531736112,99.99653366010166,100.8214363209091,6026004,
2018-03-20,101.67689514160156,102.22683025140267,100.60756941357155,101.67689514160156,3780434,
2018-03-21,104.09048461914062,104.39600783306628,101.21860892437866,102.349023557834,6866022,
2018-03-22,104.45710754394533,104.60987474446932,102.96006953570496,103.26558155983771,4472313,
2018-03-23,103.90716552734376,104.97649110568844,102.83785113745596,103.2044744926697,10827793,
2018-03-26,103.7849578857422,104.48764887088558,103.11281138574236,103.8460580444854,6600055,
2018-03-27,104.51821899414062,104.79318652918356,102.92951395107332,104.02938409124508,4195293,
2018-03-28,103.69332122802734,104.48766819240166,101.70743703440432,104.30435649381847,10138818,
2018-04-02,104.12102508544922,104.39599258127346,102.71563193286217,103.81550191615916,3367125,
2018-04-03,103.47940826416016,105.03755701570198,103.02112921958904,104.36541068751326,4460793,
2018-04-04,101.76852416992188,103.47942921998172,101.1269333775925,103.35721772052906,3998232,
2018-04-05,103.23503875732422,103.72386247930687,101.92130122902294,102.04351275374752,3916746,
2018-04-06,103.54054260253906,103.8766214718533,102.1351605273489,102.89895172824797,3134724,
2018-04-09,103.66273498535156,104.15156976693366,102.92948840720584,103.26555602603769,3930802,
2018-04-10,102.8989486694336,104.12103021838374,102.74619267148606,103.81550703403204,2607237,
2018-04-11,102.9600601196289,104.24324183131615,102.47122526188156,103.44888378891964,6787894,
2018-04-12,103.57110595703124,103.7849733271364,102.25736843517,102.71564766506836,6867020,
2018-04-13,104.45710754394533,104.91538676860208,103.35723740476908,103.63220493956314,3483164,
2018-04-16,106.3818817138672,106.87071662287455,103.63220632905907,103.63220632905907,3694548,
2018-04-17,108.12334442138672,108.6427350164324,106.38188331808078,106.5957506918324,6699236,
2018-04-18,109.10100555419922,109.98700828030488,107.75671243846855,107.84836827870215,4948994,
2018-04-19,108.4899444580078,109.74258156375012,108.15387681884684,109.3759582524998,3141238,
2018-04-20,106.53465270996094,108.73439309613651,105.86250608469902,108.73439309613651,3495886,
2018-04-23,106.0763702392578,107.23734056719448,105.80140269934192,106.35133777917368,3569025,
2018-04-24,105.61808776855467,106.71795789450393,105.15980854940918,106.04581131027132,2003576,
2018-04-25,105.00702667236328,105.6180730047808,103.5710890492484,105.58751733162316,5424140,
2018-04-26,105.09868621826172,106.22911190358047,103.60164838437224,105.49586522952644,5347538,
2018-04-27,104.33489990234376,105.55697029019956,103.5099973557355,105.46531445168752,9327048,
2018-04-30,105.19032287597656,105.80136911859674,103.75438546388229,104.60984349047796,2290147,
2018-05-02,104.12102508544922,105.55696272304606,103.75440175768357,105.55696272304606,2610385,
2018-05-03,106.50408172607422,107.665051922461,103.90716263608488,104.33489733090362,3549040,
2018-05-04,104.42655181884766,106.44298019038013,104.24324014870837,106.44298019038013,3371295,
2018-05-07,104.18213653564452,105.2820066381503,103.87662452169776,104.57931557992404,5823535,
2018-05-08,104.73204040527344,105.09866366362148,104.02934955625766,104.51818429687305,3453937,
2018-05-09,104.12102508544922,105.34310657415344,103.81550191615916,104.21268091739064,10928712,
2018-05-10,102.9600601196289,104.91537717370508,102.56288109843064,104.7320655006069,9844190,
2018-05-11,102.3184814453125,104.02938686843514,101.98240254564956,102.65454915651748,15561708,
2018-05-14,104.88485717773438,105.64864853501736,101.37137889347125,102.34903764879226,7046984,
2018-05-15,103.9377212524414,106.29021738669417,103.44888638243872,104.02937709128835,5782708,
2018-05-16,103.87663269042967,104.91539152106704,102.96007419959784,104.212700407582,3899072,
2018-05-17,102.10457611083984,104.54872740495404,101.7990530034054,103.93769237853894,6783446,
2018-05-18,101.79908752441406,102.71564596907704,101.27970813525758,101.73798735758903,5496430,
2018-05-21,100.45480346679688,102.1657087987894,99.41603352141357,101.43246205815583,3879174,
2018-05-22,100.91307830810548,102.623983565981,100.2103872749249,100.36314327645366,4612272,
2018-05-23,101.76852416992188,102.62397110072403,100.5464427407617,100.6991987237359,3475720,
2018-05-24,100.85197448730467,102.5323240085458,100.36313963630296,101.82963300085169,2379879,
2018-05-25,101.0047378540039,102.71564317467671,100.7603260048956,101.06583801916668,7705690,
2018-05-28,102.47122192382812,103.7849592677216,101.15748457993465,101.46300775463124,11540245,
2018-05-29,101.40190887451172,103.50999307306756,100.6381065223611,103.17391422012396,7141778,
2018-05-30,101.0047378540039,102.86841037026952,100.45480280216722,100.51590296733,5414080,
2018-05-31,102.37957000732422,104.15158658683212,100.27148575471146,101.12694396351814,29432894,
2018-06-01,100.42426300048828,102.349035986186,100.02709508145986,102.349035986186,2975864,
2018-06-04,99.01885223388672,101.0658249815792,98.89664073086932,100.69920166098284,5021538,
2018-06-05,98.5605926513672,99.32438392861556,97.76623450672594,98.68279299019042,2369418,
2018-06-06,99.2938232421875,99.629890901822,97.9189857412424,98.62167673446228,3647491,
2018-06-07,99.2938232421875,99.90485840201104,98.86608856070043,98.98830006804764,4624826,
2018-06-08,98.6522216796875,99.29381244368696,98.2550427153457,99.1410452790028,2199740,
2018-06-11,98.83554077148438,99.35492008055056,98.53001760755706,98.6827735952928,4838494,
2018-06-12,98.5605926513672,99.32438392861556,98.31616959680464,98.9883162141646,3082809,
2018-06-13,97.9189910888672,98.77443812164718,97.76622389922608,98.68278228324527,6527995,
2018-06-14,96.7885513305664,97.8884212320501,96.54413952638842,97.8884212320501,6200254,
2018-06-15,95.35260772705078,96.97185680495812,94.43604953418728,96.84964531642484,10800649,
2018-06-18,95.93312072753906,96.42195566444954,95.26098527630288,95.53595283047908,2289944,
2018-06-19,95.41374206542967,96.14698888245508,94.19166030756786,96.14698888245508,5222522,
2018-06-20,95.9636688232422,96.36084787737056,95.26097774759128,95.81091281248092,7262452,
2018-06-21,94.86378479003906,96.36083375453624,94.64991745555206,96.36083375453624,9600354,
2018-06-22,96.11640167236328,96.6663366047324,93.9166619428868,94.7110198597232,5141889,
2018-06-25,94.49716186523438,96.36083416044204,93.70280946428215,95.96365516285198,8198617,
2018-06-26,95.07765197753906,95.50537545739591,93.82502042829442,94.37494981750638,6173371,
2018-06-27,93.97777557373048,95.59702474013132,92.63348828598836,95.59702474013132,7083915,
2018-06-28,95.56648254394533,96.48304091613294,91.35031962611052,93.4889539631389,15010362,
2018-06-29,97.55236053466795,98.31615167266864,93.85557159584124,94.9248859021158,6659236,
2018-07-02,93.82502746582033,97.24684353247468,92.51129006624475,97.15518769502654,15954402,
2018-07-03,94.7110366821289,94.98600419715272,92.63350248165072,94.09999030088258,7506727,
2018-07-04,93.42786407470705,95.23043104423353,93.18345219676496,94.68049592751994,11418056,
2018-07-05,92.96955871582033,93.79446115935473,92.6945912346422,93.39728777350666,4155312,
2018-07-06,91.74749755859376,93.152885266843,91.56418587516,93.12233518434692,10642270,
2018-07-09,92.41964721679688,92.81682629770778,91.80861194409098,91.83916202945753,5759994,
2018-07-10,94.03889465332033,94.25276201587084,92.45019524386808,92.87791878051172,3890373,
2018-07-11,93.30563354492188,93.947224345329,92.72514849501042,93.36673929541752,4037034,
2018-07-12,94.13053894042967,94.52771793970584,93.15287487312494,94.09998326711428,3424965,
2018-07-13,93.45840454101562,95.01654819049104,92.81681367596111,94.22220132514724,3615536,
2018-07-16,95.07765197753906,95.93309893725277,92.90846212256125,93.48894718478294,4117044,
2018-07-17,94.89435577392578,95.32207932345538,93.51951249714708,94.71104408291912,2670880,
2018-07-18,94.86378479003906,95.38316410127216,93.36674141976982,95.29150827055716,2892637,
2018-07-19,94.4360809326172,95.23042790105455,93.76393430488818,94.71104848189836,3163729,
2018-07-20,95.1082000732422,95.32206741551886,94.09998589865496,94.09998589865496,3659896,
2018-07-23,96.63579559326172,97.52179817552168,94.89433491155596,94.89433491155596,6286406,
2018-07-24,96.20806884765624,97.12462717643182,95.56647801751336,96.54414769384474,4224482,
2018-07-25,92.2668685913086,96.02475193991778,91.56417204619812,95.32206098903508,15232765,
2018-07-26,93.70281982421876,94.00833743025828,91.65584123471952,92.54184956473136,17803995,
2018-07-27,94.68047332763672,94.86378498945209,92.93901254039072,93.48894752583683,5766367,
2018-07-30,95.26097869873048,96.17753714936464,94.13055288012912,95.93311410355707,9747265,
2018-07-31,94.61936950683594,97.03296550166306,94.25274619739837,95.23040462641342,9065227,
2018-08-01,94.92491149902344,95.32209060603492,93.33621185366604,94.58884375521929,4903117,
2018-08-02,94.9554443359375,95.16931167879216,94.19164198727624,94.52772083868447,3895179,
2018-08-03,95.59703826904295,95.99421729335036,94.95544740817692,95.23041491997664,3276529,
2018-08-06,95.78034973144533,96.5441521031274,95.3220705461274,95.8720055685089,2395237,
2018-08-07,97.06354522705078,97.70513617756008,95.53595145532424,95.93311934666735,4450873,
2018-08-08,96.6968994140625,97.61345770234746,96.29972042632048,97.46070171711852,4151246,
2018-08-09,98.19396209716795,98.591129952067,95.81091021394482,96.78856879552498,4915016,
2018-08-10,97.49124908447266,98.65223040960768,96.6969022739508,98.3772629149898,4518788,
2018-08-13,96.54415130615234,97.18574216030107,95.65813742954732,97.1551864853799,2702390,
2018-08-14,95.87200927734376,97.002435041011,95.62759743187128,96.42194432099964,2030044,
2018-08-16,96.88023376464844,97.15520131554148,95.41374015988556,95.87201941137396,2153881,
2018-08-17,96.54415130615234,97.91898885075678,96.33028395861724,97.1551864853799,4672155,
2018-08-20,96.88023376464844,97.82734794721055,96.54416604304303,96.7274777436384,3448567,
2018-08-21,98.2855987548828,98.8049780267754,96.29971511417486,97.52179649396014,5279408,
2018-08-23,100.42426300048828,100.82144210797576,97.82735452637677,98.49949001479057,7704134,
2018-08-24,100.39370727539062,102.4406803817187,99.99652821233904,100.57701896780554,5436786,
2018-08-27,101.5241241455078,101.951858896159,100.21039778003664,100.76033286933844,2630486,
2018-08-28,102.83785247802734,106.65684208180174,101.6463265580502,101.82963823804668,8727238,
2018-08-29,101.4630126953125,103.5405412944271,101.126945018701,103.5405412944271,3769664,
2018-08-30,103.69332122802734,104.3349121730684,101.15750193865485,101.15750193865485,13384598,
2018-08-31,104.79318237304688,105.52642910408056,103.26557755775528,103.5405450818929,8445506,
2018-09-03,103.57110595703124,105.58753456858408,102.28792411331582,105.40422287662471,4592967,
2018-09-04,102.71563720703124,104.18213059339436,102.28791369882754,103.57109541189529,3016566,
2018-09-05,102.62398529052734,104.12103440911116,101.73798256524069,102.4712292864316,2837060,
2018-09-06,104.69429779052734,105.81004519149212,102.6797576554419,102.89670097231652,7658860,
2018-09-07,105.09722137451172,105.71707732336856,102.83472956872968,105.686080553436,3585828,
2018-09-10,104.8802719116211,106.2129741855476,104.22941916039647,105.31416996244708,5871138,
2018-09-11,105.22118377685548,106.46090700124144,104.60132783964772,104.78728575580708,9709410,
2018-09-12,105.3761749267578,106.36794687184243,103.423616461453,105.62411507553584,7109565,
2018-09-14,108.44446563720705,108.5374445984993,105.62410002801792,105.62410002801792,7340733,
2018-09-17,106.77084350585938,108.7234016778535,106.05799724150006,108.47545021634993,2792490,
2018-09-18,105.19023895263672,108.1345699781169,104.81832297678766,107.3597412451064,3646318,
2018-09-19,104.84927368164062,106.58488856074382,104.13643874734854,105.99601801069404,5092003,
2018-09-21,104.29141235351562,107.73163440141732,103.42361616033286,104.880282973868,9597428,
2018-09-24,104.074462890625,105.87204872130395,103.08267965648648,104.26042082827948,6216532,
2018-09-25,105.3761749267578,105.68609727523724,101.9049560940029,104.84928650439232,6496965,
2018-09-26,104.01245880126952,106.36792955611544,102.89671128844314,106.36792955611544,3591889,
2018-09-27,104.10546112060548,105.37618141754932,103.20666809469678,104.2294368776172,6718629,
2018-09-28,103.42361450195312,105.19021498471064,102.89672608957024,104.10545273566753,5444684,
2018-10-01,105.12821197509766,105.56212137565372,102.98969579369108,103.82650647337192,4950123,
2018-10-03,103.73352813720705,104.66331778692796,102.9587109957538,104.63233236525146,5780126,
2018-10-04,103.39261627197266,104.50836392958388,102.12190744523949,103.1446761313831,6563494,
2018-10-05,100.97515869140624,104.07446139097954,99.51849198409288,103.26863610610695,13292940,
2018-10-08,101.31607818603516,102.2148824419186,98.83664282663996,100.04536940871552,4637569,
2018-10-09,100.23133850097656,102.27687602140465,99.7354468339121,102.15290026714533,5756458,
2018-10-10,101.87396240234376,103.29964383840328,99.95240065372052,100.23133758577742,3411681,
2018-10-11,101.13011932373048,102.71076176273132,99.98338629737756,100.41728436005394,3668989,
2018-10-12,101.78096771240234,102.4938139953718,101.06813277940395,101.59500978640529,4147903,
2018-10-15,102.05989837646484,102.61777212042968,101.47103921337111,101.81195827358172,2191491,
2018-10-16,101.6260223388672,102.4938299116054,100.47927783381736,102.05992045024988,3857880,
2018-10-17,100.97515869140624,102.71076230118204,100.5412606264552,101.99792733376856,5369029,
2018-10-19,100.07636260986328,102.43182214473856,99.36351631512336,100.78919755463195,6202959,
2018-10-22,102.18389129638672,104.07446753014445,100.47927300857332,101.068143620721,6407974,
2018-10-23,102.27685546875,102.89671141554008,100.75819534664804,101.74997848147694,7316558,
2018-10-24,101.06815338134766,103.36163115282838,98.99161900110498,102.89673624307058,12856915,
2018-10-25,100.60324096679688,102.24586557880278,97.5039383243604,100.72721670448516,94631476,
2018-10-26,98.74366760253906,99.33253820458508,95.9542984612244,98.52671288600168,9339921,
2018-10-29,98.5267105102539,99.1465778711363,97.50394184976692,98.89862638679462,6963919,
2018-10-30,98.8056411743164,99.82840977017656,97.2249987988962,98.6196832477964,3257071,
2018-10-31,98.96060943603516,99.73542652999495,96.2332228473754,99.17755277435802,6069514,
2018-11-01,97.31798553466795,99.33253746617886,97.16302436684867,99.02260378056826,2992327,
2018-11-02,97.9378433227539,98.77465397704653,96.72911682210903,97.8758497817146,11487762,
2018-11-05,95.1484832763672,97.62792452094212,94.03273556755644,97.62792452094212,18263054,
2018-11-06,95.5513916015625,95.8923220839534,94.4356495523011,95.42742719885015,6223800,
2018-11-07,95.9853057861328,96.10927019494768,95.7683510457468,96.07828476773062,212175,
2018-11-09,95.7373275756836,96.4501738024978,95.14846274807655,96.41917703394974,8098182,
2018-11-12,94.71458435058594,96.35721479929089,94.52862640073204,95.64436842486924,3916333,
2018-11-13,97.19400787353516,97.81386381017477,94.43563022803768,94.52860918603214,7903864,
2018-11-14,97.5349349975586,99.54947547061909,96.9460644315994,97.31798029431648,3853852,
2018-11-15,95.33441162109376,98.6506567450016,95.08646588590108,97.9068252144078,4538966,
2018-11-16,95.48939514160156,96.38818800193462,94.83854239964325,94.9625124588306,5166086,
2018-11-19,94.80755615234376,95.76833692890057,94.1567033770988,95.45840325260288,6879644,
2018-11-20,92.45207214355467,94.90052173605744,92.0491652311742,94.46661805542723,4600113,
2018-11-21,91.64627075195312,92.88598842553016,91.21236701245756,92.4520846860346,7625524,
2018-11-22,90.4995346069336,91.98719822060912,90.2515944546452,91.58429121690078,3684871,
2018-11-26,89.69371795654297,91.0884025532671,87.83413849424413,90.7474777601836,6534517,
2018-11-27,90.34457397460938,90.99542680951224,88.79492247603564,89.56974538782933,4866687,
2018-11-28,88.91889190673828,91.4603210269286,88.02009892458545,91.08840512397258,17823474,
2018-11-29,88.17505645751953,90.34456958511169,87.30725461147432,89.1668340494184,30727317,
2018-11-30,86.9663314819336,88.39201286154618,85.26171885629425,88.02009696686223,29840662,
2018-12-03,89.81768798828125,90.28258285364502,86.78037297624255,86.9973276967364,12013041,
2018-12-04,88.763916015625,89.72469671399215,88.02008433302196,89.72469671399215,6785000,
2018-12-05,87.43120574951172,89.81766740309122,86.2844672360959,88.60894103017178,8833965,
2018-12-06,86.65638732910156,88.14405063088871,85.66460990291507,87.21426106727174,5460772,
2018-12-07,85.44767761230469,87.46222395257024,84.64185794120121,86.7803743558726,13240540,
2018-12-10,84.4249038696289,86.31547434802837,83.49511417943475,84.23894593159007,34436070,
2018-12-11,85.13774108886719,85.57163914346145,83.09220385296783,83.09220385296783,13406569,
2018-12-12,87.21427917480469,87.77215302880131,84.85881368292551,85.50966651258824,12274362,
2018-12-13,87.43120574951172,88.02007622733417,86.62539195088866,87.61716365303779,10636545,
2018-12-14,88.94989013671875,89.35279714651506,86.53243672796809,87.4002386240626,13732576,
2018-12-17,90.56151580810548,93.81577972318112,89.72470508708601,92.97896900216166,21749589,
2018-12-18,91.55329895019533,91.98719704866514,90.03463858059216,90.49953345394287,13037010,
2018-12-19,92.85498809814452,93.16491606698509,91.27434580958293,91.95618961102618,8182075,
2018-12-20,92.5450668334961,92.94797948936768,90.90244213643383,92.11116875407656,13909968,
2018-12-21,93.31990051269533,93.84677759172833,91.8942191018163,92.66904768272464,18956932,
2018-12-24,90.7474594116211,93.31987903933624,90.00362777709961,92.97895431518556,8506178,
2018-12-26,90.22057342529295,91.95618239965792,89.4147596345039,90.6234859956723,10358386,
2018-12-27,91.92520141601562,92.82399425649724,89.3837726964152,90.93342393946531,32905857,
2018-12-28,92.885986328125,93.9707428148768,90.80945799490055,91.39832288343032,11010662,
2018-12-31,92.39009857177734,93.0099545447778,91.8012280199457,92.85499338902046,5010889,
2019-01-01,92.1731414794922,92.73101524569286,90.7474659686412,92.32810830620974,4011082,
2019-01-02,91.119384765625,92.17314446649075,90.59250207769932,91.70824964625798,5201079,
2019-01-03,88.88788604736328,91.36732688037412,88.546961301266,91.11938109457742,7035283,
2019-01-04,90.34457397460938,90.68549310480569,88.17506074160887,89.228826257633,7988112,
2019-01-07,92.11119079589844,92.79303485171012,90.59253012956292,90.65451801645028,14121843,
2019-01-08,91.08840942382812,92.66905208600588,90.49953876635908,91.73926228472484,6656692,
2019-01-09,90.84044647216795,92.01818189025164,90.12760586714556,91.11938336000472,4636543,
2019-01-10,91.80123138427734,92.7000299555484,90.9644206825723,91.08839642170427,15340801,
2019-01-11,91.7392578125,93.1649335466347,91.24336615933342,91.7392578125,13579929,
2019-01-14,90.22057342529295,91.95618239965792,90.00362443161664,91.7392334059816,5010679,
2019-01-15,90.37556457519533,90.77847157910163,89.35279584029084,90.4995346514004,14730974,
2019-01-16,90.71647644042967,92.04917301326974,90.3135638190008,90.68547966955946,5679378,
2019-01-17,89.81768798828125,91.52230060295304,89.41478099662802,91.05740573758926,7529166,
2019-01-18,89.44576263427734,90.74746811959947,89.25980470780276,90.0656242808545,3100312,
2019-01-21,88.88788604736328,90.96441426908132,88.42299124586033,90.8094531185706,13187677,
2019-01-22,88.5159683227539,89.1978121254551,88.02008243669714,89.1978121254551,7074433,
2019-01-23,87.24526977539062,89.01187030292952,86.96633284998974,88.57797220229678,5323552,
2019-01-24,86.81136322021484,88.08207197329612,86.22249265172769,87.24526127859033,4250377,
2019-01-25,85.72660064697266,87.95809567465957,85.57163382283262,87.0902939444431,5463236,
2019-01-28,85.91256713867188,86.47044095126066,84.70384054472952,85.85057926783338,7303346,
2019-01-29,85.85057830810547,86.40845211445775,85.16873443644795,85.912566178251,9728281,
2019-01-30,85.97454071044922,87.02830028952974,85.6026248972461,86.40843870919623,13777792,
2019-01-31,86.59441375732422,87.52420347438563,86.16051567268627,87.09030538974768,44034840,
2019-02-01,86.87335205078125,87.09030677152852,86.03654129214908,86.7803730775999,7099405,
2019-02-04,85.07575988769531,87.02831831134733,84.76583187084115,86.84236036623761,6716304,
2019-02-05,85.57164001464844,85.78859471914002,84.42490132299507,84.92078725114517,8526399,
2019-02-06,87.24528503417969,87.65891865212816,85.90892399426883,86.41801197221095,12810810,
2019-02-07,86.51344299316406,87.81798750316932,85.9725389831696,87.18162333286209,5193513,
2019-02-08,84.03163146972656,87.43617138034418,83.71345229318979,86.16344884812679,5597162,
2019-02-11,82.94982147216797,84.82709210113353,81.83618556331443,83.96800304100752,13126864,
2019-02-12,84.79527282714844,85.24072837021082,82.72709927780116,82.7589154501375,14900754,
2019-02-14,83.5225601196289,84.82710490542597,81.51801867675782,83.36346758690104,37913966,
2019-02-15,86.70436096191406,87.43617954496173,83.99982314363136,83.99982314363136,25855830,
2019-02-18,87.46800231933594,89.34527317784577,85.87710034195457,86.41800445079288,13001166,
2019-02-19,85.08161926269531,87.75434034766029,84.28616850085989,87.24525255921397,9029095,
2019-02-20,87.30892181396484,88.39073593449416,84.19074416222878,85.39983464475331,14955330,
2019-02-21,86.8316421508789,88.13618104754347,86.22709405137957,87.69073129915267,4719134,
2019-02-22,88.89982604980469,89.2498273146311,85.9089246878802,87.02256083882111,11678731,
2019-02-25,89.31346893310547,89.72710257030627,86.70437908779321,88.836197110923,27557787,
2019-02-26,89.44073486328125,89.85436847914515,86.73619661911559,87.30892277619103,15501729,
2019-02-27,88.29525756835938,90.96797887853674,87.91344023833405,88.64525872957263,18258775,
2019-02-28,89.88617706298828,90.80889851646596,88.0089063308277,89.21799664615988,50183582,
2019-03-01,90.99980926513672,91.4770810022372,90.14072013835585,90.17254213820988,6789074,
2019-03-05,93.5452651977539,94.30890001569476,90.99981386259398,90.99981386259398,12988303,
2019-03-06,94.7861557006836,95.13615687490156,93.60888749805268,93.9907048422649,10313295,
2019-03-07,93.03616333007812,95.83615530123824,92.59070781095726,94.88161192174384,8337421,
2019-03-08,96.85433959960938,98.50887956238036,92.4952561007234,93.86343304151072,34663172,
2019-03-11,96.34524536132812,102.00886760028102,95.13616093707682,97.36342693139234,30007645,
2019-03-12,96.2498016357422,99.495255384105,95.58162118115274,95.96343858377529,23315044,
2019-03-13,94.30890655517578,96.12253937354454,92.27254884148738,96.09072319594794,20943115,
2019-03-14,97.77709197998048,98.57253725529416,94.24527464116888,94.7543684729992,14675396,
2019-03-15,100.57707977294922,101.34071470106308,97.14072842250896,98.38162935462184,20356743,
2019-03-18,101.02249908447266,102.32703765813248,99.11341256100005,100.44977312743086,19289406,
2019-03-19,103.01432800292967,104.84705848119114,99.57797146484933,102.28887728643004,25950621,
2019-03-20,98.69979095458984,103.85432549187016,97.82161565724311,103.7016008730457,28098992,
2019-03-22,102.82344818115234,104.0070847626406,99.04345725819894,100.03618508951637,53779933,
2019-03-25,103.35798645019533,104.9997967937492,102.13616597210152,102.21253412153624,31535535,
2019-03-26,107.51978302001952,108.43614245683187,103.85433362062771,103.85433362062771,23510777,
2019-03-27,104.61795806884766,107.59612885666635,104.00704795407576,107.59612885666635,20849776,
2019-03-28,103.6634292602539,106.41251933795758,103.16707127640268,104.99979022677653,41232946,
2019-04-01,103.16706848144533,104.99978738216794,101.98343218416326,104.15978442225357,26716877,
2019-04-02,103.20523834228516,104.38887461022654,102.32706298498734,103.89251665212645,14343829,
2019-04-03,102.9379653930664,104.99977686285416,102.32705526998151,103.81614068415372,12596804,
2019-04-04,103.5870590209961,104.46524605823916,102.67069956433858,102.93797641309575,12939086,
2019-04-05,102.9379653930664,104.19795805456408,102.63250450545324,103.51069144868195,7742848,
2019-04-08,103.51068878173828,104.46523218317051,102.7470540605925,103.01431922170885,13409083,
2019-04-09,103.7779541015625,104.1979555292632,103.12887157888062,103.47250487349352,7506763,
2019-04-10,102.78524017333984,104.61795887971924,102.55614742200709,104.045232827458,9502300,
2019-04-11,103.8161392211914,104.15977251929004,102.6325030591706,103.05250449113169,8703097,
2019-04-12,103.8161392211914,104.23614065315252,103.24341317364662,103.85432328812266,7212573,
2019-04-15,104.42706298828124,105.61069930504864,103.3961513070645,104.04524557333325,11013801,
2019-04-16,105.0379638671875,105.49613773320564,104.23614503647856,104.92341166157664,7469500,
2019-04-18,103.35798645019533,105.26707366462712,103.12889365403475,104.9997967937492,6634192,
2019-04-22,103.85433959960938,104.159788878751,102.59434675797137,103.1670728954692,5541225,
2019-04-23,102.05978393554688,103.93069847283246,101.75433468365726,103.85433033378902,8790522,
2019-04-24,102.28887939453124,102.67069679552029,101.0288866321244,102.05978662350935,9255095,
2019-04-25,101.487060546875,103.3579751338932,101.0288866568614,102.32706349011347,29354749,
2019-04-26,102.40342712402344,103.167061892578,101.83070104760752,101.90705753317786,4789673,
2019-04-30,102.36524200439452,102.93796807493143,100.3797869656765,102.51796662610936,7527996,
2019-05-02,101.63980865478516,102.25070724588116,100.87617376377142,101.79253330255916,6401386,
2019-05-03,103.434326171875,104.35068555575276,101.56342333559502,101.63979147264388,9226969,
2019-05-06,103.09070587158205,103.54889144742413,102.09797822535296,103.09070587158205,6080575,
2019-05-07,102.40342712402344,104.0070531467029,102.02160973974615,103.43432707028698,9137799,
2019-05-08,99.8834457397461,102.32707505235877,99.42526014581836,102.21253447994866,8742473,
2019-05-09,97.51614379882812,99.88341590683136,96.52342223598912,99.84523184338484,14395488,
2019-05-10,96.98160552978516,98.31796623590424,96.40887951287698,98.08887349871284,9724014,
2019-05-13,94.34707641601562,96.98161399327871,93.92707496986836,96.90525168290762,11507204,
2019-05-14,95.91252136230467,96.59979378766825,93.468892545535,94.46161420344178,6908544,
2019-05-15,94.6525421142578,96.90526853133558,93.92709130049572,96.4470887633768,9384447,
2019-05-16,96.0270767211914,96.4852564389411,94.11798970884168,95.33980423153126,6519422,
2019-05-17,95.83616638183594,96.67616348769756,94.69071419400522,95.26344028792056,10003051,
2019-05-20,98.69979095458984,99.34888514977064,95.912522965513,97.8979721405846,12330905,
2019-05-21,98.20343780517578,99.08161314522071,97.55434357843504,99.04342907562264,8095621,
2019-05-22,98.9670867919922,99.616169459745,97.28708653177732,98.20345189900505,9540723,
2019-05-23,99.15798950195312,101.90706795870692,98.7761720786143,99.7307156369614,11017547,
2019-05-24,98.62342834472656,100.03615736532272,98.1652544625829,99.65433997079856,9371443,
2019-05-27,101.71615600585938,104.3125213931163,99.3870674672801,101.10524581755524,19948676,
2019-05-28,101.25798034667967,102.89979052537412,100.57070202720988,102.28888034767068,15628186,
2019-05-29,99.95977783203124,101.75432404260712,99.4252358710536,100.79978066509672,5397986,
2019-05-30,103.16706848144533,103.54888589010774,100.07434514085112,100.07434514085112,30257040,
2019-05-31,101.7543487548828,103.89252877021714,101.02889794221856,103.2816185298154,11325445,
2019-06-03,101.63980865478516,102.93798563907976,101.33434770709344,102.63252469138804,7302092,
2019-06-04,103.12886810302734,104.1215955390044,101.67795518824836,101.67795518824836,10439893,
2019-06-06,104.27434539794922,104.6179787641912,101.41071459236004,103.20524957257643,12191883,
2019-06-07,103.20523834228516,104.99978477937134,102.70888038418504,104.61796738017362,9310029,
2019-06-10,103.09070587158205,104.69434373488616,102.59434787453912,103.24343051281498,7295669,
2019-06-11,103.3197784423828,104.35067830809112,102.136142313185,103.3961349219866,4554162,
2019-06-12,102.63253021240234,103.62525795455171,101.79253877838696,103.09071583251573,3660802,
2019-06-13,103.01432800292967,103.73979037157146,101.79251933623084,102.7088787492905,5113806,
2019-06-14,101.37249755859376,103.47249279992056,101.10522077611442,103.05249142122724,4761596,
2019-06-17,100.99070739746094,102.2125277999887,100.34161312384126,101.9070668732853,3655275,
2019-06-18,101.10523986816406,101.8307022284167,100.7234224794593,101.25797614535956,5172138,
2019-06-19,102.82344818115234,103.2816338424205,101.18163759054134,101.18163759054134,5278372,
2019-06-20,102.74705505371094,103.28159703325146,102.02160439203872,102.78523912056554,6963441,
2019-06-21,102.74705505371094,103.24341296639687,102.36523768944754,102.97614780269724,9456244,
2019-06-24,103.5488739013672,103.85432313207562,102.1361449920229,102.86159565406136,5918107,
2019-06-25,105.7252426147461,106.67978617690908,103.20524528020712,103.81615549042009,18761799,
2019-06-26,106.94705963134766,108.35977706710024,106.37433351227811,106.52705814693478,24643824,
2019-06-27,107.02339935302734,108.43612821956108,106.18340816796317,107.71067757950628,38789825,
2019-06-28,107.93978118896484,108.32159858029172,106.52705218019857,106.98523771064764,10648757,
2019-07-01,108.8561553955078,111.37615285125932,105.877972347022,108.58887852438885,31289422,
2019-07-02,109.16159057617188,110.268858687958,108.85614132193508,109.19977464598702,8847109,
2019-07-03,109.39068603515624,110.26886140180665,108.93250049038238,109.8488715799301,6947927,
2019-07-04,109.5434112548828,110.30704606551586,108.70341995447195,110.30704606551586,5792826,
2019-07-05,104.23616027832033,109.8106971877361,103.39615725624569,109.04706231390225,21459265,
2019-07-08,98.9670867919922,104.31253104290224,98.16526782392692,104.31253104290224,20404790,
2019-07-09,98.92888641357422,100.79978926264184,97.43979512200627,98.08888350886212,19374808,
2019-07-10,98.54706573486328,100.03615115056942,98.24160484693546,98.50888166735464,9141198,
2019-07-11,98.47069549560548,99.95978087949103,98.20343033303898,99.46342296890955,6669919,
2019-07-12,97.59253692626952,101.14343434577737,96.56162520982238,99.15799071148278,21467991,
2019-07-15,97.70706176757812,98.4706965006614,97.21070385193052,97.74524583466057,5852788,
2019-07-16,99.99797058105467,100.34160389637024,97.74525034493954,98.35616049002378,11313969,
2019-07-17,98.58525848388672,100.91433532917694,98.27979756905972,100.4943455060213,10958942,
2019-07-18,97.0197982788086,99.99796917244764,96.52343452117849,99.3488866198041,18049102,
2019-07-19,99.19615936279295,100.03616233331915,96.2561722702368,97.70707378062632,33840376,
2019-07-22,99.9216079711914,101.29614114820684,97.47797336669868,99.65433115780444,15870663,
2019-07-23,101.6016082763672,101.90705752290148,99.65433728632104,100.37978798594636,9840729,
2019-07-24,100.6852569580078,101.9834338380848,99.8070699125566,101.9834338380848,10421947,
2019-07-25,99.08161926269533,101.44889189822956,98.05070758060783,100.79979763141256,29337351,
2019-07-26,98.3561553955078,99.5779639702489,97.93615396425818,99.5779639702489,11411885,
2019-07-29,97.21070861816406,98.35616077395042,96.79070716394736,97.74525062710264,22168687,
2019-07-30,97.1343231201172,98.24159100905472,96.2943261878815,96.71432756703427,16228044,
2019-07-31,96.63797760009766,97.2488818896448,95.83615880160814,96.37070078322073,14557889,
2019-08-01,96.8670883178711,97.5543609102418,95.56891128589358,96.52345493472176,11138203,
2019-08-02,94.00345611572266,96.9052710998278,93.50709225974782,96.37072316798108,21851409,
2019-08-05,92.39981842041016,94.27072150427904,91.97981691534326,93.46890839379452,8713907,
2019-08-06,94.19435119628906,95.37798746397192,91.44526708788015,91.63617578743734,13232442,
2019-08-07,93.96525573730467,95.4161570616011,93.23979924908586,93.92707167042504,13132981,
2019-08-08,95.18707275390624,95.56889012891102,93.31616412074034,94.0416206288919,8227791,
2019-08-09,94.6143569946289,96.71435278583868,94.04163086975352,95.14889904741736,10566552,
2019-08-13,91.30205535888672,95.86131167622972,89.43158955160456,95.86131167622972,25954194,
2019-08-14,91.65276336669922,92.74386889585986,90.8344386793638,91.37998847092076,8641527,
2019-08-16,91.80866241455078,92.97770307715008,90.87342631684236,91.49691704864796,10992249,
2019-08-19,92.66593933105467,93.87394420850516,91.652768579344,92.23728879470468,9653434,
2019-08-20,91.92554473876952,93.71807580196614,91.4579297493413,92.74387542980432,7758935,
2019-08-21,91.88658142089844,93.21149156490422,91.53586571498118,91.96451626241983,12842739,
2019-08-22,89.43161010742188,92.27627689046238,88.73018452521283,91.96453152658631,16991585,
2019-08-23,92.35419464111328,92.70490439424294,88.92500816565155,89.62643361795803,9284204,
2019-08-26,93.5622100830078,93.99085469728293,91.7307085489455,92.74387935731838,11965007,
2019-08-27,96.0171890258789,97.7317852971555,93.64014361799508,93.64014361799508,22238086,
2019-08-28,93.44532012939452,97.18624676120574,93.09460435556797,96.48482710564942,11905383,
2019-08-29,95.93926239013672,96.75759317439108,91.88659075870534,92.54904589802902,38336134,
2019-08-30,94.80919647216795,96.367917315291,90.09406354330154,95.78339699911986,18833819,
2019-09-03,91.6917495727539,95.0429956273032,91.30206938412856,95.0429956273032,7635093,
2019-09-04,93.0945816040039,93.4452972921184,90.91237642193948,91.96451159418902,7299231,
2019-09-05,96.21204376220705,101.04407610287952,93.4063473725892,93.4063473725892,19432303,
2019-09-06,98.97875213623048,99.60224271708216,96.09512157839684,96.21202085951552,11891983,
2019-09-09,98.47217559814452,99.719150925435,97.57591003770072,99.2125714724448,5303272,
2019-09-11,97.03036499023438,99.40741647082385,96.52377956613606,98.58908571296904,5473674,
2019-09-12,95.27680206298828,97.22520292317208,94.77021665013098,96.64068266511694,8444053,
2019-09-13,96.67965698242188,96.87449707634369,94.49744555207847,95.35474077612488,7509999,
2019-09-16,96.05615997314452,96.75758545424716,94.96505432987904,96.13409481636762,5593727,
2019-09-17,94.22467041015624,95.97823125173714,93.95189546845322,95.74442076110724,5663425,
2019-09-18,95.47164916992188,95.74442412119777,93.2504732151782,94.73125916702332,8627190,
2019-09-19,94.84815216064452,95.82235259757,93.60117679058943,95.82235259757,6031946,
2019-09-20,93.40634155273438,97.73179409567408,92.35420621543896,94.34157758836756,34008081,
2019-09-23,90.4447784423828,94.77022517337522,88.88605761405083,94.38054496629223,33355557,
2019-09-24,89.74334716796875,91.02929295869764,89.11985649790392,90.63961277641904,20864605,
2019-09-25,91.1072235107422,92.43213368960812,89.66540809349458,90.09405270616418,18851203,
2019-09-26,90.83446502685548,92.51008527811736,90.36684398868624,91.3800149766549,21458595,
2019-09-27,91.22413635253906,92.82182159009568,90.63961605795905,91.8865914971868,9325734,
2019-09-30,91.5748519897461,92.12040192105292,90.21097121543072,91.26310662355006,12045142,
2019-10-01,91.22413635253906,92.66595188996016,90.60064565990122,91.96452634725456,9718865,
2019-10-03,90.9903335571289,91.61382430253502,89.31470738164234,91.61382430253502,10477900,
2019-10-04,91.49690246582033,93.91291826091658,90.79547699084466,91.418967623278,20289650,
2019-10-07,90.36683654785156,91.92555735727407,89.39263604196249,91.53587715491844,14111765,
2019-10-09,91.3800048828125,91.96452516990938,89.93818936384976,90.40580440431768,8413122,
2019-10-10,91.3800048828125,91.57484497851144,90.67857934908668,91.34103448525356,6885340,
2019-10-11,90.95134735107422,92.23729307373412,90.32786266006002,91.34102751272586,9176578,
2019-10-14,91.76968383789062,92.0814291760187,90.56167288241224,90.83445376955416,12146203,
2019-10-15,93.0556182861328,93.3673635862197,91.18515243165862,91.18515243165862,7630007,
2019-10-16,91.49690246582033,93.36736841707294,91.10722230706132,92.58800809955495,10206387,
2019-10-17,92.51007080078124,92.8997509742404,91.14619019367426,91.73071045386295,10163035,
2019-10-18,94.34156036376952,94.69227009682052,92.27625451812746,92.587999806421,16961782,
2019-10-22,94.22467041015624,94.8091906906832,93.48427448719345,94.8091906906832,12091476,
2019-10-23,94.34156036376952,94.84813976794388,93.71806978718244,93.71806978718244,6580501,
2019-10-24,93.6791000366211,95.08195087050632,92.89973978358417,95.08195087050632,8009018,
2019-10-25,92.35419464111328,94.18569013887952,92.1203841749954,94.18569013887952,8505881,
2019-10-27,92.58802032470705,92.82182488320514,92.3931802196012,92.74389003037244,312098,
2019-10-29,93.44532012939452,93.79602995717268,91.6527886970767,92.5100840119054,8581053,
2019-10-30,94.26364135742188,94.88713207803772,92.93873100867349,94.30261175722843,12119474,
2019-10-31,95.3936996459961,96.7965445850853,94.14672438479,94.69227420342794,16511583,
2019-11-01,94.6922836303711,96.01719386241813,94.38053829752248,95.86132416901764,4170369,
2019-11-04,93.95189666748048,95.5495818870154,93.44531122868244,94.80919190065138,7894331,
2019-11-05,93.99085235595705,94.6922778253543,93.17252759669962,93.67910704221966,6156847,
2019-11-06,94.0298309326172,94.88712616046314,93.48427509958952,93.6011803456703,5317553,
2019-11-07,93.17253875732422,94.45847866819967,92.82182300759165,94.41951421559472,6794239,
2019-11-08,91.49690246582033,93.01665270656144,91.18515714960364,92.82181262718194,9771715,
2019-11-11,92.15936279296876,94.88712405956824,91.76968261202596,92.70491266786958,22943443,
2019-11-13,92.19832611083984,92.9387160193677,91.61380588430296,91.88658080081072,12220298,
2019-11-14,92.3931655883789,92.86078057737257,91.61380529137377,92.35419519510975,5208393,
2019-11-15,91.45793914794922,92.62697971467898,91.14619380761172,92.3931751689617,4650424,
2019-11-18,91.53588104248048,91.84762640681453,91.02930151474196,91.22414162419469,4727251,
2019-11-19,91.45793914794922,92.19833507450674,91.02929450777698,91.76968448828671,7577320,
2019-11-20,91.22413635253906,91.65278100093563,90.44477595976572,91.4189764507324,10033434,
2019-11-21,89.86024475097656,91.49690018780676,89.4705646019195,91.49690018780676,15099980,
2019-11-22,91.80866241455078,92.89976227613816,91.1462012822392,91.1462012822392,13934099,
2019-11-25,92.0424575805664,92.27626806763011,91.26309721841758,91.96452273356104,10863475,
2019-11-26,90.91239166259766,92.6659525589982,90.56167591568878,92.04246186185884,14426269,
2019-11-27,90.21097564697266,91.41898677055674,89.97716512432781,91.02930653018105,5455521,
2019-11-28,90.0550765991211,90.600626379547,89.66539648566066,90.52269154606428,10014250,
2019-11-29,90.67857360839844,91.65277402521846,90.01611851417032,90.40579868089831,7014266,
2019-12-02,89.86024475097656,90.63960504909068,89.70436912372543,90.21095450670904,6609154,
2019-12-03,89.2757339477539,90.24993442319406,89.15882870149153,89.70437858931888,6614178,
2019-12-04,89.47058868408203,89.86026893802656,88.84709789935128,89.6654288110543,4444594,
2019-12-05,88.92501068115234,89.82127623189481,88.7301706025582,89.43159607470655,2537275,
2019-12-06,87.7949447631836,89.39262991572056,87.44422903746991,89.39262991572056,3836996,
2019-12-09,87.83391571044922,88.22359591492513,86.89868559812628,88.22359591492513,7866941,
2019-12-10,85.7296371459961,88.18462339893183,85.49582666626983,87.67803799022327,18958648,
2019-12-11,88.0677261352539,88.69121684029439,85.80757976204221,86.11932511456246,8746687,
2019-12-12,89.19779205322266,89.58747223859461,88.22359158979275,88.49637247639133,3850652,
2019-12-13,90.13301849365234,90.52269863764045,89.23675297327034,89.66540351007608,4293299,
2019-12-16,89.58748626708984,90.63962768918704,89.31471128382522,90.56168688306973,3659151,
2019-12-17,90.0550765991211,90.3668159330521,88.53532058899746,89.58745570613127,6241009,
2019-12-18,88.9639892578125,90.60064487932624,88.69121431190153,89.62644439675285,8626400,
2019-12-19,88.88604736328125,89.15882228757201,87.95081140650915,88.84707696864797,5995825,
2019-12-20,89.39263916015625,89.93819503011301,88.6912195282876,88.88605963626183,5813877,
2019-12-23,89.31468963623047,89.93818025775889,88.69120496074929,89.00294432546626,13980109,
2019-12-24,89.78231811523438,90.249939124644,89.23676819898733,89.23676819898733,7929835,
2019-12-26,90.71753692626952,92.19832263352372,88.84707108268775,89.74333658545058,12763347,
2019-12-27,91.06825256347656,91.34102748734745,90.21095739729064,90.63960795340728,4474934,
2019-12-30,90.83446502685548,91.69176035341822,90.67858936544955,91.06826959989158,4193724,
2019-12-31,92.7828598022461,93.28943931525632,90.67858311370728,90.83445876436647,12438719,
2020-01-01,94.73125457763672,95.08196436285112,92.15936299923888,92.7828536685619,9953746,
2020-01-02,94.61436462402344,95.1988849912072,93.99087385394128,94.69229948377154,8731299,
2020-01-03,93.01666259765624,94.5753833984416,92.82182249755807,94.30260844751376,7392962,
2020-01-06,92.66593933105467,92.8607794028416,90.79547345269113,92.74387417056002,6596841,
2020-01-07,93.95189666748048,94.73125705146272,92.9387257898844,92.9387257898844,8959942,
2020-01-08,93.4842758178711,94.10776650439388,91.61381565039844,93.2894357215887,6372683,
2020-01-09,93.01666259765624,94.4584781491731,92.66595279589876,93.91292824731742,8309627,
2020-01-10,93.7570571899414,94.92609777362622,92.7828567035374,93.48427629690995,5588344,
2020-01-13,94.88712310791016,95.08196319642742,93.60117733448664,93.83498781912644,3534313,
2020-01-14,96.25100708007812,96.64068727068572,94.57538107125586,94.8871264129515,8631692,
2020-01-15,96.52377319335938,97.42003873896734,95.35473272849175,95.86131811914386,6537916,
2020-01-16,94.65331268310548,96.17306894212946,94.2636325058246,96.17306894212946,8806007,
2020-01-17,94.4584732055664,94.84815338536832,93.99085817901364,94.65331329546736,6811534,
2020-01-20,92.15936279296876,94.88712405956824,91.80865300853932,94.30260378815406,10655638,
2020-01-21,91.30205535888672,93.17252116616886,91.14617973975253,92.27625568079962,5150830,
2020-01-22,87.4052734375,90.21096979705403,86.89868796865248,89.58747907446505,19388739,
2020-01-23,88.45738983154297,89.19777970281552,87.52215989456217,87.7559644057839,22793170,
2020-01-24,89.43161010742188,90.63962116267346,88.496379961842,88.84708977992238,9898052,
2020-01-27,88.18462371826172,89.86024963957429,87.75597315256053,89.62643915900136,5597365,
2020-01-28,87.32733154296875,88.6522417890899,86.4310659312761,88.6522417890899,12128081,
2020-01-29,88.22357940673828,89.54849542167003,87.09350940363339,87.36628430651592,18501507,
2020-01-30,88.57429504394531,89.47056053524838,87.32731981285045,88.41841942377913,18545239,
2020-01-31,87.95081329345703,89.8212793010839,86.89867802230677,88.65223878957305,64518347,
2020-02-03,85.92448425292969,87.01559000408125,83.54743265027979,85.3009935534008,14889516,
2020-02-04,87.28836059570312,87.5221710828607,85.92447996139526,86.0024148084319,9743806,
2020-02-05,86.66486358642578,87.75596920325017,86.11931375103721,86.7428043738075,10671590,
2020-02-06,87.28836059570312,87.67804077693395,86.11932005201068,86.11932005201068,11852617,
2020-02-07,90.09405517578124,90.60064059195656,87.522169591122,87.60010443683029,18446803,
2020-02-10,88.45738983154297,90.3278556515515,87.32731982885392,90.2499208144776,31637511,
2020-02-11,91.06825256347656,91.61380835726573,88.92501167498803,89.2367569934322,20937033,
2020-02-12,91.029296875,92.66595252177343,90.71755152655554,91.18516657619824,13679292,
2020-02-13,89.74334716796875,91.26309750043616,89.39263143628939,91.02929295869764,20903696,
2020-02-14,87.83391571044922,90.01612723393349,87.2104309509166,89.47057732608644,23827224,
2020-02-17,85.96345520019531,88.65224622372648,85.10615399635822,88.1456607703813,22137354,
2020-02-18,85.41790008544922,86.43107100088538,80.89761325715634,85.41790008544922,34458578,
2020-02-19,87.32733154296875,88.6522417890899,86.04138574758778,87.5221716348129,17935374,
2020-02-20,86.78176879882812,87.6000994977449,86.47002348752424,87.0545437164513,19663654,
2020-02-24,85.4958267211914,86.3141574547115,84.83337162293812,86.3141574547115,11370193,
2020-02-25,85.80757141113281,87.63906700312954,85.45686163995911,86.43106205549434,10775289,
2020-02-26,85.02821350097656,86.93764993744983,84.36575838875017,85.72963900935352,14998071,
2020-02-27,84.98925018310547,85.96345063937194,83.11878411786432,85.10614948101929,22610691,
2020-02-28,83.04086303710938,85.88552408415796,82.10562687642124,83.11879789732122,25696761,
2020-03-02,80.97553253173828,85.72962894781692,80.04029664831576,85.22304358755225,15614944,
2020-03-03,84.87234497070312,85.69066978664262,81.28728847951899,81.5600634181655,17194661,
2020-03-04,84.13195037841797,86.50900190837348,83.78124058693828,84.67750621033369,17095867,
2020-03-05,84.05402374267578,85.45687493776082,83.43053894734228,84.24886385610156,11579256,
2020-03-06,81.94973754882812,83.54742261208153,80.19617685639692,81.63799223651979,13533444,
2020-03-09,80.19618225097656,81.36522279123555,77.58532623360767,81.05347745795696,47383195,
2020-03-11,80.31309509277344,81.67697585211472,79.10508404179471,80.27412469265867,28434577,
2020-03-12,73.53264617919922,77.93603324685607,72.67535100269329,77.15667291438751,47225243,
2020-03-13,76.4162826538086,78.52055316415608,63.323026745287166,70.14242962554886,49533058,
2020-03-16,70.76593017578125,74.81860207650601,68.77855867970474,74.81860207650601,34649740,
2020-03-17,68.6616439819336,74.74065694304174,67.2977634024841,70.92179013137367,21241388,
2020-03-18,62.7774772644043,70.41520496782059,58.37409018933736,69.36306970642697,88654467,
2020-03-19,61.06288146972656,66.20665852619642,58.49099591451539,61.21875710540596,33846928,
2020-03-20,63.32302474975586,64.18031989562003,59.50415806794575,61.17978391207181,58499591,
2020-03-23,59.54312515258789,62.34882090406127,57.04916874879729,58.37408476063675,37653540,
2020-03-24,60.43939971923828,62.0370849272212,58.49099877337048,60.86804435970051,13742927,
2020-03-25,62.11502456665039,62.73851529583577,58.68584339427562,60.7901141996918,16472741,
2020-03-26,62.46794891357422,64.46786078705085,59.91903704816574,64.31100706569086,39959613,
2020-03-27,65.09529876708984,66.19329295505935,62.93852681998747,64.70315841307124,39345541,
2020-03-30,64.11492919921875,65.48742003834576,62.11501158305674,62.66401150885866,17043895,
2020-03-31,66.03642272949219,66.50699586640559,63.64437054025037,64.89921827698545,28293281,
2020-04-01,63.52671813964844,66.15405652031194,63.21300475458747,66.11484608692002,14355207,
2020-04-03,62.38951873779297,64.3894305050032,61.84051877503254,64.35022006853963,18310156,
2020-04-07,63.95807647705078,64.35021672281177,62.82086617419274,63.997286911475705,47686619,
2020-04-08,66.82068634033203,68.07553974191822,62.97771724462388,63.95806772487279,38072700,
2020-04-09,68.31082916259766,69.29117977050976,66.8991278773554,69.29117977050976,9322342,
2020-04-13,69.52647399902344,69.91861428555646,66.46777856734862,68.31083671733667,33266662,
2020-04-15,70.50682067871094,73.8792233596672,69.56568045476212,69.76175058680326,24127975,
2020-04-16,74.5850830078125,75.52622330716956,68.23241141739311,68.42848156514424,20876392,
2020-04-17,74.89879608154297,79.21233931137006,74.50665578792233,79.21233931137006,16969641,
2020-04-20,77.56534576416016,77.87905917348574,73.25180284079376,76.07521155755283,17639066,
2020-04-21,76.31050872802734,77.17321623601768,74.93801760690157,75.68308182207814,15085097,
2020-04-22,76.54578399658203,77.3692810053132,74.42822880782477,76.31050341093457,10342633,
2020-04-23,74.66351318359375,76.62421474811654,74.15373556368687,76.42814459166426,14078729,
2020-04-24,73.25179290771484,75.56541776853622,72.11458270106561,74.31057028497912,10148964,
2020-04-27,72.42831420898438,74.03609187671978,72.07539032269429,74.03609187671978,22675928,
2020-04-28,70.85975646972656,72.85967454716155,69.52648174049429,72.27146405186733,19815445,
2020-04-29,70.74211120605469,72.4283157757088,70.38918731213037,71.72246200427377,21550996,
2020-04-30,74.5458755493164,76.07522036949545,70.89896945859756,71.64403365641068,15151435,
2020-05-04,71.72246551513672,73.44788659461469,70.97740126545338,71.40875803121955,10305663,
2020-05-05,72.62437438964844,74.4674324005767,71.6440237472839,72.31066098737469,10628539,
2020-05-06,74.27136993408203,74.85958038018168,72.31066844708317,72.89887889318284,10232281,
2020-05-07,70.93817901611328,74.03609102602968,70.70289842248542,73.8008044488156,8449705,
2020-05-08,68.23240661621094,72.5067331429876,67.25205594643779,71.36952875948501,28174665,
2020-05-11,67.95791625976562,70.15389838428828,67.33048937642417,69.17354761880864,12243824,
2020-05-12,71.87931823730469,73.1341660014706,67.1736346339929,67.84027194774485,18124894,
2020-05-13,72.977294921875,77.25162078507738,72.66358155953337,74.46742292172446,19037031,
2020-05-14,70.0754623413086,73.33022765311024,68.62454459515665,73.17337394461264,39115884,
2020-05-15,71.25187683105469,71.99694683976792,69.95781290736112,70.58523965326857,16925981,
2020-05-18,69.7225341796875,70.97738172057176,68.89903730220264,70.97738172057176,11368562,
2020-05-19,71.40875244140625,72.07538976792652,69.17354790015264,70.27154195867286,12262118,
2020-05-20,72.85966491699219,73.2518051953575,70.0362561094791,70.50682324680032,10126022,
2020-05-21,70.78132629394531,72.66360098767608,70.4284024066898,72.27146067579825,20143324,
2020-05-22,71.330322265625,71.52639242686486,69.29119378544779,70.50683117856948,9392095,
2020-05-26,72.93810272216797,73.25181618865807,70.70290399675436,70.70290399675436,12350762,
2020-05-27,74.27136993408203,74.6635102314818,71.48717741269532,72.93809531635725,11684730,
2020-05-28,75.05562591552734,75.68305257904635,74.11449190383296,74.70270215703798,12156645,
2020-05-29,76.7418441772461,77.52612466139493,73.95765204866889,74.27135945546023,19891080,
2020-06-01,76.78105926513672,78.15355008862737,76.19284891221216,77.17319950041977,10106253,
2020-06-02,75.87914276123047,77.60455756753477,75.33014877292975,77.4477038519019,18170659,
2020-06-03,74.27136993408203,76.70264456482947,74.03608934579381,76.66342814165506,23102350,
2020-06-04,74.6242904663086,74.89878744346811,72.74201607729495,73.84000996951835,12827335,
2020-06-05,76.82028198242188,77.01635213141589,73.84001930786445,74.50665661772689,11744302,
2020-06-08,77.29084777832031,78.58490585177724,76.66342096775867,77.60455520001561,14168383,
2020-06-09,76.8594970703125,78.19277166687333,76.232070210998,77.64377765266262,14232434,
2020-06-10,76.97713470458984,78.54569575416443,76.27128103556417,76.97713470458984,12104423,
2020-06-11,76.89871215820312,78.19277030975225,75.91836144728052,76.97713901835975,10258905,
2020-06-12,75.99678802490234,76.82027902886429,73.95765975048143,74.11451347021155,10925477,
2020-06-15,73.09495544433594,76.03600793244367,72.62438824295603,75.83993776656982,10980359,
2020-06-16,72.78124237060547,74.585084167819,72.34988564540976,74.46744088062144,8757035,
2020-06-17,71.76166534423828,73.01651294042593,71.25188182540367,72.89886966937405,17081311,
2020-06-18,72.70281219482422,73.95766599292539,70.50683001531989,71.99696441287526,16520026,
2020-06-19,72.93810272216797,73.76159982375616,72.46753551422616,72.97731914932425,13836691,
2020-06-22,74.74192810058594,75.17327875113735,73.21257765703578,73.80078798526625,18868376,
2020-06-23,79.01627349853516,79.32998694735579,74.50665987454927,74.58508674085785,20331626,
2020-06-24,76.11444091796875,81.40833540576479,75.8791543250765,79.99662781558453,24055051,
2020-06-25,75.3693618774414,77.29085287166879,73.99687087453009,76.11443201203052,69278017,
2020-06-26,76.0752182006836,76.38893163740363,74.93801372410782,75.6046510373966,15572219,
2020-06-29,74.42821502685547,76.89869961203331,74.07528523835298,76.58498623900384,18130595,
2020-06-30,75.13408660888672,76.66343144113206,74.66351344488538,76.07522096971672,18496305,
2020-07-01,73.40865325927734,74.27136060851748,72.3890922042064,74.27136060851748,21639137,
2020-07-02,73.25179290771484,74.1145001786863,73.05572280142202,74.1145001786863,14333457,
2020-07-03,74.11451721191406,74.78115452980134,72.74202615243416,73.40866347032146,15274841,
2020-07-06,74.66351318359375,75.60465352471648,74.38901616127782,75.21251321181192,11830916,
2020-07-07,72.58517456054688,74.85958359631017,72.34988797856415,74.82037315503727,18786009,
2020-07-08,71.36951446533203,72.82043196928399,71.25187121180416,72.82043196928399,26256635,
2020-07-09,71.5263900756836,72.15381696446124,71.21268261488103,71.6048229244705,11910945,
2020-07-10,70.89896392822266,71.60481763001012,70.3891803667325,71.52638478702254,12213053,
2020-07-13,70.50682067871094,72.82044584336215,70.19310727072799,71.4087444828173,17508551,
2020-07-14,68.74219512939453,70.50682646252088,68.54612498126939,70.42839959998803,14240946,
2020-07-15,69.05591583251953,70.38919058668786,68.82062923656669,69.25198600128468,11582839,
2020-07-16,68.03633117675781,69.3303951566639,67.33047755284674,69.17353547158079,10152592,
2020-07-17,69.2519760131836,69.5264730131472,68.23240888922068,68.38926260817536,12238969,
2020-07-20,68.35004425048828,69.7225350748612,68.23240098311072,69.7225350748612,12349129,
2020-07-21,69.29116821289062,69.52645471297835,68.07553725199544,69.0166712851778,20118152,
2020-07-22,70.85975646972656,72.62438795560922,69.56569218336196,69.6049086098162,31321718,
2020-07-23,71.01661682128906,71.8401079318466,70.7813302276517,71.29111385814157,11161294,
2020-07-24,70.11467742919922,70.97738477672969,69.44804020536137,70.82053107120973,11352904,
2020-07-27,68.74219512939453,70.27153989133627,68.42848169567708,70.23232945186288,10071266,
2020-07-28,69.44803619384766,69.64410630621472,68.15397225550805,68.93825270497629,13888285,
2020-07-29,69.13433837890625,70.31075931791116,68.93826822240543,69.40883540129013,10732504,
2020-07-30,67.91868591308594,69.80096019367738,67.52654568727876,69.44803638388491,10668042,
2020-07-31,68.23240661621094,68.70297374098492,67.68341263457224,68.15397975934621,7906179,
2020-08-03,67.13441467285156,68.3892623708927,66.66384753403436,68.3892623708927,14158505,
2020-08-04,67.13441467285156,68.23240865248223,66.93834453304558,67.84026837287027,19621505,
2020-08-05,67.36968994140625,67.91868384740519,66.97754972752564,67.36968994140625,9478990,
2020-08-06,67.5657730102539,68.58533417178657,67.13441629879927,67.84027001591323,12208873,
2020-08-07,67.2912826538086,67.99713045708313,66.93835276858478,67.60499012922548,10339288,
2020-08-10,69.17353820800781,69.56567846085046,67.56576676150422,68.07555028691674,12215464,
2020-08-11,69.21275329589844,70.27153076149824,68.85982946856026,69.80096366385224,11180265,
2020-08-12,69.565673828125,69.91860362233126,68.27161586679038,69.0166799041397,14803880,
2020-08-13,70.53579711914062,70.7379054203416,69.9294722155377,70.65706333343239,13723113,
2020-08-14,71.46549987792969,72.63772561253292,70.09115966482449,70.61664250607483,25402282,
2020-08-17,77.04368591308594,78.01380327947071,72.27392883133989,72.27392883133989,115111358,
2020-08-18,76.84159088134766,79.06478255035411,76.03315754716348,77.77128428137395,52023697,
2020-08-19,76.51821899414062,78.01381948119312,76.19484441556945,77.60960279994342,21840924,
2020-08-20,81.73261260986328,82.37936177408574,76.19484524969062,76.47779569609152,112338263,
2020-08-21,85.65351104736328,87.1895356474053,82.13682720506775,83.02610265734776,107862545,
2020-08-24,85.20886993408203,87.31079525289525,83.87495377303594,86.58320405888314,49154455,
2020-08-25,83.91537475585938,86.82573325484478,83.43030986614824,85.6939254586126,50940674,
2020-08-26,83.10694122314453,84.56211738391718,82.13681761477316,84.56211738391718,30828711,
2020-08-27,82.94525909423828,83.99622489886791,82.46020032589264,83.43031786258392,19363725,
2020-08-28,82.09639739990234,84.27916466509325,81.85386496250064,83.38988934104718,21358972,
2020-08-31,77.93296813964844,83.02609401889612,77.20537696608268,82.94525192580133,40298594,
2020-09-01,80.681640625,81.77302427632964,78.01380843921092,78.82224168728565,44304572,
2020-09-02,79.99446105957031,81.2475349614413,79.46898442445253,80.68163419999642,20904846,
2020-09-03,78.98393249511719,80.60079912689324,78.3371895431208,80.0348982729143,19004282,
2020-09-04,76.55863189697266,78.78182349677537,75.99273104780191,77.65002179843387,27339411,
2020-09-07,74.69924926757812,77.60960834701987,74.41629880405111,76.63949070982513,28474893,
2020-09-08,73.28447723388672,75.38640250446127,73.00152682266913,75.38640250446127,31186005,
2020-09-09,73.08236694335938,73.7695339714399,71.54634253668418,72.83983450151626,28307198,
2020-09-10,73.20365142822266,73.9716607392466,72.15268547516676,73.56744401389552,27263673,
2020-09-11,72.83983612060547,73.48658520132561,72.31435326350241,72.9206782137314,18190992,
2020-09-14,73.44615173339844,74.33542698044005,72.55687648635681,73.08235927665363,22533738,
2020-09-15,73.64826965332031,74.9821857822085,73.20363505559517,73.48658546648505,26866105,
2020-09-16,72.47603607177734,74.05247831109911,72.19308569136776,74.05247831109911,20778500,
2020-09-17,71.66761779785156,72.3143607779205,71.38466735858034,71.99099237181453,21804215,
2020-09-18,73.20365142822266,73.6482861253942,71.70804461013749,71.99100125216944,44757908,
2020-09-21,71.38465118408203,73.85036864516557,70.61663597395653,73.68868447874736,17714694,
2020-09-22,70.89962005615234,72.39522706191119,68.95938446528626,71.38468512172739,25113194,
2020-09-23,68.79766845703125,71.26339234081696,68.07007729723742,70.85917571513774,24107408,
2020-09-24,66.81700897216797,69.24230870859617,66.41279234942994,67.98923471096579,17724521,
2020-09-25,68.5551528930664,68.83810334167744,66.57448741707482,67.38292079473901,15999517,
2020-09-28,70.73790740966797,71.34423233032227,68.79766643000302,69.20188304377254,22735756,
2020-09-29,68.83808898925781,71.869713523419,68.433872384703,71.54633900620395,21328822,
2020-09-30,68.79766845703125,69.40399339555007,67.4233343968644,69.20188508271048,18475452,
2020-10-01,68.63599395751953,69.36358521996672,68.3126193777811,69.36358521996672,18244405,
2020-10-05,68.2721939086914,69.08062725831644,67.74671716572071,68.71683471812797,15677842,
2020-10-06,68.02965545654297,68.433872059175,67.62543885391094,68.27218171740867,13094249,
2020-10-07,66.93827819824219,68.11050398967562,66.49363742612249,68.07007985844422,19056844,
2020-10-08,66.77659606933594,67.38292110537928,66.57448772398816,67.1808127600315,11961568,
2020-10-09,67.01911926269531,67.22122758003285,66.00857767600768,66.97869513208526,18016087,
2020-10-12,66.8978500366211,68.35303232329123,66.61489963861747,67.62544117995616,11714109,
2020-10-13,66.81700897216797,67.42333390627502,66.61490066079895,66.93827519256061,11503196,
2020-10-14,63.94707107543945,67.14038622521264,63.13863779719659,66.93827790565192,47114322,
2020-10-15,63.86623001098633,65.07887994790379,63.462013365347175,63.947072106542855,20107413,
2020-10-16,64.91719818115234,65.07888237830356,63.42159160214816,63.86623239609914,16578267,
2020-10-19,66.00857543945312,67.22122530239034,65.07887597763003,65.44266846936874,21839955,
2020-10-20,65.20014953613281,66.25110916825602,64.91719910317106,66.00858286908459,14238188,
2020-10-21,66.53406524658203,67.74671523648676,65.20014902411548,65.84689198468391,38563701,
2020-10-22,68.43389129638672,69.44443308703669,65.80648264069683,66.53407396353631,34256481,
2020-10-23,69.72736358642578,70.01031397320533,68.31260548467222,69.52525528617528,46258872,
2020-10-26,69.48485565185547,71.14214676523424,68.15094533429374,70.41455539429093,34724632,
2020-10-27,72.3143539428711,72.7994188418964,70.37411901819554,71.7888772486877,95412168,
2020-10-28,71.22296905517578,73.28447633771336,70.73791033218349,72.31435272387249,44763206,
2020-10-29,69.92949676513672,71.54636374236532,69.52528002082957,70.33371350944387,41912944,
2020-10-30,70.8187484741211,71.74844790590971,69.76778899424106,70.25284769017462,40735912,
2020-11-02,72.11225128173828,72.43562585050643,71.10170960924836,71.38466621183105,31922062,
2020-11-03,69.48485565185547,74.37588070910853,67.14040347683303,73.9312398246826,118128168,
2020-11-04,68.79766845703125,70.41453495974811,68.31260973978745,69.6465258381001,47519427,
2020-11-05,70.17200469970703,70.33368887365354,69.20188115246034,69.40398945382142,41267817,
2020-11-06,70.57623291015625,71.74845878370502,70.2528583412217,70.49538464202995,46143960,
2020-11-09,72.3143539428711,72.63772848626915,70.89959571237894,71.66761102393139,42703600,
2020-11-10,73.97164916992188,74.17375750098724,72.39520665475477,72.59731498582013,43483223,
2020-11-11,75.10345458984375,75.58851333489206,74.13333093189054,74.37586338834299,51801855,
2020-11-12,73.40575408935547,74.8609304868788,73.08237950062008,74.69924627643975,33374610,
2020-11-13,73.93122863769531,74.65881989854233,72.1122535695063,72.75900272756078,24025139,
2020-11-14,73.48658752441406,74.69923746320684,73.00152878246826,73.2036371056004,12521960,
2020-11-17,71.70802307128906,74.69922964113671,71.34423059488807,74.17374682244738,55324429,
2020-11-18,71.38465118408203,72.39519264383486,71.22296084980823,71.70801951691847,37574681,
2020-11-19,72.59729766845703,74.29500601086326,71.14211556476293,71.4654900509011,55196018,
2020-11-20,74.21417999267578,74.45670628387529,72.67815547698557,72.96110590064667,47670803,
2020-11-23,75.70977783203125,76.3161027914423,74.37586168775564,75.1034528726202,54262598,
2020-11-24,76.11399841308594,76.63948130535813,75.7906238510833,76.19484051162242,35713773,
2020-11-25,75.95230865478516,76.72032401665764,75.06303322806785,76.35652531855274,32464332,
2020-11-26,76.07356262207031,76.63946956081728,75.50766185117918,75.95229640892056,30825401,
2020-11-27,76.55863189697266,78.45845510745303,74.2141802351024,77.40748933858545,216981706,
2020-12-01,75.79061126708984,77.7712701077275,75.54807884389287,76.55862032745407,35330973,
2020-12-02,76.63948059082031,76.96284898195131,75.83104727727941,76.51821436021784,27650080,
2020-12-03,79.67110443115234,80.15616317909706,77.04369619794046,77.48833081361619,43841111,
2020-12-04,79.67110443115234,80.68164605931076,78.82224699635663,80.19658114350943,34813873,
2020-12-07,80.64122772216797,81.77303566061191,79.79237022637075,80.03490270170055,27049393,
2020-12-08,79.38815307617188,81.5305027027146,79.0647846681222,81.28797639667735,30386160,
2020-12-09,79.468994140625,80.76248615911446,79.14561959403852,80.23700329189349,24061383,
2020-12-10,78.53929901123047,80.31784986483761,78.01381611471028,79.54984067074744,25985382,
2020-12-11,82.78357696533203,83.18779364370977,78.94351852074352,79.14562685993239,63463638,
2020-12-14,84.5621109008789,85.16843579668041,83.26861902340684,83.63241149374544,45802433,
2020-12-15,85.57266235351562,86.01730312932992,83.1473624880337,84.96633738714515,52215593,
2020-12-16,84.80464935302734,86.70446626131236,84.52169894844978,86.46193381861374,25184934,
2020-12-17,84.44084167480469,85.41096517418089,84.07704921744833,85.41096517418089,16840984,
2020-12-18,83.87495422363281,84.72381164918329,83.14736302571193,84.52170332575285,33596568,
2020-12-21,78.8222427368164,84.03663478918637,76.59905127500876,83.83452647447658,34210970,
2020-12-22,79.95404815673828,80.68163930164268,78.01380715961194,78.70097417563316,29181188,
2020-12-23,79.67110443115234,80.35827150472875,79.06477945425729,80.07532108241571,17602151,
2020-12-24,80.80290985107422,82.05598399498773,80.0349006453575,80.27743311445587,23052394,
2020-12-28,81.2071304321289,82.09641208308166,80.84333787881711,81.53050501721562,15454893,
2020-12-29,79.7115249633789,81.69219031908821,79.18604206623739,81.24754952123227,23647197,
2020-12-30,80.11573028564453,80.5603710205525,79.38813915936603,80.0348881978038,30281285,
2020-12-31,80.31785583496094,81.04544711746726,79.22647199513008,79.30731410032918,50363279,
2021-01-01,80.07530975341797,81.0050029855061,79.87320145638043,80.80289468846854,13493039,
2021-01-04,80.07530975341797,80.84331881501835,79.63066903279308,80.64121051798081,22325584,
2021-01-05,78.90309143066406,79.54984055898905,78.41803266834873,79.54984055898905,23510160,
2021-01-06,79.10519409179688,80.03489358417421,78.62013536425194,79.2264603156472,21952878,
2021-01-07,78.41802978515625,79.63067973028754,78.29676355707181,79.30730517801454,24999580,
2021-01-08,80.96459197998047,81.24754238656142,78.70097639162033,78.90308470601475,43240591,
2021-01-11,80.03489685058594,81.85387177900834,79.79236439298697,81.44965512824781,22036573,
2021-01-12,80.96459197998047,81.65175901535028,79.46899168703293,80.03489250019483,24262426,
2021-01-13,82.90484619140625,84.36002258531573,80.96460483166969,81.04544693668845,49236964,
2021-01-14,82.62188720703125,83.95580348915831,82.21767052565076,83.83453725117275,29301114,
2021-01-15,81.2071304321289,83.75369680888309,80.76249577450973,82.86442132578755,24067229,
2021-01-18,78.8626708984375,81.57092122042576,78.25634592331221,81.20712253463664,23613664,
2021-01-19,80.56037139892578,81.5304887932829,78.86266287487285,79.22645535579277,22934496,
2021-01-20,79.468994140625,80.60079580189299,79.22646168872103,80.51995370721049,25599184,
2021-01-21,77.69043731689453,80.15616129890621,77.2862206751127,79.7923626205887,22667011,
2021-01-22,76.03316497802734,78.01382437320936,75.10346531928289,77.85214015771358,26029669,
2021-01-25,75.34598541259766,77.04370037421643,74.94176873942308,76.84159203762914,18599824,
2021-01-27,73.80996704101562,75.26514336475897,73.4057503675552,75.18430126363828,22812859,
2021-01-28,74.05249786376953,74.9013553969846,73.04195611844555,73.40575484747659,32227832,
2021-01-29,71.91014862060547,74.86093177065004,71.26340559990113,74.37587296315745,36962884,
2021-02-01,74.37586975097656,74.69924433129137,71.4655108638576,72.23352009523028,29033297,
2021-02-02,76.11399841308594,77.08411593123711,75.10345676173816,75.10345676173816,29279584,
2021-02-03,78.37760162353516,79.30730110057499,76.23525843156646,76.88200133500477,31420256,
2021-02-04,80.07530975341797,81.0050029855061,78.4180192505678,78.66055167415516,39264443,
2021-02-05,80.43912506103516,82.46020860528228,79.34774118071321,81.16671637053562,54911202,
2021-02-08,81.08586883544922,81.61134558749855,77.69044500764737,77.77128711043518,53737961,
2021-02-09,80.80290985107422,81.81345152588933,80.43911731528354,81.16670855472181,28074809,
2021-02-10,80.7220687866211,81.24755169784021,79.75195123349117,80.84333502272658,19070866,
2021-02-11,81.09713745117188,81.59722128673361,80.22198596975561,81.59722128673361,18452535,
2021-02-12,79.97193145751953,81.5972116803916,79.0134402017478,81.51386544409539,21660998,
2021-02-15,79.34683227539062,80.59704500888256,79.18013978782268,80.38867621996724,12574055,
2021-02-16,81.68057250976562,82.63907029569312,79.59688443553692,79.88859949414666,32865663,
2021-02-17,82.8057632446289,83.47254597554253,80.84709771607332,81.55555039334942,28774857,
2021-02-18,86.18133544921875,86.88978808508472,82.97245725694746,83.09747344763892,50705280,
2021-02-19,86.84810638427734,88.97347051868609,84.5143798253631,86.38969887610824,61069583,
2021-02-22,85.0561294555664,88.59839833725195,84.51436941364429,86.93144827528228,30636415,
2021-02-23,86.18133544921875,86.80644183832008,83.80593244241591,85.13949146738321,31233104,
2021-02-24,86.01464080810547,87.26485364751927,85.09781933098428,87.09816114582864,16153025,
2021-02-25,90.01532745361328,91.84897046928894,85.84795118261268,86.34803506335044,68361756,
2021-02-26,89.431884765625,92.47406392929352,87.34819692261333,89.26518592283767,67331805,
2021-03-01,90.39037322998048,91.51556971677952,89.30685940119942,91.2655246399552,27205189,
2021-03-02,93.80762481689452,94.76611609239912,89.93196433968389,90.39037182820556,53649872,
2021-03-03,93.93264770507812,95.5995980200496,93.34921763840242,95.39122923067816,31702057,
2021-03-04,92.34905242919922,94.18269528047595,92.09900733179286,92.9324825112661,28057179,
2021-03-05,90.59873962402344,93.6409249704301,90.34870091268812,92.51573487214552,24778407,
2021-03-08,92.1406707763672,94.43272720006875,91.26551941648071,92.2240170109016,28163362,
2021-03-09,91.26553344726562,93.2241988750366,89.55690676153777,92.84913758251638,20611697,
2021-03-10,91.39054870605467,92.18234753105006,90.80711230334866,91.97397874985016,13207045,
2021-03-12,90.93213653564452,93.43256195656367,90.51539896549134,92.5157405740088,21763020,
2021-03-15,92.09900665283205,92.51574423949644,89.76527362394702,91.64059276393682,20350674,
2021-03-16,91.30720520019533,92.89080289761806,91.09883641275437,92.14068034995918,15360040,
2021-03-17,88.8067855834961,91.59892624680322,88.47339422991215,91.43222739055568,18850429,
2021-03-18,86.51472473144531,90.223686674741,86.01463454496471,89.51523405577461,20023557,
2021-03-19,90.43204498291016,91.30719634888948,85.01445703462522,85.30617203698161,72249183,
2021-03-22,91.55724334716795,92.14067976363653,89.05681791378746,90.6820982608312,31980425,
2021-03-23,90.55707550048828,91.84895815596096,90.09866162856883,91.68226567103244,14060206,
2021-03-24,88.34837341308594,91.18219043585398,88.01498205295242,90.01532385484228,15196366,
2021-03-25,85.84793853759766,88.7651014976131,85.55622351337823,88.34836393189661,22543755,
2021-03-26,86.84810638427734,88.13999538502158,86.43136881744509,88.13999538502158,17402475,
2021-03-30,89.76526641845703,90.59874152488248,87.18149486032021,88.22333874335203,36129962,
2021-03-31,88.8067855834961,90.84879729096713,88.43171792612247,89.76527698154709,23063667,
2021-04-01,89.93197631835938,90.64042897419152,89.14017105450247,89.5985849629939,13753303,
2021-04-05,88.59840393066406,89.84861655606998,86.4730399239099,89.51522525084636,15666099,
2021-04-06,88.3900375366211,90.0986576886088,88.18166876011695,89.80694267328509,17393454,
2021-04-07,87.88994598388672,89.47354993183907,87.72325350890661,89.09848868367865,15692013,
2021-04-08,87.51488494873047,88.72342129255357,87.26483987674139,88.34836004348028,11394998,
2021-04-09,85.68124389648438,88.30668540723246,85.3478525805275,88.30668540723246,19751417,
2021-04-12,82.55571746826172,84.59772907477823,81.72224230496342,84.59772907477823,20221362,
2021-04-13,83.84759521484375,84.30600907120758,82.72240508248126,83.01412010066257,19192856,
2021-04-15,84.47269439697266,85.84792949069293,82.76407437294075,84.34767186865083,13865351,
2021-04-16,85.3895263671875,85.76459399912582,83.76425237218697,84.93111885114386,14654851,
2021-04-19,82.55571746826172,83.68090766693227,82.22232613116023,83.34751632983077,11652043,
2021-04-20,82.55571746826172,84.09764524858141,81.80558854951107,82.68073365562779,16528675,
2021-04-22,82.47235870361328,83.13914132800353,80.88876109877961,81.72223619981223,18614270,
2021-04-23,85.47288513183594,85.847946431906,81.68057039152221,81.68057039152221,29484794,
2021-04-26,85.34786224365234,86.63974499575095,84.05597313264258,86.63974499575095,24369413,
2021-04-27,85.0561294555664,86.30634200204366,84.76440810759384,85.0561294555664,17763436,
2021-04-28,86.3480224609375,86.6397374855497,85.1394860622967,85.7229161115211,15160578,
2021-04-29,85.8896255493164,87.51489971473988,85.55623418338274,87.1815083488062,11588556,
2021-04-30,85.3895263671875,88.0566506560762,85.0561413951233,85.2228338811554,15321193,
2021-05-03,86.8897933959961,87.18150845695817,84.22267518304088,84.51439024400295,12186212,
2021-05-04,86.4730453491211,88.39004070524419,86.26467656514731,86.93145921742769,12992684,
2021-05-05,86.59806060791016,88.05664197305187,85.68123930731738,87.30651314205411,14956169,
2021-05-06,85.8896255493164,87.59824596649544,85.55623418338274,87.51489971473988,13547274,
2021-05-07,87.55656433105469,87.93162559333882,86.13965280472564,86.68141290717762,13229291,
2021-05-10,89.76526641845703,90.01531149394884,88.01496996674567,88.34836128109794,23980945,
2021-05-11,93.93264770507812,94.51608413066462,88.9317967601637,90.01531700845949,45613487,
2021-05-12,94.4327392578125,97.30822604932456,93.14085020138774,95.1828618233124,62158914,
2021-05-14,92.8491439819336,94.97450205088548,91.8072999210028,94.97450205088548,16227312,
2021-05-17,92.9741668701172,93.55759700273892,91.64060138027632,92.68244544489478,12832920,
2021-05-18,93.4325714111328,95.182868111109,93.14085635428869,93.84930902345626,14892142,
2021-05-19,93.30753326416016,94.30770718195625,92.4740581787852,94.30770718195625,12610425,
2021-05-20,93.1408462524414,93.97432138669144,92.432393660111,93.34921503600393,10303689,
2021-05-21,94.0576629638672,94.30770803530632,92.72410408698254,93.5992554781092,12171685,
2021-05-24,94.09935760498048,94.97450280778996,93.39090490968378,93.64094367095298,11341268,
2021-05-25,94.4327392578125,95.72462195532636,94.22437046541566,94.93282308778274,15289982,
2021-05-26,92.59908294677734,95.01616202444444,92.432390469246,95.01616202444444,17466748,
2021-05-27,91.93231201171876,93.05750219761572,91.09883685788236,93.0158258963596,34169451,
2021-05-28,90.8071060180664,92.51573244920588,90.30702224958246,91.93230244579296,13383166,
2021-05-31,92.09900665283205,92.80745927837933,89.84862622840865,90.80711759060802,14754293,
2021-06-01,91.84895324707033,92.89079711946862,91.2655232220914,92.4740595705093,10271211,
2021-06-02,92.64077758789062,92.807470098426,91.72395606212262,91.76562601030064,6492771,
2021-06-03,93.1825180053711,93.51590295567328,92.05732154191512,93.01581917130969,12140851,
2021-06-04,93.1408462524414,94.18269017025396,92.55741620203064,92.9324774688789,8930671,
2021-06-07,97.0165023803711,97.30821739199114,93.34921068867672,93.47423322477398,28407410,
2021-06-08,96.84981536865234,98.76681086572884,96.68312287278096,97.93333566854967,43191813,
2021-06-09,98.43341827392578,100.85049758705053,96.51642915993176,97.09985924703624,49807823,
2021-06-10,98.76680755615234,99.93367406488484,97.76663989661644,99.47526017823289,22144392,
2021-06-11,99.016845703125,99.64195203620304,97.9750018146616,99.10019194241998,13871562,
2021-06-14,98.51675415039062,99.10019053499038,96.8914802510342,99.01684429687909,14179055,
2021-06-15,98.18338012695312,99.14187151029029,98.01668127326457,98.51676511650813,8148417,
2021-06-16,99.8503189086914,100.5170951692392,97.39156356348607,98.1833687189564,21585917,
2021-06-17,97.84998321533205,100.51710113360215,97.47491558504014,98.5167595154442,14466025,
2021-06-18,94.64110565185548,98.47509006301598,94.09934553357054,97.84998370166664,43927941,
2021-06-21,98.35006713867188,98.72512841046692,94.2243677132834,94.3910601987677,34597018,
2021-06-22,98.60011291503906,99.10019673389836,97.47491637396718,98.7668054016886,16712010,
2021-06-23,97.7249526977539,99.0585115480734,97.4749076312958,99.0585115480734,12590251,
2021-06-24,98.35006713867188,98.76680471129336,96.43307176104872,97.6832844789132,14046692,
2021-06-25,96.72480010986328,99.26689567045118,96.43307870090578,99.26689567045118,12768348,
2021-06-28,96.8081283569336,98.22503339877431,96.68310582761588,97.43323464461214,10709748,
2021-06-29,98.01666259765624,98.80846769426036,96.18302006883276,96.89147257501864,33488455,
2021-06-30,97.0165023803711,98.72512251066586,96.80813360651244,98.22503872518716,16739618,
2021-07-01,97.8083038330078,98.18337145148284,96.4330686164204,97.349896333419,12479506,
2021-07-02,97.93333435058594,99.22522343239211,97.51659675760472,97.97501065344848,17215972,
2021-07-05,98.8501434326172,99.2668809735295,97.724953343936,98.26671341890406,16409169,
2021-07-06,98.05835723876952,99.14187116891448,97.55827339724792,98.43341853018296,14979094,
2021-07-07,97.89166259765624,98.51676901618256,97.39157873461748,97.5582775949046,14545289,
2021-07-08,97.89166259765624,98.93350662853344,97.6832937914808,97.80831634696834,12037089,
2021-07-09,98.18338012695312,98.68346397019668,96.89149103623885,97.51659743002104,9585144,
2021-07-12,98.22504425048828,98.97517315035734,97.6416141944294,98.35006679361824,7651672,
2021-07-13,99.93368530273438,101.68398208320392,98.43342728581098,98.47510359252448,30663035,
2021-07-14,100.6421127319336,100.8088051991057,99.85031397450102,99.9753301454251,9539611,
2021-07-15,100.26705169677734,101.017174159424,99.35022404881364,100.64211292810069,11278872,
2021-07-16,99.26688385009766,100.68379534560508,98.60010758066218,100.14203525493784,17198632,
2021-07-19,101.18389129638672,101.55895259558233,98.7668119268174,99.26689577871524,14364285,
2021-07-20,98.72512817382812,101.6839674759128,98.51675938801682,101.6839674759128,11360716,
2021-07-22,99.35023498535156,99.76697255887888,98.8084812268946,98.97517371274124,9520328,
2021-07-23,98.76680755615234,100.10036655517054,98.60011506586666,99.51693648025972,10442400,
2021-07-26,99.47525024414062,100.0170103218326,98.39173644766691,98.516752623441,5370055,
2021-07-27,99.05852508544922,99.6836314781116,98.51676494002628,99.43359273639328,5280342,
2021-07-28,97.3498992919922,99.6419559363259,96.51642414859812,99.6419559363259,11010096,
2021-07-29,97.3082275390625,98.55844031258366,96.05801476554136,98.10002641872816,11897018,
2021-07-30,98.51675415039062,99.97533557352448,96.8914802510342,97.4749102767236,14546264,
2021-08-02,98.14169311523438,98.9751682160007,97.51658678965964,98.85014567910368,11742555,
2021-08-03,98.05835723876952,98.76680987750105,97.09985949982168,98.76680987750105,21122697,
2021-08-04,98.22504425048828,99.05851939280709,97.14153038082026,98.39174309429843,9432176,
2021-08-05,97.09986114501952,98.183381452434,96.64144723982623,97.55827505021284,11045322,
2021-08-06,98.05835723876952,98.93350237170456,97.05818319681528,97.09985949982168,8434733,
2021-08-09,97.26654052734376,99.26688201652236,97.1415243508847,98.76679823395529,7816050,
2021-08-10,95.30789184570312,97.6832949935521,94.72446172479684,97.43325623841145,9774255,
2021-08-11,97.47491455078124,97.76663593532764,95.4745793127586,95.59959549595204,8056886,
2021-08-12,99.30855560302734,99.5169243699834,97.09984540151136,97.47490663846818,8640167,
2021-08-13,98.55843353271484,99.55860113916548,97.6832821078876,99.55860113916548,9744939,
2021-08-16,99.05852508544922,99.51693898363273,98.43341869278684,98.55844124310153,8768804,
2021-08-17,97.84998321533205,99.60027974662871,96.8498092267977,99.47525720319808,8758578,
2021-08-18,97.14153289794922,99.10019826136914,96.7664652588406,97.84998551549546,9357721,
2021-08-20,95.14118957519533,97.51659247918826,94.55775315527254,96.93316241817622,11684504,
2021-08-23,94.51609802246094,96.4747636586512,93.51592387112788,96.26639483865412,6271685,
2021-08-24,94.97449493408205,96.9331667089903,94.7244561935419,95.1828637306543,11791078,
2021-08-25,95.0161590576172,96.05800290693315,94.84946658529071,95.59958906967005,9491958,
2021-08-26,93.97433471679688,95.43291640863188,93.30755197125056,95.0995250358587,11668986,
2021-08-27,94.51609802246094,95.09952817488808,93.4325776149114,93.93266151112203,8095717,
2021-08-30,95.80795288085938,96.26636669439664,94.3910478626876,94.3910478626876,9915170,
2021-08-31,96.64144897460938,96.97484033356083,95.5996049522056,96.05801886562776,11386659,
2021-09-01,96.18302917480467,97.26654300481307,95.64126908034524,96.68311297010936,7508413,
2021-09-02,97.09986114501952,97.26655364204738,95.84964834057725,95.93299458909117,5700524,
2021-09-03,97.5165786743164,98.26670747436236,97.0998411586142,97.5165786743164,9364904,
2021-09-06,97.05817413330078,98.05834808185648,96.59976663759272,98.05834808185648,7005043,
2021-09-07,96.55809783935548,97.43324931746189,96.05801400568508,97.26655046696445,7723357,
2021-09-08,97.71472930908205,98.18594940885768,96.3010559364679,97.54337119736432,10508654,
2021-09-09,98.14313507080078,98.3144866812954,97.24352277409174,97.62906716602708,5757417,
2021-09-13,98.52867126464844,98.95705679188605,97.8004171756734,98.228802702911,6322443,
2021-09-14,99.2997589111328,99.51395165833688,98.35731213076372,98.74285646107349,7369292,
2021-09-15,106.41095733642578,106.9678598029189,99.38543763547244,99.38543763547244,48721413,
2021-09-16,106.23961639404295,107.6961246493034,105.382845294091,106.66800194401895,17684303,
2021-09-17,106.02540588378906,106.83933567793646,104.14051239384584,106.36811557377249,15763396,
2021-09-20,105.12580108642578,106.19676485681173,104.3547124010632,104.95444949782168,7431359,
2021-09-21,106.32527923583984,107.43908414466438,104.61173724481375,104.78309536590272,8629222,
2021-09-22,106.58231353759766,108.80991682672143,106.23960383081462,106.7536651226672,11698183,
2021-09-23,108.12450408935548,108.8099235452431,106.7965128814592,106.92502984651868,11053966,
2021-09-24,106.45378875732422,108.55287493506476,106.19675486196503,108.38152336258764,8598140,
2021-09-27,108.68141174316406,109.49534820277776,106.6680009837318,107.35342047218072,8490460,
2021-09-28,113.05093383789062,114.5074419619168,109.10978844054556,109.23830540128766,35900138,
2021-09-29,120.5048370361328,123.58921789399844,111.8942988650601,112.57970521277416,75859390,
2021-09-30,121.53296661376952,122.6895995725395,119.17684646003497,121.44728428795511,34614825,
2021-10-01,119.8622589111328,123.67490035922,117.97736530628374,120.76187108510044,22452069,
2021-10-04,124.70303344726562,127.95876616954222,120.37633687379864,122.90380894795013,58612212,
2021-10-05,124.5745086669922,126.67360825248694,123.54638599502296,124.703032171794,24390676,
2021-10-06,122.77528381347656,126.20236772691185,122.34689832429714,125.4741071659918,14421296,
2021-10-07,122.34691619873048,124.78870599981704,121.8756894771311,123.54639051435656,10035682,
2021-10-08,120.89039611816406,123.2893445148756,120.20497668769436,122.98948250193078,10686586,
2021-10-11,124.06045532226562,125.73115631796576,121.19026696746316,121.66149367735017,17449923,
2021-10-12,123.84622955322266,125.3027373902816,123.20365141275968,125.08854467679394,16030831,
2021-10-13,125.38843536376952,126.15952399930602,123.97475543423612,124.66017481765044,19100941,
2021-10-14,128.00160217285156,129.02973799214354,125.8168462400811,126.37374224778928,29263867,
2021-10-18,128.13009643554688,129.9721487235501,127.40183590868772,129.58660441597814,25346029,
2021-10-19,128.2157745361328,130.31487393846743,126.88778994874616,129.32957944744982,20234486,
2021-10-20,125.3027572631836,129.0725443891369,124.48882743749913,129.0725443891369,16129487,
2021-10-21,126.71643829345705,127.27334734290594,125.00289612276369,126.54508669104555,20818539,
2021-10-22,124.14611053466795,126.88778814612596,123.37502187725026,126.67359539981128,11379569,
2021-10-25,123.28933715820312,125.30275416382574,122.64675893172196,123.97475654777384,14079380,
2021-10-26,122.68960571289062,124.78869206752417,122.04702745698516,124.48883005874112,16224116,
2021-10-27,121.0617446899414,123.84625043477278,120.67620035531466,123.37502377098988,15072448,
2021-10-28,117.67749786376952,121.53296722565555,116.77788573133864,121.06174057787864,19999659,
2021-10-29,113.65066528320312,117.29194194870033,110.13791210869609,112.23699839532516,29217522,
2021-11-01,115.06436157226562,115.9211326739604,112.15133198252968,114.12190813108556,10043407,
2021-11-02,117.07774353027344,120.63335076943255,115.66407671089948,115.66407671089948,21525811,
2021-11-03,117.1634292602539,119.04832276532262,116.13530671869708,118.19155180181072,9808728,
2021-11-04,117.5061492919922,118.49144388550644,117.33479768933864,118.49144388550644,1026849,
2021-11-08,120.20496368408205,120.4619975768636,116.99207270752932,118.83412497143814,12765483,
2021-11-09,118.6627960205078,121.14742695335434,118.27725164448532,120.59053097390957,9556650,
2021-11-10,117.7203369140625,118.44859753509466,117.163440961477,118.405756367983,5479056,
2021-11-11,117.07774353027344,118.02019679204744,115.10718083012476,117.80600405739762,11418813,
2021-11-12,116.90641021728516,118.40575959402317,115.36421967226823,118.40575959402317,9306659,
2021-11-15,117.5061492919922,117.93453483527075,116.52086777176724,117.63467279894934,3991733,
2021-11-16,115.06436157226562,118.06306042819732,114.80732762709928,117.97737808871204,5762128,
2021-11-17,116.90641021728516,118.23440799419664,114.80732370450976,114.80732370450976,15264066,
2021-11-18,115.92110443115234,117.89168009960072,115.4498778253711,117.03490920664808,9942974,
2021-11-22,111.5087432861328,117.29194768474422,111.12319894088304,115.66408797222816,15990636,
2021-11-23,114.37892150878906,114.59311424569692,109.79519170964632,111.42306435411824,11510010,
2021-11-24,115.96397399902344,117.63467503490806,114.42178339924936,115.23571333229164,7570759,
2021-11-25,115.83543395996094,117.1205904308332,113.35080334558968,116.09246786879292,13919886,
2021-11-26,110.39495086669922,114.85015754435354,109.66669027229447,114.1218969499488,13323593,
2021-11-29,108.3815460205078,110.82334892696558,107.13923051872516,109.49535108438836,16077669,
2021-11-30,109.02410125732422,110.90899469583864,106.83933276285404,109.49532788527456,22883512,
2021-12-01,109.4096450805664,113.9076924603622,107.824620168348,111.38022083303908,17010938,
2021-12-02,110.26642608642578,111.6372649281865,108.46720827741989,109.40965507864736,12916313,
2021-12-03,108.8099136352539,111.5944192991482,108.2958523584791,110.26642167555649,12827354,
2021-12-06,106.53947448730467,109.32398028812943,106.23960593916009,108.80991898607525,8158812,
2021-12-07,107.396240234375,108.29585237132042,106.2396007273336,107.18204749097312,8701301,
2021-12-08,109.02410125732422,109.36681093795688,106.96784971017172,106.96784971017172,12093435,
2021-12-09,107.9959945678711,109.36682695451398,107.65328483704928,109.02411722369214,11518172,
2021-12-10,108.0816650390625,108.55288517615216,106.58231576018392,108.03882387357976,8389566,
2021-12-13,107.78179931640624,110.1807608401649,107.52476539005916,109.323983264556,13223189,
2021-12-14,108.25302124023438,109.19546809121432,107.09638162600244,107.09638162600244,11649242,
2021-12-15,108.55288696289062,110.05223626644792,107.86747406039382,108.08166681804488,11916145,
2021-12-16,109.15264129638672,109.83805426601084,108.16735320736689,109.28115827089276,10758513,
2021-12-17,107.56761169433594,109.409664286775,106.32528970651458,109.15263688479598,13041775,
2021-12-20,104.31187438964844,107.48192463118536,102.04142982045045,106.66799475573906,14185935,
2021-12-21,104.69742584228516,106.83935359304094,103.54078616420595,105.85407205700908,10168470,
2021-12-22,104.99729919433594,106.153938853001,104.22620390967766,105.42568473729668,7885198,
2021-12-23,106.71083068847656,107.43908473131032,105.21148143814187,105.46850881621287,9836979,
2021-12-24,103.8834991455078,107.09639087165752,103.58363055839617,106.92503926092088,8509575,
2021-12-27,104.39754486083984,104.65457877504976,103.32658111270516,103.883483569064,5097217,
2021-12-28,106.32527923583984,106.75366473359637,104.483220288158,104.52606145259124,6511374,
2021-12-29,105.5113525390625,106.88218486527629,104.69741614716008,106.75366790480284,8960770,
2021-12-30,108.72425079345705,109.53818070056296,104.74026398486338,105.59703506040418,32394253,
2021-12-31,106.58231353759766,108.6385652416519,106.23960383081462,108.6385652416519,9155163,
2022-01-03,107.9531478881836,108.4243745610833,106.8393429540447,107.43908658652106,9034081,
2022-01-04,113.8648681640625,114.20758443058922,108.595731396619,108.8099241607149,33986738,
2022-01-05,113.0937728881836,113.82203347321818,111.97996796477872,113.60784072153602,16122852,
2022-01-06,112.15133666992188,113.39366527793432,110.78051069388997,113.39366527793432,8037648,
2022-01-07,112.53689575195312,113.26514338528573,110.90902272341094,112.49405457980644,8820039,
2022-01-10,112.96527099609376,113.35081536357512,112.0228175882157,113.05094025926236,7324926,
2022-01-11,113.3508071899414,114.80731529167063,112.23700226275264,113.22228369452264,11971883,
2022-01-12,114.67877960205078,114.97864154538227,113.39362337075376,114.25039419161844,10439580,
2022-01-13,115.62124633789062,117.07775445475822,114.37893097565907,115.15001966303365,15114699,
2022-01-14,115.96397399902344,116.64938042266569,114.2075906235388,115.1500309926916,9344382,
2022-01-17,117.03491973876952,117.67749796631044,115.1928543091797,115.3642058885331,9803141,
2022-01-18,115.6641082763672,118.0202290005154,115.15004034360044,117.03494738155148,6473378,
2022-01-19,115.49272918701172,115.92111467133054,113.90769766571708,114.89299212362286,21136414,
2022-01-20,115.57839965820312,116.82072803445296,114.93582142495154,115.23569649645069,8466412,
2022-01-21,114.89299774169922,116.60653976276386,113.5650000607165,114.85015657651498,12437749,
2022-01-24,113.60784149169922,115.87827944560657,112.23700264232504,113.9505446673987,14284658,
2022-01-25,115.92110443115234,116.22096639971396,112.27982813610352,112.40833854073188,10007486,
2022-01-27,115.6641082763672,116.52087944878473,114.07907637807853,114.97868872377504,18760325,
2022-01-28,120.0764389038086,123.37501216674816,118.23438665980032,119.9479284954496,34009553,
2022-01-31,121.70433807373048,122.86097122144804,118.70563920638268,121.66149690382473,27928927,
2022-02-01,120.9332275390625,123.50354066910242,120.33349042337758,123.37503024191588,17413984,
2022-02-02,120.9332275390625,122.30406643773256,120.5905243510393,121.6614881552226,10783943,
2022-02-03,120.49236297607422,122.2118038041168,120.1837553962375,121.24186351417352,9571728,
2022-02-04,118.33203887939452,121.1977552363506,118.06750852476095,120.80096643168662,7213085,
2022-02-07,119.16969299316406,120.22781428623269,118.33202484829404,118.33202484829404,10562489,
2022-02-08,119.03744506835938,119.61058294056328,117.09757828408576,119.4342338610061,8721631,
2022-02-09,119.08155059814452,119.56652071852233,118.02344253386735,119.30199033880952,5144026,
2022-02-10,120.31600189208984,120.66871353268436,118.42022559672272,119.16971260566103,6081460,
2022-02-11,120.9332275390625,121.41819762411848,118.55248120419212,118.55248120419212,8426925,
2022-02-14,116.8330535888672,120.31599853324336,116.21582505327456,118.77292046697528,7705072,
2022-02-15,119.34606170654295,119.742850484754,115.20178448757588,116.4803455406374,12674466,
2022-02-16,117.45028686523438,120.5364431223404,117.1416793122679,118.9492743563426,12946623,
2022-02-17,117.05349731445312,118.94927362170904,116.78896694599166,118.59657543347603,5811964,
2022-02-18,116.70079803466795,118.24387613925784,116.3039957584005,117.05349621960204,6760078,
2022-02-21,116.34808349609376,118.28795037404174,115.64267368922911,116.74487230790103,12212740,
2022-02-22,116.48037719726562,116.83307543940344,112.77698510922886,115.55452749343448,13578566,
2022-02-23,114.80500793457033,117.67072440563656,114.49640038735328,116.39217667099858,9263264,
2022-02-24,109.69080352783205,113.74689293831467,109.02948438284184,111.98337521834084,18045779,
2022-02-25,114.93727111816406,115.51040898703418,110.21985590365856,110.21985590365856,10424521,
2022-02-28,117.7148208618164,118.1116097018965,113.57055645122904,113.70281491306444,13262687,
2022-03-02,115.4663314819336,119.03745791015297,115.02545200819227,117.09759091660597,12587947,
2022-03-03,116.48037719726562,117.67074385541235,114.84911755458336,116.48037719726562,15628119,
2022-03-04,114.80500793457033,117.58255658696312,114.40821911410656,116.39217667099858,15883138,
2022-03-07,114.6727523803711,115.06954121087318,111.8952103849961,113.7469028061505,14985637,
2022-03-08,117.93524932861328,119.74285771017198,115.06953298978716,115.06953298978716,28572640,
2022-03-09,115.95130157470705,118.1116083047659,115.59860337760207,118.1116083047659,14286413,
2022-03-10,117.22985076904295,119.03745932376304,116.34809181108916,117.18576013023048,13101323,
2022-03-11,116.34808349609376,117.62663120283858,115.95129468428644,117.18575175536982,8669803,
2022-03-14,116.52442932128906,117.1857484739742,115.28997228477256,116.34808023815422,5670284,
2022-03-15,115.55451202392578,117.22984863166305,115.20180037443066,115.77495175939508,6895190,
2022-03-16,117.05349731445312,117.27393704574212,115.99538929518069,116.74487630881916,5561866,
2022-03-17,117.1857452392578,118.42021569627144,116.30398639335048,117.71480592863112,13995384,
2022-03-21,117.1857452392578,117.6266246622115,116.12763731508343,117.1857452392578,9172207,
2022-03-22,117.14167022705078,118.2879459842719,116.17173009678562,117.5384590241329,10343712,
2022-03-23,117.67072296142578,117.93525332334605,116.56852433223564,117.1857528736675,11892811,
2022-03-24,119.39014434814452,119.6546746972495,117.58254944750082,117.71480789476708,11276181,
2022-03-25,118.81700134277344,120.05145831255793,118.33203129943958,119.91919987099952,7266868,
2022-03-28,118.86109924316406,119.47832776579978,117.97934036666368,119.47832776579978,7778682,
2022-03-29,118.46430206298828,119.3019702455172,118.06749983296302,119.0374399103576,5116935,
2022-03-30,119.30198669433594,119.87512462072694,117.6707272814176,119.0374563227041,24047012,
2022-03-31,119.03744506835938,119.56650576160324,118.4202165626231,118.4202165626231,11615450,
2022-04-01,126.04744720458984,126.4883267075472,120.62463470004438,121.68274281622708,32589741,
2022-04-04,127.23780059814452,128.73678790336524,124.76887320771355,125.07749417698189,15437496,
2022-04-05,131.47024536132812,132.79288359049815,127.63458911490636,128.20772696571797,23958626,
2022-04-06,134.9091339111328,136.93718240594072,130.7648690897451,132.5724778232603,52737388,
2022-04-07,135.3500213623047,139.31793729800742,134.2037318455198,134.86505116813692,37738903,
2022-04-08,134.07144165039062,136.58444640917935,133.32194121354303,136.58444640917935,17585569,
2022-04-11,134.99729919433594,136.31993760530105,133.89510051853168,134.4241478101735,15583159,
2022-04-12,134.55641174316406,135.4381706315083,133.0133336885616,134.64457955925477,11306524,
2022-04-13,135.7467803955078,137.7307379268131,134.6886724030596,134.95320276481493,19454061,
2022-04-18,143.90306091308594,144.38803103648974,136.23176058099335,136.58445878642843,82098517,
2022-04-19,141.65457153320312,146.68060836854414,140.6405541110969,145.40204711296587,38522118,
2022-04-20,141.52230834960938,143.903054771118,140.19966995381864,142.9772052031498,20047692,
2022-04-21,143.462158203125,144.07938668999688,141.39003303615706,142.49223156791828,21966151,
2022-04-22,141.47817993164062,143.72666729496044,140.94913278734592,142.1835895786035,9922564,
2022-04-25,137.64256286621094,141.87499461328355,137.02532090307147,139.8469600072164,12008027,
2022-04-26,138.43614196777344,139.71468963261225,137.55438310173665,138.9652026692245,11735823,
2022-04-27,137.24578857421875,140.72874753014608,136.84899969892612,138.2598195383834,17873048,
2022-04-28,140.81687927246094,141.16959086921992,136.8930552586976,139.31789198630742,29123808,
2022-04-29,137.73072814941406,141.96317327332196,137.2898487293106,141.4341125873689,28941216,
2022-05-02,138.87701416015625,139.6265145390398,134.90909946986608,136.319918963798,13368198,
2022-05-04,139.89102172851562,142.75673769516308,138.70065547665078,139.3178839170145,24511385,
2022-05-05,139.6706085205078,141.74274737879233,138.4361514057256,140.72872999554792,33396072,
2022-05-06,140.19964599609375,141.39002573071926,137.59846028645154,137.95115841656292,22604305,
2022-05-09,140.19964599609375,140.90505571088772,137.51027902663807,140.15555536618703,22958742,
2022-05-10,137.06942749023438,142.18363214352075,136.23175917007106,140.1555838468379,20322427,
2022-05-11,134.5123291015625,138.39206305901098,132.30793174970003,135.83496751267998,13794764,
2022-05-12,130.9852752685547,134.90909932264535,130.50030522713408,133.23376294817982,11818556,
2022-05-13,127.10554504394533,132.263840193314,126.53240711827038,132.263840193314,22913410,
2022-05-16,130.72076416015625,131.29390209504916,124.90114971622197,126.44422787662856,16286682,
2022-05-17,132.70474243164062,132.92518220312175,129.00135696167283,130.05946517386707,13925542,
2022-05-18,130.9412078857422,133.05742404550026,129.7949185264673,132.70472583706533,17611218,
2022-05-19,130.50030517578125,130.985275217011,128.51634783358188,130.05942576640362,11701170,
2022-05-20,131.9111328125,133.10149921857598,130.19169224610252,133.10149921857598,17841739,
2022-05-23,132.3960723876953,136.98122870181174,130.85299455821368,136.1435471164364,26055890,
2022-05-24,129.53038024902344,133.89509767621328,129.0013329686122,132.39609674528126,16581141,
2022-05-25,134.60049438476562,135.04137384682457,129.9712600331467,130.85301895726462,19926619,
2022-05-26,135.9231414794922,136.7608232747329,132.79290786197942,135.0413824988803,22698086,
2022-05-27,132.6605987548828,136.67260368294131,131.8229306490305,136.67260368294131,10245727,
2022-05-30,133.05740356445312,134.46822309017895,131.20571807333167,132.30791662325117,12513990,
2022-05-31,137.55438232421875,139.31790004632413,132.57245014110006,133.23376928688958,124665699,
2022-06-01,138.2598114013672,141.2577865655549,137.77484126918478,137.95119037509448,16084988,
2022-06-02,140.2437744140625,140.46421416842142,136.01132843945618,137.1135272112508,17646975,
2022-06-03,136.672607421875,140.59643120210498,136.40807710369268,140.19964245211693,14063328,
2022-06-06,136.84898376464844,139.8910493937833,136.31993647738395,137.37804450648648,18485464,
2022-06-07,138.65660095214844,139.05338980608866,135.3500047450225,136.84899233467138,14911957,
2022-06-08,138.48025512695312,140.86100176158612,137.642586758879,137.642586758879,16416591,
2022-06-09,136.80490112304688,139.3179196117983,136.40811227076358,136.9371730435242,13821409,
2022-06-10,136.89309692382812,138.0834770615178,135.7908980758102,135.87907936548194,7908849,
2022-06-13,131.29388427734375,136.58443725219288,130.2798670056598,135.7908596877943,19208167,
2022-06-14,133.498291015625,134.42414054417054,131.29389378317035,131.29389378317035,17034328,
2022-06-15,130.63258361816406,135.52634850246366,130.10353631865055,134.51233108746572,15172295,
2022-06-16,126.04744720458984,132.39610935626067,125.20977883988584,132.35203216962466,18494040,
2022-06-17,123.8430633544922,127.37009976731974,123.04948554343645,124.41621484432235,21387729,
2022-06-20,121.02140045166016,124.680694245601,119.03744306720672,123.8430260408573,16578770,
2022-06-21,123.4021453857422,124.54843455396744,121.46227865351514,121.85906743551604,51398446,
2022-06-22,121.37409973144533,123.40214776751436,120.40417307389733,123.40214776751436,8317317,
2022-06-23,120.36009216308594,122.69674791116267,119.61059170185278,121.59454926498056,11257409,
2022-06-24,120.44827270507812,121.59454852648706,118.99336242821002,121.59454852648706,21879039,
2022-06-27,122.12360382080078,122.6085738915091,120.58052579418415,121.02140523036032,12872030,
2022-06-28,122.2117919921875,122.82902054677967,120.93323079140744,122.12361071814288,14272044,
2022-06-29,124.98932647705078,126.1797063967568,120.6246225290843,121.50638144603,53487394,
2022-06-30,126.00334167480467,126.92919121253152,124.46026359678432,125.47429440651298,19270932,
2022-07-01,124.01937866210938,126.26786645300284,123.2258010674752,125.20975850863312,9592229,
2022-07-04,124.68070220947266,125.3861120154724,122.8731072407253,122.8731072407253,17526429,
2022-07-05,124.1957550048828,127.19373008963738,123.62260360764438,124.68071166964164,11370649,
2022-07-06,122.52039337158205,125.20976063961506,120.00738864275591,124.76888120074318,15929985,
2022-07-07,123.8430633544922,125.87111198278326,123.00539489736089,123.44627444896432,18144208,
2022-07-08,126.70875549316406,127.149634957966,124.32800907414828,124.32800907414828,15375888,
2022-07-11,127.67868041992188,129.6185471420173,126.62057252192184,126.97327066973122,16779135,
2022-07-12,129.70672607421875,130.5884848824607,127.01735901816647,127.01735901816647,19138561,
2022-07-13,131.0293731689453,131.690692319957,130.05943303229913,130.27987274930302,13644449,
2022-07-14,130.7648468017578,131.64660569663874,129.618557547498,131.38207533725986,9775869,
2022-07-15,132.0434112548828,132.3961094757371,130.6325914623163,130.89712185524436,11518139,
2022-07-18,132.0874786376953,133.6305566277278,131.64659921197173,133.49828472726733,8286352,
2022-07-19,132.92515563964844,133.3219444581059,131.60251727507483,132.08748736633314,6798359,
2022-07-20,132.74880981445312,134.24779730693274,132.39609816914563,134.1155388490509,7271345,
2022-07-21,133.01333618164062,133.36603436175983,132.2638357306709,133.14559463554204,7521568,
2022-07-22,131.3379669189453,133.49827322799183,130.63255720763573,133.14557509962262,6800124,
2022-07-25,132.35205078125,132.66065840397238,129.9272131739988,131.5584594915855,7996687,
2022-07-26,132.26382446289062,133.1014926602412,131.5143240757721,132.26382446289062,5774871,
2022-07-27,131.9993133544922,132.74881385080806,131.4261754134793,131.8670548925889,5403197,
2022-07-28,132.57244873046875,133.10149596872756,131.4261595323828,132.30791838405318,6030744,
2022-07-29,134.86502075195312,136.187659098892,132.660623507055,133.1015029560346,11771461,
2022-08-01,137.99526977539062,139.05337777923936,133.14559575772512,134.82093230927117,14221965,
2022-08-02,140.6846160888672,141.16958610895017,138.0393397479467,138.52430976802972,18278835,
2022-08-03,140.7727813720703,141.9190704568465,138.61247508993688,141.1254929506166,10147608,
2022-08-04,136.40811157226562,141.52231634932429,134.95321463648546,140.81690647411372,15754128,
2022-08-05,137.20169067382812,138.5684062096722,134.9091121444462,136.14356922668378,33864055,
2022-08-08,140.55238342285156,141.08144422050847,136.62855844638366,137.11352860180668,16964235,
2022-08-10,139.96824645996094,141.22638251611224,139.29424206288246,141.00171438375276,14055597,
2022-08-11,138.0810089111328,140.95677156409135,137.3620819605458,140.37262627592364,15810624,
2022-08-12,142.43959045410156,142.88892670159083,137.1374282187897,138.12595973567366,17998843,
2022-08-16,142.6642608642578,143.6078697416389,141.0466476048409,142.8889289916031,8309725,
2022-08-17,145.0906524658203,147.06772895189545,142.88890788558544,142.88890788558544,19674110,
2022-08-18,144.5065155029297,146.16905110995768,143.69770216660507,145.0906470408433,9585888,
2022-08-19,141.7655792236328,145.2703962994093,141.22637026767333,144.73120105610317,9599472,
2022-08-22,140.64224243164062,142.84398725433363,140.19290619383986,141.3611831546526,11400211,
2022-08-23,142.57435607910156,143.068628590685,139.87833915699323,140.59727974541903,14362373,
2022-08-24,144.5065155029297,146.48359191508143,141.99023019989488,142.79902982356776,20602844,
2022-08-25,142.7990264892578,145.5399798140516,142.39462668686397,145.00078464841027,12889454,
2022-08-26,146.8430633544922,148.0113402065173,142.799037590857,142.88891031510988,30724938,
2022-08-29,144.64132690429688,146.84307164629388,144.41665879363077,145.40520396562286,10928330,
2022-08-30,147.38229370117188,148.68536611636475,145.18054876341083,145.4052168940529,24663153,
2022-09-01,144.41664123535156,147.60693076146296,144.05717778705093,145.13558184460436,14554158,
2022-09-02,145.40518188476562,149.53906626566865,144.91090937382853,146.48358590966853,25106698,
2022-09-05,147.8316192626953,148.3708282222711,145.76466986785945,146.12414707846114,15226001,
2022-09-06,151.3813934326172,151.7408706923865,148.10124399907266,148.99991657951284,27866331,
2022-09-07,150.347900390625,152.9091085903916,149.7637550831093,151.4263045648769,19415892,
2022-09-08,149.8985595703125,152.05536785255765,149.13468254266382,150.97696371143508,11595205,
2022-09-09,149.7188262939453,152.19017537692508,149.13468101037677,150.66242133732467,16415150,
2022-09-12,149.53907775878906,151.06683176685883,148.73027810611276,150.4826864953462,15469466,
2022-09-13,150.43775939941406,151.83070440939352,148.8650826458428,150.0333595481692,15644741,
2022-09-14,154.88616943359375,155.51523727280994,148.2809228401975,148.2809228401975,38751148,
2022-09-15,157.3575439453125,158.30113900250768,155.1557855781166,156.72846229031214,29483891,
2022-09-16,155.2905731201172,156.9980449713845,153.94256469670063,156.32404075967622,26126152,
2022-09-19,153.6729736328125,156.45886343519328,153.26857381315128,155.919654533877,13304030,
2022-09-20,154.4817657470703,155.6051061428828,153.58309343042035,154.4817657470703,15395199,
2022-09-21,151.51617431640625,154.6165913987164,151.11176076043523,153.67298262253868,7370283,
2022-09-22,151.5611114501953,152.45978394907024,149.94351192234373,150.0783073121133,7447846,
2022-09-23,147.33734130859375,151.42630358410767,146.1690644137822,150.21309032552395,12264388,
2022-09-26,142.5294647216797,147.24749537106334,140.7321197123907,145.98934563696852,21951865,
2022-09-27,142.88890075683594,145.2703769510559,141.54089225912995,143.24836420449694,8367800,
2022-09-28,141.9453125,143.29332119176192,139.29423148206558,141.8105171158852,14261815,
2022-09-29,143.3831787109375,145.3153188124143,141.99023380136836,142.6642380757419,17623352,
2022-09-30,143.47303771972656,145.18052344239513,141.4510248966087,143.78757853282795,12015533,
2022-10-03,144.10211181640625,147.47213301218142,142.8439623423927,143.65277565696957,10528629,
2022-10-04,146.07923889160156,147.38231146384211,145.00083447708028,145.54002982801288,9013773,
2022-10-06,146.39373779296875,148.37082816893354,145.9444015643683,147.60695109525136,6456408,
2022-10-07,147.6519012451172,148.14617388525264,145.0008199914057,146.5734969383292,8825983,
2022-10-10,147.33734130859375,148.8201590371575,145.45013744403937,146.21400077755436,10484521,
2022-10-11,144.731201171875,147.7417456592057,144.0571968327132,147.7417456592057,13805741,
2022-10-12,148.28097534179688,148.55057985767667,144.82108043209283,145.49508486546463,12496248,
2022-10-13,148.05628967285156,149.89857098187304,147.60695343712212,148.14616240505893,9447511,
2022-10-14,148.37083435058594,150.527642852667,148.14616622692526,149.40430223436354,9588164,
2022-10-17,151.3813934326172,151.92060246594343,147.38230319218945,148.3708485157358,13426449,
2022-10-18,150.0333709716797,152.28005221927194,149.53909835467857,151.83071596975347,20635735,
2022-10-19,147.42723083496094,151.0668573127819,147.24749907204543,149.62897578414874,6947654,
2022-10-20,150.0333709716797,150.88710710323392,145.1356085944594,147.38228984205165,12020720,
2022-10-21,148.32589721679688,151.38137819773047,147.83162460476686,150.5276420747626,7414335,
2022-10-24,150.0333709716797,150.9320434707166,149.40430296488466,150.0333709716797,685185,
2022-10-25,152.19020080566406,152.5047279684592,148.6853696566047,150.48271474453625,8131380,
2022-10-27,153.35845947265625,154.12233659682764,150.57258289879016,152.68445508520657,16225577,
2022-10-28,156.41390991210938,156.99804139723148,152.68441179797065,153.35841599433482,16185760,
2022-10-31,155.56019592285156,156.3689955873805,151.92057000716653,152.68443330974333,24233760,
2022-11-01,163.37864685058594,164.4121146368354,155.9196631064225,156.36899931134013,41101936,
2022-11-02,162.61477661132812,164.18745339424746,161.76104052884543,163.46851269381082,22146420,
2022-11-03,160.09849548339844,163.4235946016174,159.2896957432474,161.17691342047146,16719953,
2022-11-04,159.02008056640625,161.3116979596166,158.48088534677913,160.90729811673307,14881752,
2022-11-07,158.0315399169922,161.311688544394,157.1328675574134,159.82888463614978,12799401,
2022-11-09,155.8297882080078,159.73901862135517,154.79632043616556,159.73901862135517,14929008,
2022-11-10,154.66152954101562,156.54873340242736,153.26858454231578,155.91966544862345,10668583,
2022-11-11,154.077392578125,156.00954662047027,152.45977938603357,155.4703376522219,16963169,
2022-11-14,154.077392578125,155.82980115595169,153.76286544052488,154.88620603049756,10224241,
2022-11-15,154.66152954101562,156.50379703873003,154.03244787455876,154.84126128315205,13899999,
2022-11-16,152.72940063476562,155.42541834663317,152.01045983573655,154.6615548891971,9781274,
2022-11-17,151.24659729003906,153.49327873013868,150.5276564866761,152.7294015554427,12778124,
2022-11-18,149.04483032226562,151.9205794005312,148.3708259892665,151.4712431785318,11134908,
2022-11-21,147.74172973632812,149.35934271850874,147.5170616474878,148.28093863460563,12788632,
2022-11-22,150.12322998046875,150.52762982552915,148.1461534058879,148.5056168875743,15198091,
2022-11-23,151.0218963623047,151.2016280959656,149.40428333405217,150.8421646286438,12004998,
2022-11-24,152.3249969482422,152.77433322242578,150.61752459140644,151.60605616701744,10986350,
2022-11-25,152.54965209960938,153.89766080741154,151.51618424202255,152.99898833554343,12358833,
2022-11-28,153.1337890625,154.48179781732009,152.2351165592866,152.77432554627632,5471921,
2022-11-29,152.90911865234375,154.21220473265933,151.92058714116948,153.67299575372502,7693168,
2022-11-30,154.7513885498047,155.33553385254174,152.5496438552492,152.86418468846554,9133076,
2022-12-01,154.7513885498047,156.0544608210597,153.53818900594086,155.91966544262584,9214914,
2022-12-02,154.70643615722656,155.3355177584811,153.8077638270361,154.9311042397742,6376672,
2022-12-05,157.40248107910156,157.85181732393215,154.03245924287197,155.51527707840535,9861212,
2022-12-06,157.44740295410156,158.1663436221875,156.23420343231842,157.80688014447088,7008295,
2022-12-07,154.43685913085938,157.26767173706546,153.94258656286948,156.45887205319306,7718718,
2022-12-08,153.08885192871094,154.97605577937966,152.77431109727306,154.43686055603982,4225180,
2022-12-09,152.3249969482422,154.3470101820684,150.97698812569138,153.85273753793547,6174919,
2022-12-12,151.78579711914062,152.77434246722612,150.5725973330237,152.77434246722612,7153044,
2022-12-13,152.05538940429688,152.77433017116266,151.0219214793773,152.549662038558,5166993,
2022-12-14,154.21217346191406,156.09937708019396,152.2800197730749,152.72935592685363,8562333,
2022-12-15,154.66152954101562,156.4139380239883,154.30205234408987,154.57165681362096,10644546,
2022-12-16,152.5946044921875,155.56022670335142,151.9206000674982,154.48180865372447,9433166,
2022-12-19,154.39190673828125,154.7963065382311,152.32495766751916,152.59456210503618,7706855,
2022-12-20,152.54965209960938,154.0773925592544,151.4712478758984,153.80778807516324,7387632,
2022-12-21,150.93203735351562,153.71792747268088,149.71883775657864,152.77431864440533,8454254,
2022-12-22,149.08975219726562,151.56110140538135,147.87655263178254,151.4263060245454,6979001,
2022-12-23,146.48361206054688,149.49417030881588,145.8994804422994,147.65188900969545,5313321,
2022-12-26,148.86509704589844,150.7523148178,145.49507510511305,145.58494784192905,8321609,
2022-12-27,148.460693359375,151.15671084306578,147.87656172297028,150.07830659212027,9244387,
2022-12-28,149.04483032226562,150.61750709926358,148.10122151353622,148.28095325980533,9652984,
2022-12-29,149.85362243652344,150.43775401043536,147.38227334086864,148.28094573928854,19571340,
2022-12-30,149.58404541015625,150.79725885560356,149.1796454992255,149.85364992166177,8626291,
2023-01-02,150.9770050048828,151.4712777042753,149.5391232816785,150.12326873101745,7322962,
2023-01-03,150.6175079345703,152.0553756253507,149.89856723285345,150.97697142910206,9629995,
2023-01-04,149.7188262939453,151.4262983571249,148.01134051811323,150.84216678620885,11995082,
2023-01-05,152.68443298339844,153.08884652745093,150.21308392048928,150.97696093408578,18887530,
2023-01-06,151.8756561279297,154.7064690854891,151.4712562358004,153.178728541526,13216749,
2023-01-09,153.1337890625,153.6729980494897,152.28005292697813,152.99899367207968,6012344,
2023-01-10,150.93203735351562,153.40338662570454,150.21309664089358,153.13378214438958,7557693,
2023-01-11,149.22457885742188,151.69592835646404,148.7303062150825,151.38138748061493,8463293,
2023-01-12,149.13467407226562,150.2580145122686,148.7752106165254,149.98841006413753,7628932,
2023-01-13,150.7972412109375,151.11176834367882,148.73029181478742,149.3593597929235,5090393,
2023-01-16,149.13467407226562,151.5610866801417,147.96639727213216,151.5610866801417,10321015,
2023-01-17,150.70738220214844,151.1567184721087,148.99990986136123,149.71885063582863,13015434,
2023-01-18,152.28005981445312,152.504727950418,150.1681875639763,150.52765109645816,5536057,
2023-01-19,151.60604858398438,153.13378909726313,150.3479125642617,153.13378909726313,6812613,
2023-01-20,151.60604858398438,152.68445284555443,150.66243971286528,152.68445284555443,8545359,
2023-01-23,149.94351196289062,152.32498860049154,149.17963485357873,152.2351158655181,7787735,
2023-01-24,149.22457885742188,150.57258767508125,148.64043347550995,150.25804679923215,7033092,
2023-01-25,149.08975219726562,149.71883387490854,147.7417435382934,149.17962492625838,9257370,
2023-01-27,149.44923400878906,150.1232383590578,147.38228459210083,149.4042976429071,13756671,
2023-01-30,151.74085998535156,154.79634105818727,150.1681830805514,150.61751933906572,30768122,
2023-01-31,153.8077850341797,155.1557937153299,150.39284067872185,152.6395218139722,24990701,
2023-02-01,152.77432250976562,156.18928069663235,150.25803680825047,154.79633560180665,13878016,
2023-02-02,149.98843383789062,153.53820116107352,148.73029783072857,152.77432405573325,19898080,
2023-02-03,152.66268920898438,153.4926226790914,149.89622554734513,151.69442411321828,11730514,
2023-02-06,153.12376403808594,153.8614904835888,151.27945495980958,151.69442168822945,7588936,
2023-02-07,152.38604736328125,154.64532331483787,151.51000330912206,153.53874061111242,8699758,
2023-02-08,152.61656188964844,152.8471005027748,151.32555128452495,152.70878296328308,8839686,
2023-02-09,153.07766723632812,153.67706211218163,151.83275286837045,153.0315566910403,5507650,
2023-02-10,152.155517578125,152.89324411390857,151.32558401972054,152.2477386717092,9468345,
2023-02-13,154.78363037109375,155.10637598666443,151.9710564787649,152.24770562851137,9829152,
2023-02-14,153.12376403808594,155.38303984478213,152.01718140531244,155.38303984478213,12916373,
2023-02-15,152.89320373535156,153.53870900707528,151.4177510534463,153.07763180284982,11855678,
2023-02-16,154.36863708496094,154.6452862122591,152.7087704630901,153.0776265855149,7923121,
2023-02-17,154.9680633544922,156.44350208159432,153.49261055642936,153.9997983351985,10182025,
2023-02-20,154.8297576904297,156.76628805359462,154.23036280566882,154.64532957750043,6679716,
2023-02-21,159.7632598876953,160.68541434592154,155.8902139773372,155.8902139773372,26883881,
2023-02-22,157.2273406982422,159.71715500947673,155.38303171644463,159.48661638675205,12225021,
2023-02-23,156.3974151611328,158.28782070590916,155.84411681034462,157.64231534396396,11184381,
2023-02-24,157.68844604492188,157.8728741617759,156.212992968163,156.99683005349678,8338893,
2023-02-27,158.97943115234375,159.99380673698573,157.22734321991967,157.82673802023288,17669762,
2023-02-28,157.2273406982422,159.53272692548916,156.62794590754234,159.34829884150156,19044910,
2023-03-01,158.84112548828125,159.57885196221605,156.72016715232948,157.64232172700747,9318790,
2023-03-02,157.50401306152344,158.7950239105754,156.9968252026234,158.7950239105754,7725981,
2023-03-03,159.1638641357422,161.37702919343954,158.14948860957074,158.61056583583772,12962719,
2023-03-06,163.0369110107422,163.6824163172378,159.25607210404436,159.44050018147735,12402804,
2023-03-08,164.9273223876953,165.20395745481795,161.7919889410286,162.0225275442706,22099710,
2023-03-09,165.48062133789062,168.0165461995135,164.1435001341362,164.51235630380606,18874546,
2023-03-10,166.67941284179688,166.90995144877033,163.95906009370228,164.14348816508905,12399692,
2023-03-13,165.71116638183594,167.41715789231654,165.48062774912026,167.18661925960086,13669178,
2023-03-14,164.05128479003906,166.90996945325844,163.4057794350751,164.74290068556363,9217542,
2023-03-15,164.3279266357422,165.5728408205654,163.91295993112138,165.480619743556,8548173,
2023-03-16,165.61895751953125,165.98781369936756,163.17523959749155,164.3279327481816,9405016,
2023-03-17,163.17523193359375,167.55546570048827,162.20696691829863,167.55546570048827,47276890,
2023-03-20,162.29920959472656,163.7285520388726,161.3309444505655,163.7285520388726,5627841,
2023-03-21,163.31356811523438,163.72853482740626,161.65368719558575,163.08302948947653,12894327,
2023-03-22,160.77764892578125,163.9590792597164,160.27046111695992,163.9590792597164,7893205,
2023-03-23,161.0081787109375,162.16087181719865,160.17823123185303,160.50099092999045,5759884,
2023-03-24,159.25607299804688,161.56145915630165,158.93332737846748,161.56145915630165,4977283,
2023-03-27,157.91897583007812,160.40879044503137,157.41178798402257,159.20998664643534,12077986,
2023-03-28,158.61058044433594,159.532734981803,157.22734863813534,158.01118562336697,8750986,
2023-03-29,160.45489501953125,161.7459057878553,158.33393669645997,159.20998072289146,20272070,
2023-03-31,161.46925354003906,163.4518800247905,161.00817630442612,161.19260438447918,8125121,
2023-04-03,163.9590606689453,164.23570981247605,161.79199212740795,161.93032373465329,9098662,
2023-04-05,162.20697021484375,164.42014944777705,161.51535434285728,164.42014944777705,10829323,
2023-04-06,161.5614776611328,162.85250250020238,161.23873200458698,162.6680603296481,7159274,
2023-04-10,163.77464294433594,164.14349911170825,161.56146372721955,162.1608725879006,10968456,
2023-04-11,164.2357177734375,165.75726703017023,162.80637552171123,164.2357177734375,9208605,
2023-04-12,162.11476135253906,164.42014756611056,161.65368410982475,164.1434984062898,7591360,
2023-04-13,159.57882690429688,162.39140072961175,158.8872110818896,162.29917965824015,9944382,
2023-04-17,156.3974151611328,160.40877895598192,156.07465544467942,158.93334013881594,17401126,
2023-04-18,156.8584747314453,157.45786948470146,155.8440992264395,156.76625365973206,16199789,
2023-04-19,154.09202575683594,156.72015769346973,153.8153765869373,155.61357508483647,16314641,
2023-04-20,156.48960876464844,156.95068599381415,153.8153664638715,154.092015615563,15498083,
2023-04-21,156.48960876464844,156.7201473792313,155.29080515462553,156.4434982275398,6672391,
2023-04-24,157.64231872558594,157.91896790691453,155.10639369350412,155.38304287483268,8088991,
2023-04-25,157.78062438964844,159.0255243943416,157.08900858561017,157.9650524565334,9175412,
2023-04-26,156.62796020507812,158.3339377263918,156.3052004754166,157.78065342392338,9032416,
2023-04-27,157.64231872558594,158.01118899101132,155.65969205616125,156.7662747105137,9054900,
2023-04-28,158.61058044433594,159.07165771306947,156.3974151827996,158.51835936220462,21552892,
2023-05-02,161.93035888671875,162.29921511085823,159.11778444702549,159.20999146757885,8893428,
2023-05-03,162.6219482421875,164.74289229027715,161.46925514172108,161.93033238190765,11194149,
2023-05-04,162.6219482421875,163.63630972802153,161.192605983417,162.7141552476484,4671155,
2023-05-05,160.6854248046875,162.66805139053585,159.53273165687767,162.62195492139247,5958697,
2023-05-08,163.2674560546875,163.7285333019072,160.9159592796749,161.19260844219886,6287186,
2023-05-09,162.29920959472656,164.74291365626215,161.561483100558,163.4057923004981,7918748,
2023-05-10,163.2674560546875,163.5441052172115,161.3309259879804,162.29919102133394,6231734,
2023-05-11,165.5728302001953,165.98779687819882,163.17522306134848,163.77463188154013,12125975,
2023-05-12,161.33091735839844,165.29618428657813,160.91595067228943,165.15786674819518,8920297,
2023-05-15,162.2530517578125,162.9907780369522,160.31653610489903,160.4548536261934,7980565,
2023-05-16,163.63632202148438,164.1435098379851,161.8381234638561,163.12913420498364,7874923,
2023-05-17,162.29920959472656,164.00520123305614,161.42316553894753,163.63633095049062,6639494,
2023-05-18,161.46925354003906,163.86684672265005,161.05427277121896,163.22134140698404,6921939,
2023-05-19,159.8093719482422,161.69979141981918,159.48661225640203,161.37703172797902,6657753,
2023-05-22,160.54710388183594,163.26745683931338,159.67104585113967,159.8093774685469,13339834,
2023-05-23,160.59320068359375,161.9764324347736,159.34830055010852,161.3309270984152,8359389,
2023-05-24,161.33091735839844,161.65367704257218,159.94768569072832,160.45487344973273,8507023,
2023-05-25,160.91595458984375,161.88421959497762,159.90157904713962,161.33092128605526,7986243,
2023-05-26,160.91595458984375,163.4518793756436,160.54709843120253,161.37703182362554,6926193,
2023-05-29,162.57583618164062,163.95906788924796,161.1926044740333,161.3309220164098,9943211,
2023-05-30,163.0369110107422,164.14349354630045,161.9303284751839,163.22133908817517,9727639,
2023-05-31,160.31654357910156,163.2213242293763,158.56444182558928,163.2213242293763,41785992,
2023-06-01,160.82374572753906,161.10039490300878,158.4722629134505,160.08603335423527,11602551,
2023-06-02,160.9620819091797,162.2069821276064,159.9015957183399,162.2069821276064,7262018,
2023-06-05,160.54710388183594,162.4836198868886,160.03991609326468,162.11476371572456,12239684,
2023-06-06,161.74591064453125,162.06867038178464,160.03993308308995,160.915977135826,4889564,
2023-06-07,163.5441131591797,164.1435079812885,161.74590055093,162.25308836169373,6270083,
2023-06-08,167.87823486328125,169.9991930947375,164.235727286955,164.83512210257982,27382635,
2023-06-09,168.56983947753906,169.90696064125643,166.49499192561055,169.67642202437548,10235269,
2023-06-12,171.24411010742188,171.93572607237186,168.43153570243274,168.56986733800042,17450400,
2023-06-13,170.92132568359375,172.12011516096024,170.59856601140453,171.520720422277,8332566,
2023-06-14,172.62733459472656,173.73391727674513,170.92135706397858,170.92135706397858,15061573,
2023-06-15,172.16624450683594,172.71954284219746,170.92134435871426,172.4428936745167,9840499,
2023-06-16,173.5494842529297,174.01056152994116,171.56685759016503,172.35068051850746,8562558,
2023-06-19,171.38243103027344,173.54948580908146,170.78302212220677,173.54948580908146,5363723,
2023-06-20,172.9039764404297,173.3650537109375,170.1836233586259,171.52074462890624,6035600,
2023-06-21,172.9039764404297,174.01055907545611,171.98182189941406,172.9039764404297,5906854,
2023-06-22,170.1374969482422,173.318927003814,169.07702495337168,172.90396031325426,6683123,
2023-06-23,172.16624450683594,172.9039709303309,169.44589151172428,170.18361793521927,15255365,
2023-06-26,170.50636291503906,172.81174918523138,170.09139620059668,172.81174918523138,7231775,
2023-06-27,171.56686401367188,172.39679751498073,170.41417077798604,170.5063777942635,6787438,
2023-06-28,174.37940979003906,175.76264144653024,170.87522011273606,171.56683594098166,32476741,
2023-06-30,174.42550659179688,176.73089269039826,173.36503461482428,173.45725568715235,9579059,
2023-07-03,176.36203002929688,177.60694410494634,174.010533481381,175.20933702256946,7352149,
2023-07-04,178.94407653808594,179.6356923860268,174.2871936810922,176.22372368371072,13258826,
2023-07-05,178.3446807861328,179.58959503219887,177.3764297847053,178.89797913348696,6558910,
2023-07-06,181.43389892578125,181.8027550995331,177.74528090441848,178.436896783424,16276609,
2023-07-07,177.60694885253906,182.3560385388197,177.19196810225674,181.4338841087877,12652336,
2023-07-10,176.6387176513672,178.29859875690354,175.02494709033843,177.65307927572195,10238356,
2023-07-11,177.4225311279297,177.9297189484421,175.947092279394,177.65306976716604,11236383,
2023-07-12,175.94708251953125,179.5895900032221,175.4398947271528,178.6674354974289,9191559,
2023-07-13,173.2728271484375,176.86923818723352,172.3967831763712,176.86923818723352,10612659,
2023-07-14,172.8578643798828,173.68781190207918,170.36804995521675,173.31894164633806,12369394,
2023-07-17,171.98179626464844,174.24107173918784,171.3362909963457,173.77999453740594,9058800,
2023-07-18,172.76564025878906,174.42550699686876,171.79737528093585,172.4428805758513,7177677,
2023-07-19,177.56088256835938,181.2956117549456,175.3938134893259,176.1315400313988,31761232,
2023-07-20,177.88360595703125,179.12852022015056,176.91535494234031,177.69917786237403,8936996,
2023-07-21,179.912353515625,181.0650466722577,177.1458899397064,177.79139529322845,11031250,
2023-07-24,180.65008544921875,181.6644611653291,177.9297321190574,180.28122922752203,9981788,
2023-07-25,185.0303192138672,185.675838705821,180.65008476083605,181.20338316223564,18028061,
2023-07-26,185.9063415527344,186.4135152402043,184.4308888138396,185.8141204799434,13857423,
2023-07-27,186.22911071777344,187.1973758206936,184.9842105034149,186.0446826198272,16013422,
2023-07-28,193.6524353027344,194.06740199276248,183.96981353759767,186.1368821324648,39630520,
2023-07-31,201.3524627685547,201.90574708660964,193.3297064826137,195.68120352949424,43494779,
2023-08-01,207.6230926513672,209.00632448534287,201.81353020543875,202.45903558043503,63510580,
2023-08-02,202.04405212402344,207.6230754692568,199.9692045447665,207.53086846386623,22647784,
2023-08-03,202.9662170410156,206.19375788583253,200.9835763651941,202.04406251392507,29868065,
2023-08-04,200.98355102539065,204.90270727140225,200.66080542417723,204.44163006598907,12879897,
2023-08-07,200.98355102539065,204.11888446477568,200.70690188795083,202.59732124433657,12929354,
2023-08-08,200.61471557617188,203.2428474754552,197.3410642659786,203.15064046744027,15314866,
2023-08-09,201.67518615722656,202.59734065641,199.6003385340638,201.4446475324307,12554174,
2023-08-10,200.4763641357422,203.65780812335737,199.6464307908615,202.1362448964632,10970619,
2023-08-11,199.16729736328125,202.4399994326309,198.8400214492068,200.9439013509316,7970536,
2023-08-14,199.16729736328125,200.1023550973812,198.0452309359311,199.44781753708097,9283695,
2023-08-16,203.3282928466797,203.7958216940015,198.27898700274355,199.1205332207836,9687712,
2023-08-17,201.7387237548828,205.5257107623684,201.17768335827384,205.1984348197048,11865239,
2023-08-18,201.1776733398437,202.58025999366888,199.44782502750232,201.78546945054416,14101163,
2023-08-21,204.5906524658203,205.2919458260085,201.6919675365689,203.0945542569454,13336739,
2023-08-22,207.30230712890625,207.86334750446952,204.6374010146044,205.0114184197469,16930149,
2023-08-23,207.30230712890625,208.42437361218333,206.6945252785873,208.42437361218333,13507905,
2023-08-24,206.50750732421875,207.95683540510143,205.3854266233629,207.5828180167153,11182959,
2023-08-25,203.7490692138672,207.44255858105075,203.0945316707196,207.44255858105075,7413549,
2023-08-28,204.49713134765625,205.0581717165277,203.09454469332684,203.74908227844404,4851793,
2023-08-29,206.74127197265625,207.3490537963742,204.0763517071417,204.9646537063636,8799235,
2023-08-30,206.0867156982422,207.5828137567818,205.47893388762523,207.5828137567818,5490930,
2023-08-31,205.9932403564453,207.25555985124544,204.5438978835859,207.25555985124544,18532999,
2023-09-01,215.71783447265625,216.60613654088908,202.1127404483165,203.70235014371727,29859815,
2023-09-04,220.48663330078125,221.14117091079504,215.5308240800772,218.5230062028901,21895573,
2023-09-05,219.3645477294922,221.51516908013835,216.65287176952967,221.51516908013835,13952922,
2023-09-06,216.83990478515625,220.533394623087,213.5672023844532,220.2061186758766,14623019,
2023-09-07,218.8970489501953,222.54376886735204,214.4555241513721,217.86847960543287,30334731,
2023-09-08,224.6476287841797,227.78007801442865,219.738575501695,220.67363326978733,28856420,
2023-09-11,227.3125457763672,228.0605805655244,222.6839984783254,227.7800746535149,22493483,
2023-09-12,219.8320770263672,229.0423870641029,218.8970193006368,228.34109376980507,21174310,
2023-09-13,221.7489624023437,222.9645404553333,218.00873101951456,220.76716307863143,9151928,
2023-09-14,222.4969940185547,223.66581623368447,220.62687847434688,222.4969940185547,7568464,
2023-09-15,220.86062622070312,223.7593108022296,220.29960016056293,220.29960016056293,14098284,
2023-09-18,225.5359344482422,226.42423648868856,220.72039257203068,221.60869461247705,11163399,
2023-09-20,226.0502166748047,230.0242122109698,224.74114149944296,225.81645223150085,18936709,
2023-09-21,223.4320678710937,227.12554348315425,221.70221942891368,224.46063720157403,10134737,
2023-09-22,222.4969940185547,223.75932771803468,220.67363421652195,223.1047901311318,7209300,
2023-09-25,224.08657836914065,224.6476187119812,221.74893405371927,223.6190495060564,8027642,
2023-09-26,224.6008758544922,227.40604919389347,223.52556511486145,224.1801027071519,10681642,
2023-09-27,223.75933837890625,224.88140490532123,222.4035073983277,224.3203645081888,9679279,
2023-09-28,221.6554412841797,225.53592521841128,220.3463518805981,224.03984138726668,32887087,
2023-09-29,229.6034240722656,235.16701460599484,223.946322060182,223.9930777993592,35038887,
2023-10-03,225.5359344482422,230.67875225570475,224.92815259631823,228.4813750259532,14885044,
2023-10-04,219.8788452148437,225.3489392821523,216.4658898083745,225.3489392821523,25424437,
2023-10-05,218.66326904296875,221.98271277019947,216.98016217398515,221.8424598093881,22472389,
2023-10-06,220.2528381347656,222.0761977469075,218.47621999208167,219.03726030405508,8825123,
2023-10-09,219.4580535888672,220.9541517131688,215.530813847387,218.6632630529594,10659145,
2023-10-10,220.5801239013672,221.4684402038539,218.56975538782743,219.64506612430696,11665907,
2023-10-11,223.19830322265625,224.1333610612664,220.6736499119791,220.90741437163163,14313043,
2023-10-12,225.9099578857422,226.9852685900488,223.1047846384913,223.4320462899612,13170027,
2023-10-13,226.33071899414065,227.9670699680964,224.03983048417217,224.9281324450357,11880728,
2023-10-16,227.63980102539065,229.0891433573436,225.3489124453869,227.0787749493063,6936948,
2023-10-17,229.9774475097656,231.1462696807523,227.49955021441343,228.94889256000664,10084205,
2023-10-18,226.2839813232422,230.7722614923144,225.90996392075675,229.9307009349481,6987265,
2023-10-19,223.9463348388672,226.09697055310247,223.01127707336045,224.60087242115208,11485237,
2023-10-20,225.34893798828125,226.42424879021385,222.1229913146332,223.43206657505985,9040953,
2023-10-23,221.1878967285156,225.2553890697558,219.7385544731022,225.16189186260365,7058625,
2023-10-25,216.98013305664065,220.9541281153049,213.52042256502008,220.6736079634768,23949207,
2023-10-26,216.6061248779297,218.1489787460657,212.9594053129702,215.85809008254765,17410264,
2023-10-27,221.2346954345703,222.96454391526208,216.93342357043016,216.93342357043016,10519462,
2023-10-30,219.3645477294922,222.91775566595905,215.6710583058856,222.0294536818423,8812268,
2023-10-31,220.48663330078125,221.79570852080883,218.3827532392621,219.27105530055576,6583581,
2023-11-01,217.49444580078125,221.3281741462793,217.02691690978028,221.3281741462793,6718059,
2023-11-02,219.97232055664065,220.39309366162783,218.56973402811795,218.99050713310515,6057787,
2023-11-03,221.24688720703125,222.0965601019171,220.2555925592441,220.2555925592441,6825146,
2023-11-06,222.66297912597656,223.9374882440628,221.4356628449237,222.19093551062,5338605,
2023-11-07,225.77847290039065,226.15611646521924,222.0493309321857,223.0878327284281,7002346,
2023-11-08,223.4654693603516,227.4306332870592,222.7574038589527,226.43935310960444,9777991,
2023-11-09,224.6455841064453,226.2977369840593,222.80461663823,223.93751858746788,13987058,
2023-11-10,229.1771850585937,229.64922869414184,222.61578140560115,224.55116319247395,9589671,
2023-11-13,231.9622497558593,236.5882862296041,229.69644596854343,231.2541842716195,18792969,
2023-11-15,233.4727935791016,235.030531871244,232.19826995416383,235.030531871244,10965645,
2023-11-16,238.2404327392578,240.03419282307848,233.80321096394468,234.88891998783933,22145147,
2023-11-17,237.53237915039065,238.9485101523072,236.9659209873722,238.8540956565943,5618928,
2023-11-20,237.0131072998047,241.119878199233,236.30504186139,236.96590005611807,6283832,
2023-11-21,236.0218200683593,238.6652673342508,233.47278729274683,238.47645275932177,6851869,
2023-11-22,239.46774291992188,239.79817924412416,235.40817896903263,236.777102701702,5275418,
2023-11-23,238.61805725097656,241.4031118135319,237.62676273735423,239.79816633728208,8200025,
2023-11-24,239.7037506103516,242.488819564154,238.8540778348505,239.137306895227,7149443,
2023-11-28,243.1496734619141,243.85773893945168,239.46773874097008,240.60065502953347,6151585,
2023-11-29,243.9521484375,245.0378430519115,241.780759208677,245.0378430519115,8637363,
2023-11-30,246.6899871826172,247.0204234827464,241.68633627639747,243.5273179405054,21687673,
2023-12-01,253.91229248046875,260.04885996964435,247.1148523525709,247.6813104984388,29121320,
2023-12-04,259.4351806640625,263.4003588814041,257.97185686144684,260.5680969579481,20464526,
2023-12-05,269.4897155761719,270.52818849653744,257.54698887940503,259.81282131612767,18883076,
2023-12-06,265.3829650878906,272.1331840114384,263.3531830075595,271.8971621692776,13415314,
2023-12-07,267.9320068359375,272.13320751373345,265.57178821049314,266.0910535948484,25133786,
2023-12-08,269.112060546875,275.5790640066844,265.28851868814985,270.4338057530454,20815064,
2023-12-11,271.2362976074219,272.3692140082169,268.49844991863824,270.05618836128576,8071675,
2023-12-12,267.5543212890625,272.46358652092863,265.1469103224541,271.37789194405144,8640883,
2023-12-13,277.6088562011719,278.41133616021585,268.592834102889,268.82885592547507,23629670,
2023-12-14,278.88336181640625,281.8100379899432,277.18401632790386,281.101972567858,24900443,
2023-12-15,288.0410461425781,289.83480628239994,278.50575847983055,281.3380204304729,28843558,
2023-12-18,286.2472839355469,289.4099533752507,284.8783458114525,288.89071687921944,13307504,
2023-12-19,292.3365783691406,295.0272324917157,285.5863610519808,287.9465789119145,15650536,
2023-12-20,281.007568359375,295.8297499282572,278.647350199442,295.02726999162854,23497233,
2023-12-21,285.0671691894531,286.2000566524847,276.80640538892885,279.2610092977928,17868637,
2023-12-22,285.8695983886719,291.6757578345257,282.8485365746254,287.002514575974,15207726,
2023-12-26,292.2894592285156,293.3279611109644,287.5690223185308,289.31558973747724,9917180,
2023-12-27,288.9378967285156,294.7912493122202,286.57767855948265,294.17759835052306,12630732,
2023-12-28,296.3490295410156,297.85957514552723,290.54289778458326,291.8174215387418,37591916,
2023-12-29,293.7527770996094,296.77386818431887,290.9205150119167,296.77386818431887,12682889,
2024-01-01,292.4310607910156,295.782559406328,290.59007890802104,294.55525735850483,8024960,
2024-01-02,288.8907470703125,293.42235510769524,285.16159028133825,293.42235510769524,13506040,
2024-01-03,289.0795288085937,290.7788743419336,286.34165272195344,290.0236160629507,14259987,
2024-01-04,299.3700561523437,303.7600558593893,291.3453149719092,293.5167040021131,40057506,
2024-01-05,297.3403015136719,307.4420181620948,295.2161051254336,304.8457781320258,27456415,
2024-01-08,298.7564392089844,300.5501993263362,295.1216973222731,298.7564392089844,10136462,
2024-01-09,301.8719177246094,303.4768776779848,298.3787831490316,300.07815759576874,12229517,
2024-01-10,295.8297424316406,301.8718950057037,290.77886993512664,301.7774805194476,14455000,
2024-01-11,295.4049072265625,299.55888553957715,294.8856707416573,297.3403034574752,10316319,
2024-01-12,295.1689147949219,297.6707405998424,292.383874299354,297.5763549104669,12341629,
2024-01-15,299.5588684082031,300.219740997795,292.28941397897233,297.29306480443324,9706124,
2024-01-16,294.0832214355469,299.5117239179045,292.808697699176,299.5117239179045,10162832,
2024-01-17,292.00616455078125,296.5378004769181,289.9291899611503,292.4310153227256,13502940,
2024-01-18,282.5653076171875,293.89435482634315,279.969067631756,291.6757727968891,32481018,
2024-01-19,291.2037658691406,292.1478532555716,284.8311760107315,286.8137364732281,28651237,
2024-01-23,285.6807861328125,297.67067601957655,283.5093683343207,295.9241377873984,21652362,
2024-01-24,291.5813293457031,293.3278963792163,281.5739995427057,286.01122078338744,23922028,
2024-01-25,297.1514587402344,299.4644840023494,291.91178608361434,292.6670443509854,32525422,
2024-01-29,306.40350341796875,307.5364196349099,298.4731763331494,300.03091452300134,24694773,
2024-01-30,297.81231689453125,305.8370580441437,296.9154225356609,303.85446917434143,20918448,
2024-01-31,299.7477111816406,302.10792937992125,295.12168927526204,300.73899130041553,20931224,
2024-02-01,303.9960632324219,308.6693061637571,299.37004194548354,302.15508175977385,24020951,
2024-02-02,313.90899658203125,315.0419127558519,305.0345825912865,305.8842553160244,32346639,
2024-02-05,317.3077392578125,321.98095398772887,314.4282557789681,319.1014993201417,19651482,
2024-02-06,318.5946655273437,320.3106035522021,313.6374659781979,320.3106035522021,12024661,
2024-02-07,315.2581481933594,322.1219305055961,314.25715993834564,322.1219305055961,8080437,
2024-02-08,315.44879150390625,319.595676344339,312.6842113078097,318.35639080240543,17754869,
2024-02-09,309.7289428710937,319.35733398282207,304.6764354928729,317.40306939697183,18304439,
2024-02-12,301.38751220703125,311.4449021603439,299.814564033004,310.9205667072858,11714289,
2024-02-13,306.535400390625,308.8233570774267,301.1492296333164,303.67548362470063,15426888,
2024-02-14,312.6841735839844,313.97114170231094,303.48478222236025,305.9156993738654,14085723,
2024-02-15,323.4089050292969,324.9818533546234,314.7338187811085,315.5441343100877,21973316,
2024-02-16,321.9788818359375,326.9360812910172,321.0732301167653,325.9350932183683,20307449,
2024-02-19,322.9322204589844,325.9351268011953,321.74058864917265,324.5051686294212,8496898,
2024-02-20,329.5577392578125,330.3203720584349,322.0266021619284,324.6958751492596,19340526,
2024-02-21,320.406005859375,331.797989892934,319.0713838883718,330.7970306878259,17751633,
2024-02-22,323.69488525390625,324.36221077055296,315.16281810578874,323.170578842667,16083122,
2024-02-23,321.9788818359375,324.1238188725944,319.2143021405383,324.1238188725944,9665454,
2024-02-26,321.8359680175781,322.6939372167734,318.9283685575674,322.21728442915634,7711995,
2024-02-27,320.406005859375,322.2172806123492,318.4993947314913,320.406005859375,8882923,
2024-02-28,317.7366943359375,320.7872834080509,316.3067361632419,320.0246506863093,12977628,
2024-02-29,319.9293212890625,320.31063765823603,315.1627939429578,317.7367012543099,13149469,
2024-03-01,327.4604187011719,328.2707341438379,319.3573224596582,319.92931154227966,13027254,
2024-03-04,337.3271484375,341.5693403493554,329.60536826484133,331.7503055854369,38075510,
2024-03-05,341.52166748046875,343.1422983351302,337.04112035939727,338.3280884977964,15918221,
2024-03-06,335.5158386230469,342.665628940976,328.8903546247374,342.665628940976,13120921,
2024-03-07,335.7541809082031,337.3747826683353,333.3709173557388,335.56350818697695,9172926,
2024-03-11,331.7026062011719,336.65977653621326,330.5109745207432,335.8018075448186,10664917,
2024-03-12,328.6520690917969,333.132616551108,326.55478536774166,331.7503119476296,9637912,
2024-03-13,307.4410095214844,328.41372955085694,304.58109315384263,327.7940868230493,23722232,
2024-03-14,306.82135009765625,311.68321347659827,301.72116036771286,306.0586883189086,20859127,
2024-03-15,301.5304870605469,310.8252147314332,291.4731267049756,307.5839821826642,43285007,
2024-03-18,302.3408508300781,307.8223577691587,300.2435960654542,302.2931971893777,13690352,
2024-03-19,298.8135986328125,303.0557903402333,295.620019624201,299.6238849741519,13388060,
2024-03-20,299.00421142578125,302.6267891412573,293.9040220834127,301.244484773465,10026655,
2024-03-21,309.82427978515625,311.11124799662485,302.1978359750601,302.4361623441256,23370426,
2024-03-22,309.5859375,311.96920106812934,306.1540321433792,309.34761114318707,14709219,
2024-03-26,313.7328491210937,314.87679827740845,305.1530995321445,305.1530995321445,11208959,
2024-03-27,316.1161499023437,318.49941395605174,311.06361265293555,316.4974663324213,45209520,
2024-03-28,320.1199951171875,324.1238901025438,314.8768145419993,316.4021092551149,19868037,
2024-04-01,326.3641357421875,328.31840033224563,320.45363015006274,323.17055657696807,8580656,
2024-04-02,328.69970703125,329.4623688456532,324.8388316015551,326.9837688608464,9745257,
2024-04-03,334.8485717773437,337.56549839177484,326.03049550989766,328.27076935311544,21679943,
2024-04-04,338.0897827148437,345.7639092855542,336.1831717545541,338.4234454514093,28962927,
2024-04-05,337.9944763183594,341.4740649034834,335.13455962433545,339.75809743152286,11208130,
2024-04-08,346.5265197753906,348.9097833226767,336.75513923151783,338.99541278448123,11447140,
2024-04-09,345.95458984375,349.7678121712481,343.523672247001,347.956537384202,10010148,
2024-04-10,345.5732116699219,351.1500541457303,344.47691626520765,347.09850614684154,12886638,
2024-04-12,344.8582763671875,357.0129219060448,344.1432972178429,345.5732555165321,30924494,
2024-04-15,344.2862548828125,348.9097920993652,336.3261486161293,338.9000849489736,18126999,
2024-04-16,342.4749755859375,345.0489118829028,338.0421111567844,344.14326008774793,15328939,
2024-04-18,334.75323486328125,344.38162664473583,332.8943065141011,342.7609955882007,22966560,
2024-04-19,334.1812744140625,335.9448956346451,326.9838285994159,327.0791649802056,12867942,
2024-04-22,326.8884582519531,338.42346090701733,325.93515272827136,338.42346090701733,37382916,
2024-04-23,330.94000244140625,332.36996070840866,327.9370958992164,329.84370692188617,14651106,
2024-04-24,335.2298583984375,336.65981658505893,331.0829738387206,333.4662374830896,11132307,
2024-04-25,342.4273376464844,343.7619594905899,332.7989465476369,334.61022112839254,19865014,
2024-04-26,339.3767395019531,344.52458310285004,338.4234340539139,343.8572867447667,10986589,
2024-04-29,346.0499267578125,346.66956956847764,340.28243961554665,342.9040299697725,13652173,
2024-04-30,346.2405700683594,348.38550744850943,342.5226553353725,347.908854697365,14566548,
2024-05-02,351.8173828125,355.20163478991424,346.2405689167192,346.2405689167192,27892188,
2024-05-03,347.9088439941406,362.63739609584326,343.52363300000525,354.9156159463444,26844664,
2024-05-06,340.1393737792969,351.6267219362613,337.85144651205155,350.62573375569707,15319437,
2024-05-07,332.8466186523437,341.7123775014994,330.6540275791264,341.52170475923015,10028071,
2024-05-08,338.8524780273437,341.76004839197395,329.0810958906137,329.0810958906137,9595776,
2024-05-09,329.891357421875,341.28336981097533,328.74740827470174,339.8534115575774,9043486,
2024-05-10,338.900146484375,339.7104620764821,331.3213552002246,331.4166915803393,11699095,
2024-05-13,334.514892578125,339.3767564240634,330.3203542161179,338.9001036762768,10691781,
2024-05-14,339.1860656738281,340.5683702060254,333.9428857266395,334.18121208787534,10891985,
2024-05-15,344.4769287109375,346.5265296012057,339.99638147796406,340.80669692553244,8538183,
2024-05-16,344.5722961425781,346.86022360062486,336.5645064005505,346.86022360062486,13114162,
2024-05-17,348.385498046875,349.3864571602361,343.5236342978903,345.52558161718684,8509179,
2024-05-21,354.629638671875,356.63158599902147,348.29016304639,349.8631112703713,10939593,
2024-05-22,356.39324951171875,359.7298185980534,353.2950067886937,357.48954496442826,14001806,
2024-05-23,354.9156188964844,358.06154443894985,352.246375187036,357.5372089689184,15370357,
2024-05-24,357.4418640136719,360.492423775372,351.48370538624414,355.58290688488586,13317821,
2024-05-27,352.38934326171875,362.7327129041763,350.8163951346567,362.20840655934654,21891930,
2024-05-28,348.3377990722656,355.82125253279617,347.0985136475597,355.2016098204432,10200096,
2024-05-29,347.5751647949219,349.2434492935744,343.18995400852066,344.61991215022283,18146672,
2024-05-30,342.90399169921875,347.76582635765067,340.4730452774284,347.0031936131131,14425073,
2024-05-31,342.2366638183594,349.5294448472274,338.900094672498,346.47888479798434,30515612,
2024-06-03,373.5050964355469,374.8397474566767,356.0119631676685,367.0226304439568,39261174,
2024-06-04,315.7824401855469,373.600411717231,299.29026702194284,373.600411717231,84042244,
2024-06-05,325.0771789550781,326.26881084274333,300.57721570765057,324.1238734449459,46418629,
2024-06-06,333.4186096191406,342.95166493348347,328.8904083448278,331.5596521958134,33171039,
2024-06-07,343.7619323730469,345.0965541118712,331.464298556083,335.5635001308803,23930193,
2024-06-10,347.8612060546875,352.8184067893911,344.9059528894826,347.95654243277374,16072588,
2024-06-11,350.24444580078125,354.5820034165549,347.8611819764801,351.53141408441905,11235777,
2024-06-12,353.9623107910156,356.53624720734973,348.3378143140135,352.29402621183687,12134524,
2024-06-13,352.6753845214844,358.8241875960236,350.7687735044039,358.8241875960236,11243702,
2024-06-14,351.24542236328125,353.53334973988905,349.0051486245418,352.7230342481014,10298434,
2024-06-18,352.38934326171875,354.8679431762933,351.4837205667789,354.4389440995616,10228382,
2024-06-19,345.5732116699219,353.5809713080346,344.66755989196486,352.53232953686654,8337334,
2024-06-20,340.94970703125,347.8611719219554,340.3777179114352,345.57324453527144,14338604,
2024-06-21,342.9992980957031,346.0022336145044,340.0917280354432,343.1423171909408,17931844,
2024-06-24,345.8115539550781,347.6228285018691,338.9477430389954,340.90203667815894,9335598,
2024-06-25,344.00030517578125,347.6705372725989,341.0450522240874,347.24153814849427,14983828,
2024-06-26,348.0041809082031,349.76780200191007,342.8563367342674,346.04991615921074,15918394,
2024-06-27,359.5391540527344,363.30472231575226,347.09852924187913,348.0041519875216,55378829,
2024-06-28,360.6831665039063,371.3125177400812,359.1102181394406,360.3018500962445,25141039,
2024-07-01,352.48468017578125,364.16267160824464,350.62572296378863,363.92434525248007,23389211,
2024-07-02,353.1043701171875,355.2016539654993,348.09951597663013,355.2016539654993,13702830,
2024-07-03,355.2492980957031,356.7745927543169,351.4360759954566,353.2473506745585,9207317,
2024-07-04,355.5353088378906,363.0664167018712,354.3913305655444,356.4409316353034,14916930,
2024-07-05,362.0653991699219,363.4477037128757,353.67632282616887,356.8699019100951,15946104,
2024-07-08,359.8251953125,363.4477448040075,358.5858806287697,363.0664283984663,8898299,
2024-07-09,359.4437866210937,362.4943755142583,357.5371758360089,361.4934164891174,8355819,
2024-07-10,363.5907287597656,365.8786562474587,352.7230513737911,361.11212852619127,17715196,
2024-07-11,359.4914855957031,365.4019618410836,357.10822200662074,364.54399276752855,19873143,
2024-07-12,359.5391540527344,361.6840913713352,354.62963667534063,361.2551213631596,16151583,
2024-07-15,367.6422729492188,370.7881986633759,359.3008495362337,360.92148057921554,22951140,
2024-07-16,362.6850891113281,370.5975131242828,362.2560899992989,368.5955657557717,11893034,
2024-07-18,360.11114501953125,365.0206624223283,356.7269222030353,365.0206624223283,15709153,
2024-07-19,347.6228332519531,360.34946707428185,345.9545486821648,360.1111407071692,13330099,
2024-07-22,356.0596008300781,359.6344964207415,345.4302504256871,347.7181777851968,18715538,
2024-07-23,364.5916748046875,367.6422347373944,344.6675679636162,359.1101685601744,49882257,
2024-07-24,374.2677612304688,376.5556887104473,363.8767366516577,366.1646641316363,36868466,
2024-07-25,373.8387451171875,377.79495711426136,368.2142484990822,372.6947959754538,25973101,
2024-07-26,377.7949523925781,380.845541584225,371.5031594602401,376.5080132607837,20381410,
2024-07-29,375.5070190429688,389.2346120008067,374.3153872047437,385.1354101143421,27751449,
2024-07-30,387.9476623535156,393.4291686604816,378.4622615418234,378.4622615418234,34447139,
2024-07-31,396.5751037597656,397.90972569428806,389.47296586549896,390.3786177635193,29727771,
2024-08-01,403.67718505859375,404.5351541038871,396.1937318168669,400.2929334180308,28803487,
2024-08-02,400.1023254394531,406.3941183938803,394.0488297647423,396.813409864805,24233263,
2024-08-05,393.9534912109375,396.2414185537202,385.755058231106,388.6149746827281,42489503,
2024-08-06,395.6217651367188,405.1071660824479,393.9534805849374,393.9534805849374,18230579,
2024-08-07,399.9935302734375,404.5094431491151,398.7444629617168,404.5094431491151,15556736,
2024-08-08,391.73046875,400.66617752711664,389.90486798455487,400.0416437863004,16447385,
2024-08-09,394.5648498535156,400.0415928075103,392.2108338500804,397.59145861347866,10954753,
2024-08-12,385.1487426757813,393.940332026068,384.42812011719695,393.940332026068,26254763,
2024-08-13,380.6808776855469,388.6557553747369,379.5278698962202,387.21451029918165,11355664,
2024-08-14,380.8249816894531,384.3320053740504,378.2307289242963,383.2750864948307,9424614,
2024-08-16,382.4584045410156,385.2448352520981,377.8944616261004,382.4584045410156,13844122,
2024-08-19,387.31060791015625,391.5382543627607,385.7252441557055,386.5419262591875,10677045,
2024-08-20,390.3372497558594,392.2108802835712,387.3106406375789,388.7038267664588,10126083,
2024-08-21,392.9314880371094,393.652110624788,389.32837509871626,391.5382726387141,9726854,
2024-08-22,387.55084228515625,393.9883866207234,386.49392326820976,393.74817908606326,10445288,
2024-08-23,386.2056274414063,390.0008883206909,383.8996120002865,387.5507835672566,11513586,
2024-08-26,398.6003723144531,399.6572912874761,386.2056699055304,386.6860849548856,13772637,
2024-08-27,393.6040649414063,399.8975200149668,393.0756200879801,399.2249271813252,8441188,
2024-08-28,393.0275268554688,398.1679735741486,391.3941333362309,393.9883569216816,15884745,
2024-08-29,393.8442077636719,396.4384604703431,387.9351091787034,393.0274964062232,19014705,
2024-08-30,399.8974609375,402.779950960628,395.3815481723842,396.5345559105174,22633988,
2024-09-02,393.9403076171875,402.68386665069295,391.730410303339,401.4347700332178,11107165,
2024-09-03,390.4813537597656,395.4296229988296,389.7127013949004,394.420763104668,7538160,
2024-09-04,389.2322387695313,392.2588474043524,384.2359110418677,384.3319999062852,11052003,
2024-09-05,387.4547119140625,392.4029807337067,386.109555728461,389.4724608535676,14246871,
2024-09-06,379.3356628417969,388.79984397098224,377.3179433497159,387.45468786886033,17956121,
2024-09-09,374.5796203613281,377.366021786975,370.2078258128648,375.8767468608109,12293356,
2024-09-10,380.7769470214844,383.7555261186437,374.4835217586565,374.8198181493725,15852309,
2024-09-11,374.3874206542969,383.6594247113386,372.3216419248325,383.3711874271179,11492592,
2024-09-12,388.9920654296875,390.3372216830461,375.3482665059757,375.6845628998672,24028069,
2024-09-13,385.67718505859375,391.3460766192792,383.7074951397629,388.9920605360675,12017217,
2024-09-16,394.9972534179688,395.8619946291736,386.2536937886596,386.6860790553656,11479712,
2024-09-17,399.9935302734375,401.2906566800432,394.0364016731159,395.7178542277737,14432501,
2024-09-18,397.9277648925781,403.3084191120582,396.8228161841097,402.10738153280846,10303840,
2024-09-19,407.3439331054688,414.9344850400012,404.0770873038404,407.3919628816425,59601773,
2024-09-20,407.3439331054688,413.0128248377293,400.2337668992966,411.28331306236,36084164,
2024-09-23,411.5715942382813,413.6373731643233,408.3528074212251,410.754882758997,14139629,
2024-09-24,411.3313903808594,414.550177226684,410.2744713583516,414.550177226684,12539885,
2024-09-25,419.0179748535156,419.8827160014345,408.977289481121,411.3313347436495,19443168,
2024-09-26,417.5767822265625,420.7955690408733,413.6854025893657,420.7955690408733,20041825,
2024-09-27,419.78662109375,425.167274957655,416.5198049585163,418.921879958277,53885913,
2024-09-30,425.8398742675781,430.88423184503336,416.6159002615047,419.7866275813088,20903229,
2024-10-01,422.861328125,430.21167244300176,421.61223141570485,428.5302197868873,15984996,
2024-10-03,418.29736328125,425.1672921946432,415.0785767866347,415.0785767866347,13563784,
2024-10-04,413.58935546875,422.1407380565902,409.60188683379465,415.9433717752098,18347292,
2024-10-07,399.1768493652344,416.039404733519,393.0275136896996,413.7334185162963,23431004,
2024-10-08,404.46142578125,410.9470286909863,395.1893922377137,397.7836451304908,18706355,
2024-10-09,402.059326171875,408.1125434571904,400.6661109397255,407.82430618539627,13916492,
2024-10-10,406.1428527832031,413.0608111908056,404.02901505403855,404.2211927829461,15866037,
2024-10-11,405.9507141113281,409.93815313105705,403.1643127073131,407.3439294744393,8639087,
2024-10-14,407.8723449707031,409.3135900059353,403.5486098650066,407.96843383749297,8483177,
2024-10-15,409.8901062011719,410.46661009702905,406.9595569481505,409.9381359749074,9365964,
2024-10-16,407.6321716308594,412.5804408021253,404.7496813187967,408.6410315111982,6219440,
2024-10-17,401.3867492675781,408.92927094710126,400.2818005858608,407.0556406399501,11968387,
2024-10-18,408.30474853515625,409.2655786017671,398.2160328357425,401.3387305522277,8828971,
2024-10-21,408.3528137207031,411.95592678294463,402.6839217005517,409.3616736492471,9139781,
2024-10-22,399.4651184082031,409.60186434427857,397.2552208831143,406.2870180566453,14242323,
2024-10-23,392.3069152832031,398.5042811125709,385.9654601265195,397.7836585427471,22522821,
2024-10-24,395.7658996582031,398.9846862546203,390.8656604406045,393.2197058391412,9400171,
2024-10-25,383.2750549316406,391.53819823114327,376.2610081400619,386.7340485595955,19642277,
2024-10-28,388.0792541503906,390.5774181629838,382.2181849383622,383.2751038654831,11716022,
2024-10-29,396.0060729980469,398.07185160419766,388.6076996966923,392.97946440557433,20284308,
2024-10-30,392.4991149902344,398.5523331865368,389.9048618648425,397.92779945552286,12264297,
2024-10-31,394.57757568359375,396.9944419189493,390.0822103863848,395.3993161041669,12204072,
2024-11-01,397.6711730957031,401.63483959064007,396.70442660926784,398.29955241133376,2145479,
2024-11-04,387.6170349121094,400.5230775489112,380.6081225351178,400.088059309928,13866505,
2024-11-05,389.6955261230469,390.66227263811135,383.9433725573082,386.6986060257945,6665326,
2024-11-06,395.30267333984375,397.1394859537363,389.7438804671799,393.1758485510919,9700643,
2024-11-07,390.3722229003906,397.2361289158033,388.632091010404,397.2361289158033,7589295,
2024-11-08,384.4267578125,390.758965385453,382.396584166952,389.7438638112974,7536509,
2024-11-11,379.496337890625,387.5686773026435,378.7712779943856,384.9101243497655,12243693,
2024-11-12,367.6536865234375,381.6715109402292,366.4452533840589,380.07638509680186,10549517,
2024-11-13,368.6687927246094,374.71095849791567,366.7352996771514,371.2306651119387,20602407,
2024-11-14,360.113037109375,372.3907282964895,359.00128464032736,367.4119606912936,15086601,
2024-11-18,354.5059509277344,367.3636674887354,350.5906099278422,367.3636674887354,16383636,
2024-11-19,354.5059509277344,365.91354774864834,352.9107956114292,355.76270956803853,17055094,
2024-11-21,344.3067932128906,352.2341270769762,343.00167941172515,351.6057476920491,21276150,
2024-11-22,353.2975158691406,354.8926416739167,343.871737610382,345.17682176707785,15949254,
2024-11-25,356.1494140625,364.6568011878135,355.27934809017864,361.5632005053791,18388844,
2024-11-26,349.6239013671875,358.0829341021321,348.27046203014936,357.69624136337336,11222231,
2024-11-27,357.0194702148437,359.2430048637975,349.33385325084475,351.7023644713081,14225274,
2024-11-28,350.01055908203125,359.48469249879605,347.6420478549115,357.406193421034,16837860,
2024-11-29,351.5573425292969,353.2491488258794,348.2220849605476,351.1706498477729,14280017,
2024-12-02,346.28863525390625,351.7990730343275,345.1285275618364,351.5573863903766,12510350,
2024-12-03,355.23101806640625,357.6962098738917,346.288612819559,347.0619982289922,14205760,
2024-12-04,360.3547668457031,362.6749526029096,355.76272085638834,356.6811418553563,22035954,
2024-12-05,356.8744812011719,361.5148823190245,352.2824351122292,360.35477466387056,18758283,
2024-12-06,357.2128295898437,358.85631043100994,355.811035372216,357.16450406624074,9736086,
2024-12-09,357.5512084960937,360.8864663087112,355.5210348911999,358.5662805471593,10878679,
2024-12-10,356.8744812011719,358.85632932016296,354.21592820231035,356.72947511996847,7913822,
2024-12-11,353.3458557128906,358.42127498099643,352.5724702921891,356.9711551901091,9998662,
2024-12-12,343.7750549316406,354.79595892691066,341.26150817765523,353.829212444821,22538216,
2024-12-13,345.27349853515625,346.385251083718,336.47609968944107,343.9200593672219,14269143,
2024-12-16,341.16485595703125,346.96533533120385,340.004777783855,345.27352884707017,12168143,
2024-12-17,337.4428405761719,342.0832412929004,335.70270874662407,340.29475443862253,15646176,
2024-12-18,330.3856506347656,339.3280566870599,328.6938440843316,337.9262623155944,14672392,
2024-12-19,326.1802978515625,329.27389878131925,323.9084374346566,325.79360511103414,14513129,
2024-12-20,322.16827392578125,332.46411833973616,319.99309428187127,326.56695873791665,20375797,
2024-12-23,322.55499267578125,327.00203287410466,319.5097468289478,324.7301724953429,8884187,
2024-12-24,324.1500549316406,325.64852954780747,320.7181170253142,323.956723354004,7755462,
2024-12-26,323.5216979980469,326.1802507717542,321.2015123869999,324.15007729855284,9030212,
2024-12-27,323.8600769042969,328.69380939540576,323.08669150682414,325.45520272581047,9090597,
2024-12-30,320.3797912597656,325.6002165742575,316.5128051745475,323.8600846370144,36657549,
2024-12-31,322.26495361328125,323.4733867455474,315.35272199727143,319.12302746938934,8580998,
2025-01-01,322.55499267578125,323.5217392622531,317.86626583083984,321.9266132951274,7843971,
2025-01-02,326.76031494140625,327.3403687383043,319.0263429901304,322.5549617923477,16543382,
2025-01-03,328.548828125,333.04419378055627,325.84192002396406,326.80866659517034,8689629,
2025-01-06,316.6094970703125,330.3373099657643,315.594424987681,330.3373099657643,10538077,
2025-01-07,317.67291259765625,319.3647190088551,314.28929977525866,316.1261122640077,13891401,
2025-01-08,314.57928466796875,319.5096973967305,311.147346618064,319.5096973967305,8993608,
2025-01-09,309.6972351074219,315.11102119701246,309.1655068514849,313.2741793163801,12403467,
2025-01-10,297.9996337890625,310.3256527049118,297.37125441155246,309.6972733274018,15941143,
2025-01-13,288.2838439941406,299.6431163894061,286.9787302013657,291.08740319539794,29630336,
2025-01-14,300.0780944824219,302.30162903614274,290.2172983184006,290.4589849327554,22732888,
2025-01-15,310.6640014648437,313.51588600969205,302.15661434988056,302.15661434988056,21894626,
2025-01-16,314.6759948730469,316.41612682239185,310.95401483958733,313.90260945172975,14865186,
2025-01-17,315.30438232421875,318.0596159005053,312.59750377723475,314.48264185371033,7129232,
2025-01-20,324.87518310546875,325.7936041765085,313.7575972062704,315.3527526983673,17991880,
2025-01-21,313.515869140625,327.0019942292321,313.0324959045138,326.5669465156276,12774630,
2025-01-22,311.6790771484375,316.12611711234416,306.7970189452083,316.12611711234416,11068145,
2025-01-23,312.88751220703125,314.28930649309245,308.923845486948,310.3256397730092,6477347,
2025-01-24,312.88751220703125,318.9296780904621,311.3890668690456,313.99926482902987,7492600,
2025-01-27,311.4857482910156,314.24095233932104,304.52516137281737,312.88751307821667,13803855,
2025-01-28,307.6670837402344,313.0808702187769,297.90293786866414,311.77575650031605,22008929,
2025-01-29,310.5672912597656,312.1624169719097,302.8816453247625,309.3588582198444,16056888,
2025-01-30,312.2591552734375,315.9327805931954,310.4706681429902,311.53409531537227,10375720,
2025-01-31,315.6691589355469,317.8613058725993,309.384992489505,314.159025160958,13195557,
2025-02-01,309.5311584472656,322.2943012327426,308.6055734057712,317.66643549106175,10097627,
2025-02-03,303.2469787597656,305.97497181609333,296.1833945155622,302.1265541020915,15881217,
2025-02-04,310.8951416015625,312.2104356494708,302.3213939161228,306.75441980108087,12141064,
2025-02-05,311.3822937011719,314.7435677661699,310.21313679767115,312.7462902666593,12226722,
2025-02-06,304.7571105957031,314.4025803942938,303.3931140758996,314.3051457001162,13384442,
2025-02-07,308.8004455566406,311.0412949899565,304.07514507380057,305.4391416737709,8937447,
2025-02-10,302.5162658691406,308.7029973818034,301.0548346330578,308.36199081347183,6806132,
2025-02-11,297.74224853515625,304.31868877557804,296.3295198496121,304.31868877557804,13241830,
2025-02-12,298.3755187988281,299.5933780592315,292.2862224968112,298.32681632156886,7616083,
2025-02-13,298.8139953613281,300.6651357094654,295.3065543300232,298.2781193836465,9086906,
2025-02-14,292.6272277832031,300.32409232941427,290.678652974902,298.96009591018185,7446248,
2025-02-17,294.5758056640625,295.40395591280685,285.2713430176396,289.8505057580668,6464173,
2025-02-18,303.1982727050781,304.36739982991213,289.8505224664086,293.40666578706475,15793327,
2025-02-19,306.7056884765625,308.2158519185008,302.61369887807547,303.1982773158292,13079903,
2025-02-20,316.7895812988281,318.7381563395503,303.4905625924784,304.5135525956993,22888146,
2025-02-21,317.8612976074219,321.27130386527926,313.28213445371256,314.98713758264125,10809296,
2025-02-24,311.86944580078125,317.0331578414788,311.2361648498121,313.81802087016086,6034113,
2025-02-25,310.5054016113281,313.23339439721417,307.6312419313231,311.86939800427115,10686112,
2025-02-27,307.58258056640625,311.08999183623087,306.4134236545345,307.24157398936904,7302366,
2025-02-28,303.4418334960937,307.5338228829829,298.66780127871704,305.92625456195884,21127180,
2025-03-03,306.31597900390625,309.62855050272066,299.7882707012502,303.2956818571158,9779703,
2025-03-04,305.6827087402344,306.80313343923706,300.0805555123257,303.29569242822816,8734999,
2025-03-05,317.8125915527344,318.8842840068403,305.4391285201632,305.48783100157,10493615,
2025-03-06,329.21173095703125,330.08858373555825,314.889722953373,320.54057839978606,26294903,
2025-03-07,321.076416015625,330.0398724142012,320.2482954726346,327.2144447666804,8992315,
2025-03-10,320.9302673339844,326.3375803064068,317.90997041239154,320.9789995442844,11383132,
2025-03-11,321.80712890625,324.6812887417573,315.3768556012048,318.59199225372737,10299324,
2025-03-12,321.6610107421875,326.1914416503799,318.0074326335009,322.48916106006874,6984859,
2025-03-13,323.3659973144531,325.9478530992446,320.0047234661789,323.46343200561176,8965150,
2025-03-17,323.1224365234375,325.8991617856791,322.00201186895947,324.38902808610794,4353561,
2025-03-18,323.1224365234375,323.1224365234375,323.1224365234375,323.1224365234375,0,
2025-03-19,332.5243225097656,335.057476037498,327.7016170699998,330.28347308113456,30582397,
2025-03-20,332.9627685546875,335.83692870603574,331.5500397210629,335.83692870603574,15002119,
2025-03-21,342.2671813964844,344.75163232158565,332.96274781308057,333.20631968419474,36406837,
2025-03-24,357.5148010253906,358.53779098150085,344.5567597615945,347.8206287510756,24588471,
2025-03-25,357.5148010253906,361.89909466511006,354.78677825427314,359.51207845699406,23189083,
2025-03-26,345.5310363769531,359.51206715743194,344.21574237979854,357.5147897886035,18668095,
2025-03-27,351.37677001953125,355.0790802443258,341.97490188300185,344.8003295987043,37930538,
2025-03-28,348.4051818847656,354.9328896568477,347.2847573158828,352.6920405190821,11327077,
2025-04-01,343.0953369140625,353.5689275309925,341.8287750581964,343.2902063070703,18736320,
2025-04-02,342.7055969238281,344.3618974161904,338.126434197574,343.09530594176863,13593404,
2025-04-03,349.6717834472656,352.058799753951,342.7056336564081,342.7056336564081,10317410,
2025-04-04,341.39031982421875,349.6230607492348,339.5878820777657,349.6230607492348,10872963,
2025-04-07,340.8057556152344,342.3646215618517,315.66915000777334,319.5663000078693,18025165,
2025-04-08,343.8747863769531,349.0384982541992,341.00062634743813,347.6745016953884,17506712,
2025-04-09,340.36737060546875,345.6772200546697,339.2469458397032,344.89780188706686,7462119,
2025-04-11,350.8409423828125,352.204938966116,341.97491999199644,341.97491999199644,11246077,
2025-04-15,353.17919921875,358.9762214163254,352.25361425177806,357.5634927262931,17497327,
2025-04-16,350.0614929199219,353.66636862551644,348.6974963428764,353.1792248670791,11541484,
2025-04-17,354.640625,356.05335366856923,348.0641848385989,350.0127597012363,12288196,
2025-04-21,355.1764831542969,358.732656184675,352.497192627948,356.3943424844555,7375594,
2025-04-22,350.987060546875,357.6122034398902,350.4512143323274,357.6122034398902,12077119,
2025-04-23,354.44580078125,354.8842420743632,348.6975101506468,353.6176801454308,9719205,
2025-04-24,353.8612060546875,357.0276401984787,352.3023402219348,354.3970522474028,7491123,
2025-04-25,347.2847595214844,356.3943230274272,342.0723159263955,353.861199545306,9785640,
2025-04-28,352.20489501953125,353.56889143264124,344.60546519442426,344.60546519442426,5315840,
2025-04-29,347.7719421386719,354.98166383970954,344.99521676024034,354.64065726114853,9472828,
2025-04-30,345.4336242675781,351.7177905909625,342.9492030139025,347.8206405567136,16739088,
2025-05-02,339.7340393066406,348.7949005277519,338.66231718525614,345.4335969954307,8221620,
2025-05-05,339.6366271972656,342.94919873850176,336.66503249345936,341.9749112420856,9492646,
2025-05-06,333.0114440917969,340.5134694755459,331.25773854559543,340.0263257423905,8904223,
2025-05-07,333.2550048828125,334.8626029351123,328.33486523462,329.3091526685506,8465490,
2025-05-08,331.2577209472656,334.2780178789515,329.6988551374059,332.28071083938704,14286109,
2025-05-09,326.1427307128906,330.0398805944487,322.09944365735294,325.606884497334,11322011,
2025-05-12,339.5878601074219,340.22117070136795,329.4065746552159,331.6474237736826,7978210,
2025-05-13,332.7191467285156,340.80572024633017,331.74485932960346,339.6365932073706,14738980,
2025-05-14,329.8450012207031,335.0087424971646,329.06558316114706,333.64474602649494,22485535,
2025-05-15,333.1576232910156,334.9113289019259,324.09673168025927,330.7706070173203,43307763,
2025-05-16,334.2780456542969,338.6623393840688,333.20632346266257,334.18061095816745,6920351,
2025-05-19,336.2753295898437,338.759780590867,333.5960389257117,334.27805207883074,6218209,
2025-05-20,333.7908935546875,340.708340546268,332.7678738702677,337.980317787376,9986143,
2025-05-21,337.2496032714844,338.4674626143201,331.11160407675004,333.74216241753874,5930972,
2025-05-22,332.62176513671875,338.0777813881208,329.5527652868353,337.24963102027374,8717514,
2025-05-23,335.7394714355469,336.08047800000486,331.4038802579263,333.2063180418661,4045937,
2025-05-26,334.667724609375,342.16974954326605,333.742139678725,341.9748801685317,16655082,
2025-05-27,329.8450012207031,335.6420233871655,328.1399981991428,335.1548796667197,24937330,
2025-05-28,331.3064270019531,331.93973761456283,328.4322969377317,329.8937280753369,10985957,
2025-05-29,330.6244506835937,333.449878329876,329.35785916429944,332.2320190226084,15884093,
2025-05-30,325.3145751953125,331.9884502069465,324.2915852609797,328.8220159790005,19143010,
2025-06-02,323.9992980957031,326.19144498331383,321.8071512080924,325.31459217484854,29479727,
2025-06-03,319.8098449707031,326.1427131879448,318.59198569815663,324.43771020637973,14081719,
2025-06-04,320.7841491699219,321.466162291383,316.4972902528783,320.5405773026706,15654279,
2025-06-05,320.1995544433594,323.0737142237834,319.17656454613314,320.73543036377174,16270360,
2025-06-06,324.2915954589844,324.9248763779097,320.5892851747618,321.1738636125753,11402511,
2025-06-09,328.43231201171875,328.8707235333864,324.19415557156725,325.3145802152433,19416373,
2025-06-10,330.47833251953125,332.13460343293355,328.1400187287834,330.0885937324766,12061248,
2025-06-11,329.4066162109375,333.7909100476415,328.7733352699927,332.23204407023434,10807496,
2025-06-12,325.1197509765625,332.8653187697685,324.0967312607765,329.4553125162716,11881618,
2025-06-13,323.41473388671875,324.34028913297107,318.2022900348364,318.39712968688724,11711773,
2025-06-16,325.1197509765625,326.0453062627747,322.09945377688626,323.46345033170604,8065112,
2025-06-17,326.5811767578125,328.23744764203144,324.53516709340613,325.412019883039,6796992,
2025-06-18,323.8531494140625,327.26315556256503,322.2455810334901,326.58117217260093,17835507,
2025-06-19,321.5635681152344,324.5838652238372,320.1021369078034,323.85314962012166,11610604,
2025-06-20,326.5811767578125,327.3605948523985,321.22259559207384,321.51486994432,16592862,
2025-06-23,324.0480041503906,327.0683011205164,321.8558574397515,325.119726266615,8277787,
2025-06-24,321.4661560058594,323.17115904328085,313.0872779896664,322.4891459351549,100814893,
2025-06-25,322.343017578125,325.1197428330004,320.9302888439042,322.97629849133307,17963666,
2025-06-26,328.48101806640625,329.1142989820799,322.78143035955463,323.8531525345608,13754087,
2025-06-27,329.6014404296875,332.52430285052264,325.85045744259764,330.2347510738504,50845169,
2025-06-30,326.28887939453125,328.57846097727514,325.0710200135925,327.11702972014865,11858890,
2025-07-01,324.0480041503906,326.62985988523155,323.60956291510576,326.62985988523155,8903292,
2025-07-02,325.1684265136719,327.0195666655982,322.781410440864,324.0967044048012,11326880,
2025-07-03,325.99658203125,327.7015850442451,322.4891413150814,325.99658203125,15786429,
2025-07-04,326.8734436035156,327.3605873346684,323.7070093510226,327.06831298913426,5899185,
2025-07-07,328.7732849121094,330.2834184425102,325.1684097498165,326.87341264738103,9454556,
2025-07-08,334.37548828125,335.0574717045421,328.3348937726892,329.50405068818344,12092302,
2025-07-09,335.1548767089844,336.71374254723264,333.98571989707494,334.4241611347642,9079872,
2025-07-10,332.67047119140625,336.1291798444743,332.4268993219537,335.1548923666643,6426072,
2025-07-11,333.8883056640625,335.1548673976993,330.7705740741829,331.7448614794088,17234194,
2025-07-14,333.30377197265625,336.129199880142,331.20905971708385,334.2293272920089,11516965,
2025-07-15,333.206298828125,335.252308363999,332.18330892663425,334.32672341854163,8450777,
2025-07-16,333.644775390625,334.96003976527084,332.0371771853544,333.20633411047925,6001484,
2025-07-17,333.839599609375,335.6420373968367,333.2063186929409,335.34976304552697,7562006,
2025-07-18,333.30377197265625,335.0574776440899,331.8910431524654,334.18062480837307,6370338,
2025-07-21,332.76788330078125,333.98574267420366,330.5757364286209,333.303759264824,4463318,
2025-07-22,332.0859069824219,333.79091014162015,331.3064591270511,332.7678904063639,4728372,
2025-07-23,334.2292785644531,335.15486348176,332.1832988236976,333.01141932215023,5058422,
2025-07-24,330.1860046386719,334.76516746057104,327.8477207492971,334.76516746057104,9098453,
2025-07-25,324.6325988769531,331.16030712602645,323.99928823127567,330.1860196500847,7790739,
2025-07-28,324.3890075683594,327.9451506958595,321.8558543361358,324.87615127713724,4605823,
2025-07-29,325.99658203125,326.8734347770689,320.05342272508835,323.46342875107865,7551356,
2025-07-30,330.08856201171875,333.49856794048816,323.95056323309075,326.3862817536403,12537358,
2025-07-31,325.6556091308594,331.35519716693904,324.437749710026,327.40931480370114,8935384,
2025-08-01,322.3917236328125,326.14273640586663,321.7097402313719,324.43773330292333,7107542,
2025-08-04,323.46343994140625,324.7300017588626,318.7868719799893,322.39171777815415,8193399,
2025-08-05,325.0223083496094,325.7530239575299,322.78142931225005,323.90188369737683,9855535,
2025-08-06,323.56085205078125,326.77598858323086,323.0737083499318,325.0222831533296,13872826,
2025-08-07,321.2712707519531,323.9018586300387,320.1995486633667,323.5608520928214,8731389,
2025-08-08,326.1427307128906,328.8220212564618,321.1738586673253,321.51486522854043,11247218,
2025-08-11,327.5067443847656,330.3809044661656,325.3633296773396,326.3863196816912,11993280,
2025-08-12,331.3551940917969,333.0601972651404,327.1170374000495,327.604181163862,7221182,
2025-08-13,331.2090759277344,334.18064116446345,330.42962802114,331.55005279566586,5417151,
2025-08-14,330.6244506835937,331.6961728205679,327.6528561341248,331.20902909766085,5689423,
2025-08-18,327.4093017578125,333.011454870424,326.8247530454211,332.6704780324939,6511340,
2025-08-19,326.4350280761719,331.8910442416087,325.5581752375776,330.1860410482157,10316115,
2025-08-20,333.206298828125,334.57029527441017,327.84771799901773,329.11427975637696,10824544,
2025-08-21,330.08856201171875,335.49587496707403,328.23742188267954,333.5473001506344,11135121,
2025-08-22,328.3348693847656,330.1860095860536,326.87343821539724,329.79630055413406,8534844,
2025-08-25,329.1630249023437,332.6217334984358,328.3835770931992,328.3835770931992,7142387,
2025-08-26,324.6325988769531,328.72458843617204,323.21987014367994,327.50672909124484,13113388,
2025-08-28,322.2942810058594,324.34029062561814,320.24830111899445,322.73272225755545,10486948,
2025-08-29,319.1278381347656,322.976285404538,318.59199193750806,322.4891416859791,11813425,
2025-09-01,322.1968994140625,323.07375224815706,319.56631117888287,319.56631117888287,6897558,
2025-09-02,327.6528625488281,329.55273499851813,322.5865855711445,322.5865855711445,9224639,
2025-09-03,325.6556091308594,329.3091873933597,324.9248934783593,327.8477560883596,10778333,
2025-09-04,324.81903076171875,329.59216919528404,324.08091749984493,328.2143637799006,7934237,
2025-09-05,323.490478515625,326.5413228978578,320.7840629911934,324.8190584732195,5678244,
2025-09-08,321.5221862792969,325.70482858302927,321.1777273769136,323.5396840828277,5239184,
2025-09-09,318.9633483886719,322.94914796612073,318.52046842055296,322.40787692411345,9735495,
2025-09-10,320.4888000488281,322.8507566845568,319.9967244983052,320.3411833904529,6509477,
2025-09-11,325.8031921386719,328.21437421770185,320.8332413642303,321.2761213490012,10309925,
2025-09-12,326.44293212890625,328.2143920966744,323.1952154761205,326.7381654455649,5257048,
2025-09-15,325.8524475097656,328.5096375596649,325.40956748449446,325.754026389271,6566824,
2025-09-16,329.73980712890625,330.4779204384328,325.9508495004629,325.9508495004629,8784889,
2025-09-17,331.06842041015625,332.1017970741923,329.2477348882994,330.1826904366309,7936518,
2025-09-18,331.6097106933594,332.24940287367366,328.804874173928,331.65890623265017,6497322,
2025-09-19,333.28277587890625,334.1193103504831,331.1176614021352,331.6097369696617,10646331,
2025-09-22,333.8240661621094,334.95583392381485,331.5113050632019,333.77484058661287,6966213,
2025-09-23,337.5638427734375,338.6464150398427,332.7415081691703,334.0701182218535,10738268,
2025-09-24,342.0909118652344,344.84652279874786,336.8256977274325,337.85904431902344,14653575,
2025-09-25,335.1034545898437,345.24019905873377,334.6113790324431,343.7639723865318,13228081,
2025-09-26,332.5446472167969,335.34948382934107,331.1176461570167,335.10344605690574,6337702,
2025-09-29,335.5463256835937,338.301936718208,332.64306795855805,333.72564016283786,16922231,
2025-09-30,335.05426025390625,337.61302913447474,333.77484577971336,335.6939524740484,8308029,
2025-10-01,334.857421875,337.6130330245518,332.69227737613147,334.9066174179206,6022078,
2025-10-03,336.57965087890625,338.0558774178488,333.3811600445307,334.85738658347327,8506827,
2025-10-06,333.7256164550781,336.3828061852815,330.3302834269284,335.2018429831596,8436245,
2025-10-07,332.64306640625,335.98917408521186,331.511298666383,333.7256386054779,16130172,
2025-10-08,328.5096435546875,333.873279363479,327.03341682205604,333.873279363479,13223442,
2025-10-09,330.5271301269531,331.0684011810283,325.9508338346163,328.5096024908693,6824759,
2025-10-10,334.3161315917969,336.5304715065776,330.62556506716226,330.67476060726113,8970962,
2025-10-13,336.2844543457031,336.6781087923391,330.87162311120863,332.59388759491145,6663149,
2025-10-14,331.314453125,337.5638184529958,329.88745208774424,336.5796673787888,7545848,
2025-10-15,333.8732604980469,336.3336382467429,331.4128827493509,331.6097249828098,8121744,
2025-10-16,336.08758544921875,337.1701576170371,334.26689998978424,334.8082010906468,6788416,
2025-10-17,335.59552001953125,338.7448155054184,334.75898559041366,336.0875955620819,7032129,
2025-10-20,336.5304870605469,338.9908648573518,334.9066136875287,335.9891859249046,6896835,
2025-10-21,336.57965087890625,338.0558774178488,335.6446953906803,337.5146063671322,346988,
2025-10-23,337.2193603515625,339.7289636169493,335.64471262240147,338.3511280827413,8710859,
2025-10-24,334.2177124023437,337.8098578335593,332.790681324371,337.0225489839997,7584711,
2025-10-27,336.3336486816406,337.4654164743728,335.0542642261885,335.3003020086915,6752390,
2025-10-28,333.7748413085937,337.46540795294777,331.9541557572641,336.9733324003672,13186584,
2025-10-29,341.99249267578125,344.45287032093074,333.77482533420056,333.8732464467879,15423201,
2025-10-30,339.67974853515625,343.46873630345164,338.00670967379386,343.46873630345164,6721032,
2025-10-31,331.6097106933594,339.5321146892116,330.2811007595333,339.5321146892116,18651312,
2025-11-03,329.887451171875,332.1509866227039,328.11596122287625,331.5112944330268,10242245,
2025-11-04,325.3603515625,330.6747613633437,324.4746216013439,330.0842647112706,11887651,
2025-11-06,321.4729309082031,327.67310047474126,319.45543329165474,326.78734051244567,11587302,
2025-11-07,323.6564636230469,324.6489703926429,318.4458030826677,321.96918999917244,8578167,
2025-11-10,323.0113525390625,325.79035948383523,321.5722055529706,323.6564759060022,5246998,
2025-11-11,324.20233154296875,324.9963551352011,320.43081791879985,323.50759497478134,6103758,
2025-11-12,324.6986083984375,325.7903719861034,323.1105913880966,325.045991852091,6850550,
2025-11-13,324.5001220703125,327.4776425776202,323.11058826911164,324.6986052641234,7276001,
2025-11-14,325.9888610839844,327.4279777287404,323.75572084900506,324.5497141503254,9169855,
2025-11-17,327.72576904296875,328.96640258675814,326.0881085340428,326.53474872536896,6283156,
2025-11-18,325.9888610839844,327.2791077708557,324.6985841082101,326.5843409155232,6776200,
2025-11-19,324.1527404785156,326.4851376137269,322.6143367009101,326.4851376137269,6935056,
2025-11-20,324.1527404785156,327.5272576816976,323.7557437997128,325.5422439987782,5155775,
2025-11-21,324.20233154296875,325.93921839679183,322.5647014242876,324.4008450132526,6142545,
2025-11-24,321.0263366699219,324.648980433206,319.6368029183904,324.25198377087,13719726,
2025-11-25,321.27447509765625,323.16023202926664,320.08345477826816,321.02634838852583,8074651,
2025-11-26,323.6564636230469,325.3437069580184,321.5721933491146,321.8699332644323,7101095,
2025-11-27,324.8970947265625,326.2865981361298,322.5646977771625,324.6985812585232,6755179,
2025-11-28,324.0038452148437,325.6910885402578,321.8203182185401,325.5422185834422,8930988,
2025-12-01,324.64898681640625,325.79036360140253,323.0113566215068,324.64898681640625,6936186,
2025-12-02,326.13775634765625,327.4776466503896,324.3016126208665,324.9963795301076,5806943,
2025-12-03,320.53009033203125,326.5347444905355,318.8924298443442,326.5347444905355,8546132,
2025-12-04,320.53009033203125,321.86995031082324,318.6939466532549,320.48044681758057,5965357,
2025-12-05,320.87744140625,321.72107825739164,318.54507462043483,319.8353213653072,6574010,
2025-12-08,317.1059265136719,320.7782138345562,315.4682963312413,320.7782138345562,7906928,
2025-12-09,317.45330810546875,318.99168153992724,313.1855106643288,315.0712978277346,7152584,
2025-12-10,319.190185546875,321.2744558363941,317.1059152573559,317.45329868709297,5484712,
2025-12-11,320.1827087402344,321.0263456017354,316.7585480683971,319.2398151381619,6317942,
2025-12-12,322.61431884765625,323.5075991866605,320.48043531438657,320.48043531438657,4261023,
2025-12-15,321.5225830078125,322.8624429276532,319.1405425083109,320.6293026760478,10219819,
2025-12-16,318.5946960449219,321.3737030848919,316.6592955889,319.6368161126844,5241263,
2025-12-17,318.8428039550781,319.984180697448,317.1555303088596,317.6021704766537,5043027,
2025-12-18,316.1134033203125,319.7360469395152,314.62464317908655,319.5871769831731,5554193,
2025-12-19,317.5029296875,318.1976965858744,315.12091934706694,316.56006636988315,10833662,
2025-12-22,318.29693603515625,321.224812858892,317.1059157851905,317.55255595115347,8925871,
2025-12-23,320.82781982421875,322.3165800090179,317.8502994546204,318.6442927709519,6024641,
2025-12-24,320.133056640625,324.202340583696,319.8353167157995,321.4729468801477,5678004,
2025-12-26,321.67144775390625,323.3090778540973,319.884917408232,320.1330440988337,4174183,
2025-12-29,323.0609741210937,323.35871405541303,320.6293202648354,321.6714706127625,14043845,
2025-12-30,322.4654541015625,323.1105774654609,320.9270806731198,322.5647108396016,8035909,
2025-12-31,327.0805969238281,328.1723604385753,322.2669632765072,322.316576499899,8497983,
2026-01-01,333.780029296875,334.37553944281365,327.1302518191223,327.32873500849905,10357315,
2026-01-02,349.4616394042969,350.35488943856933,333.43266114357067,334.276267666054,23128940,
2026-01-05,347.972900390625,352.14141090010577,345.7893732507269,347.7247736833141,18248271,
2026-01-06,348.17138671875,351.4466774580942,343.5562359789838,347.278136622167,8641743,
2026-01-07,346.2359924316406,348.7172593541995,343.7050819972889,346.93072899661536,7165806,
2026-01-08,341.8193359375,347.1788666008996,339.6358391503614,344.15173297579446,8805975,
2026-01-09,333.4822998046875,341.8193512420237,331.8942827954556,341.8193512420237,10161744,
2026-01-12,334.9214172363281,338.09742068511275,331.1995168978991,334.22665039092703,9406174,
2026-01-13,335.3680419921875,336.7079322312866,332.5393915516236,334.9214321050904,5583379,
2026-01-14,346.484130859375,347.87363432529014,334.9214326664008,336.36054935688634,20389924,
2026-01-15,346.484130859375,346.484130859375,346.484130859375,346.484130859375,0,
2026-01-16,343.7547302246094,351.3970142775835,342.81183666554153,350.0075108396703,14275582,
2026-01-19,340.7772216796875,345.3427590957348,339.4869446442261,340.9260916444588,9974363,
2026-01-20,336.211669921875,345.6900975044803,335.16954992402526,340.4298237142528,7718407,
2026-01-21,336.1620788574219,339.0403426359308,334.2762916301079,336.2613053103078,6948955,
2026-01-22,339.88397216796875,340.6283522819688,334.5740546303211,336.1620715979687,5885972,
2026-01-23,334.17706298828125,342.8614977822708,333.581552830341,341.37273753187264,10084314,
2026-01-27,342.1170959472656,343.9035960188152,334.5243949209227,337.94855539511275,12203590,
2026-01-28,345.4419860839844,350.6030336560542,342.1171124729344,342.1171124729344,13566973,
2026-01-29,355.46630859375,357.798705659296,344.69760362777674,347.37738413523886,20624409,
2026-01-30,353.3324279785156,356.6573318838472,348.4691506174911,356.30994843900874,22641103,
2026-02-02,347.7247619628906,350.10677221500646,335.2191702781529,342.3652313234041,12622760,
2026-02-03,355.8633117675781,363.20788654042616,351.1489043252551,363.20788654042616,11559806,
2026-02-04,364.49810791015625,365.78835458365774,354.92042372604976,356.7565672913423,15515053,
2026-02-05,364.25,367.9222873199213,362.2649863760218,366.9793937329701,18789794,
2026-02-06,365.0499877929688,365.9500122070313,361.0,361.7999877929688,7328789,
2026-02-09,361.8999938964844,368.6000061035156,361.0,366.5499877929688,7983235,
2026-02-10,366.8999938964844,368.1499938964844,361.25,361.8999938964844,8319282,
2026-02-11,368.4500122070313,369.0,366.0,369.0,5782448,
2026-02-12,368.25,372.0,366.8500061035156,370.0,6763353,
2026-02-13,363.0,368.0,362.3999938964844,367.5499877929688,7111972,
2026-02-16,369.1000061035156,369.6499938964844,362.5,362.6000061035156,6292850,
2026-02-17,368.3999938964844,369.5,366.0499877929688,368.75,4442793,
2026-02-18,368.3999938964844,370.7000122070313,367.3999938964844,368.4500122070313,4871319,
2026-02-19,363.2000122070313,370.8999938964844,362.2000122070313,367.0,5375352,
2026-02-20,372.9500122070313,373.6499938964844,362.7000122070313,362.7999877929688,16736731,
2026-02-23,375.4500122070313,376.5,372.1499938964844,374.0,16135451,
2026-02-24,382.75,385.0,373.5499877929688,374.9500122070313,20774629,
2026-02-25,384.8999938964844,388.5499877929688,382.7000122070313,382.75,12750016,
2026-02-26,381.8999938964844,385.8500061035156,378.3999938964844,385.0,10721570,
2026-02-27,381.8999938964844,385.2000122070313,380.1499938964844,381.0,11548959,
2026-03-02,377.5499877929688,378.9500122070313,365.0,365.0,14732253,
2026-03-04,365.7999877929688,373.8500061035156,364.1000061035156,370.75,11433169,
2026-03-05,378.0499877929688,379.8999938964844,366.6000061035156,366.9500122070313,16158714,
2026-03-06,380.6000061035156,385.5499877929688,374.6499938964844,377.0,14940896,
2026-03-09,376.25,379.0,371.3999938964844,373.0,11286578,
2026-03-10,377.2999877929688,385.4500122070313,374.8500061035156,385.0,10875834,
2026-03-11,379.8999938964844,383.8999938964844,376.4500122070313,377.5,9963701,
2026-03-12,390.5499877929688,392.3999938964844,375.6499938964844,379.0,23847146,
2026-03-13,384.4500122070313,394.5,383.2000122070313,391.8500061035156,27107369,
2026-03-16,382.3999938964844,388.25,375.4500122070313,384.5,16793109,
2026-03-17,383.3500061035156,385.8999938964844,378.2999877929688,382.8999938964844,9720902,
2026-03-18,378.5,386.3500061035156,377.6000061035156,385.0,10681498,
2026-03-19,374.0499877929688,380.75,373.1000061035156,373.5,10568326,
2026-03-20,380.9500122070313,383.2999877929688,375.5,375.8500061035156,20930288,
2026-03-23,372.3999938964844,379.5,369.2999877929688,377.1000061035156,13148432,
2026-03-24,375.5499877929688,378.1499938964844,371.0,378.0,9339144,
2026-03-25,378.3999938964844,380.9500122070313,375.6000061035156,376.0,9266292,
2026-03-27,375.6499938964844,379.8999938964844,374.6499938964844,379.8999938964844,20263654,
2026-03-30,370.6499938964844,377.9500122070313,369.6499938964844,374.0,17974103,
2026-04-01,364.6499938964844,381.8999938964844,361.4500122070313,381.2999877929688,15449629,
2026-04-02,359.6499938964844,361.2999877929688,352.0,359.95001220703125,16551512,
2026-04-06,366.1000061035156,366.75,355.70001220703125,358.79998779296875,11534034,
2026-04-07,368.8500061035156,369.7999877929688,362.25,364.8500061035156,12603971,
2026-04-08,374.1499938964844,375.5499877929688,368.25,373.5,19491331,
2026-04-09,378.6499938964844,384.2000122070313,376.5,376.9500122070313,18503665,
2026-04-10,380.1499938964844,384.4500122070313,372.0499877929688,381.2000122070313,14953758,
2026-04-13,386.25,388.0,374.3500061035156,374.3500061035156,15240045,
2026-04-15,392.6000061035156,393.9500122070313,387.1000061035156,390.25,7722460,
2026-04-16,390.7999877929688,397.25,387.7999877929688,397.0,9896906,
2026-04-17,393.6000061035156,396.25,388.4500122070313,393.0,15320653,
2026-04-20,398.0,400.8500061035156,390.6499938964844,393.0,9895187,
2026-04-21,396.2000122070313,402.7000122070313,395.7000122070313,398.6000061035156,9493644,
2026-04-22,405.3999938964844,407.25,393.2000122070313,398.0,16411131,
2026-04-23,402.25,405.8999938964844,400.3999938964844,404.0,9144699,
2026-04-24,401.8500061035156,405.25,399.2000122070313,404.75,6266676,
2026-04-27,410.2000122070313,414.3999938964844,402.6000061035156,403.8999938964844,13001752,
2026-04-28,406.8500061035156,414.2000122070313,405.9500122070313,414.0,7726655,
2026-04-29,401.2999877929688,410.0,399.6499938964844,409.5,11920835,
2026-04-30,399.1499938964844,400.2999877929688,393.1499938964844,400.0,7706357,
2026-05-01,399.1499938964844,399.1499938964844,399.1499938964844,399.1499938964844,0,
2026-05-04,400.0499877929688,404.7999877929688,397.25,400.0,6333200,
2026-05-05,398.6499938964844,400.5,394.5499877929688,398.2999877929688,6791514,
2026-05-06,394.8500061035156,403.0,391.6499938964844,400.0,11120409,
2026-05-07,400.3500061035156,403.5,393.1499938964844,396.75,9700378,
2026-05-08,402.1499938964844,405.1000061035156,397.1499938964844,398.0,4740939,
2026-05-11,392.9500122070313,405.0,391.0,401.8999938964844,10088836,
2026-05-12,392.7000122070313,399.8500061035156,391.25,392.2000122070313,10247516,
2026-05-13,390.4500122070313,394.0499877929688,385.7999877929688,392.0,12322076,
2026-05-14,396.2999877929688,398.5499877929688,391.2000122070313,393.7000122070313,7363948,
2026-05-15,395.25,398.0,392.5,396.0,7107857,
2026-05-18,388.2999877929688,393.8500061035156,384.8999938964844,393.0,7632596,
2026-05-19,389.3999938964844,392.75,386.0499877929688,386.7000122070313,6693518,
2026-05-20,392.4500122070313,393.3500061035156,384.0,386.1000061035156,5386249,
2026-05-21,388.7999877929688,395.5499877929688,387.8500061035156,393.5,10596954,
2026-05-22,388.6499938964844,391.5,387.4500122070313,389.9500122070313,11755213,
2026-05-25,390.0499877929688,392.7999877929688,386.4500122070313,391.9500122070313,10489850,
2026-05-26,389.7000122070313,392.25,389.0,390.75,9062218,
2026-05-27,398.1499938964844,403.1000061035156,390.3500061035156,390.3500061035156,14418621,
2026-05-28,398.1499938964844,398.1499938964844,398.1499938964844,398.1499938964844,0,
2026-05-29,386.8999938964844,401.6499938964844,385.1000061035156,400.0,17003143,
2026-06-01,378.7000122070313,389.0,376.5,386.8999938964844,18408900,
2026-06-02,367.3999938964844,377.5,363.0499877929688,375.9500122070313,17496468,
2026-06-03,366.7999877929688,371.5,363.7000122070313,368.0499877929688,10825715,
2026-06-04,366.3999938964844,368.7999877929688,364.3500061035156,366.7999877929688,14363519,
2026-06-05,361.6499938964844,368.5,358.6499938964844,365.9500122070313,10277061,
2026-06-08,362.3999938964844,365.3500061035156,355.1499938964844,358.95001220703125,14933986,
2026-06-09,355.6499938964844,363.7000122070313,355.0,362.7999877929688,14246656,
2026-06-10,351.6499938964844,359.0,351.1000061035156,359.0,14939921,
2026-06-11,351.8500061035156,353.3500061035156,348.79998779296875,352.0,15079402,
2026-06-12,353.8999938964844,357.0,349.70001220703125,357.0,8740239,
2026-06-15,348.1000061035156,358.0,346.95001220703125,357.3999938964844,17190759,
2026-06-16,355.54998779296875,356.20001220703125,348.5,349.75,14555184,
2026-06-17,355.54998779296875,356.04998779296875,352.04998779296875,355.54998779296875,9299676,
2026-06-18,361.9500122070313,363.5499877929688,354.04998779296875,357.0,12260776,
2026-06-19,365.7999877929688,368.0,359.95001220703125,361.9500122070313,17465450,
2026-06-22,367.0499877929688,368.5,364.0499877929688,365.7999877929688,11946682,
2026-06-23,364.6000061035156,369.25,361.8999938964844,367.8500061035156,11696171,
2026-06-24,357.04998779296875,364.0499877929688,355.5,362.8500061035156,12770898,
2026-06-25,352.04998779296875,359.0,351.45001220703125,356.45001220703125,19767157,
2026-06-26,352.04998779296875,352.04998779296875,352.04998779296875,352.04998779296875,0,
2026-06-29,356.1000061035156,357.8999938964844,351.54998779296875,352.0,49895302,
2026-06-30,356.6499938964844,358.3500061035156,352.8999938964844,354.75,10291360,
2026-07-01,357.8999938964844,360.8500061035156,354.25,358.0,6915166,
2026-07-02,358.25,359.95001220703125,352.29998779296875,359.95001220703125,6513560,
2026-07-03,356.45001220703125,360.1499938964844,355.45001220703125,358.25,6588714,
2026-07-06,356.25,359.3999938964844,354.6499938964844,356.0,6204261,
2026-07-07,354.20001220703125,357.1499938964844,352.54998779296875,355.79998779296875,8149003,
2026-07-08,348.70001220703125,353.0,347.54998779296875,351.95001220703125,9572223,
2026-07-09,343.70001220703125,351.0,343.1000061035156,349.0,17821421,
2026-07-10,344.54998779296875,348.79998779296875,343.20001220703125,344.5,13016441,
2026-07-13,351.75,355.0,343.70001220703125,345.04998779296875,8226337,351.75
2026-07-14,348.1499938964844,353.95001220703125,347.5,348.5,8579646,348.1499938964844
2026-07-15,344.3500061035156,348.45001220703125,343.04998779296875,347.5,11352533,344.3500061035156
2026-07-16,342.45001220703125,346.04998779296875,342.1000061035156,344.20001220703125,10347549,342.45001220703125
2026-07-17,341.8500061035156,343.8999938964844,340.25,342.5,7611837,341.8500061035156
2026-07-20,347.25,349.29998779296875,341.1000061035156,343.0,14463484,347.25
2026-07-21,348.54998779296875,349.1499938964844,344.1499938964844,347.20001220703125,8575793,348.54998779296875
2026-07-23,348.1499938964844,349.79998779296875,347.1000061035156,348.54998779296875,1635265,348.1499938964844
2026-07-24,347.20001220703125,350.0,345.1000061035156,347.95001220703125,6300466,347.20001220703125
2026-07-27,350.79998779296875,353.0,347.79998779296875,353.0,12350753,350.79998779296875
2026-07-28,342.79998779296875,350.0,342.1000061035156,349.95001220703125,9401299,342.79998779296875
2026-07-29,343.5,345.3500061035156,341.1499938964844,343.70001220703125,8471125,343.5
2026-07-30,344.8500061035156,347.6499938964844,341.8500061035156,343.5,9943764,344.8500061035156
2026-07-31,347.25,348.25,343.54998779296875,344.1000061035156,8519119,347.25
2026-08-03,350.8999938964844,350.8999938964844,345.29998779296875,347.25,5460220,350.8999938964844
2026-08-04,343.6499938964844,348.95001220703125,341.6000061035156,348.0,7201524,343.6499938964844
2026-08-05,349.8999938964844,349.8999938964844,342.75,343.45001220703125,16746435,349.8999938964844
2026-08-06,345.0,349.25,343.1000061035156,347.5,10079779,345.0
2026-08-07,342.5,347.0,342.5,345.0,7012048,342.5
2026-08-10,340.45001220703125,343.70001220703125,337.1499938964844,342.5,8818488,340.45001220703125
2026-08-11,338.45001220703125,340.3999938964844,336.04998779296875,339.6000061035156,10043994,338.45001220703125
2026-08-12,339.45001220703125,341.3500061035156,335.3500061035156,338.45001220703125,10152704,339.45001220703125
2026-08-13,344.25,344.25,338.0,338.04998779296875,9672695,344.25
2026-08-14,340.0,343.6499938964844,337.5,343.6499938964844,7507624,340.0
